"시도코드","시도명","번호","업소명","주소","전화번호","취급품목","addr_road","addr_jibun","zip_code","sgg_name","longitude","latitude","address_type","geo_grade","geo_query","geo_attempt"
"11","서울특별시","253","(A+)늘찬 복지용구","서울특별시 송파구 백제고분로42길 32, 2층 (송파동, 보승빌딩)","02-409-4635","전동휠체어(가군, 나군) | 의료용 스쿠터 | 욕창예방방석 | 욕창예방매트리스 | 이동식전동리프트 | 수동휠체어","서울 송파구 백제고분로42길 32","서울 송파구 송파동 93-5","05668","송파구","127.111233781641","37.5041025860155","ROAD_ADDR","A","서울특별시 송파구 백제고분로42길 32, 2층 (송파동, 보승빌딩)","1"
"11","서울특별시","252","(A+)서울시니어스 원스톱 실버케어","서울특별시 강동구 천중로52길 3 (길동)","02-488-4632","전동휠체어(가군, 나군) | 의료용 스쿠터 | 욕창예방방석 | 욕창예방매트리스 | 이동식전동리프트 | 전방보행차 | 후방보행차 | 수동휠체어","서울 강동구 천중로52길 3","서울 강동구 길동 351-8","05344","강동구","127.144170377611","37.5405270159198","ROAD_ADDR","A","서울특별시 강동구 천중로52길 3 (길동)","1"
"11","서울특별시","251","(Hi)하이케어서비스","서울특별시 강서구 화곡로21길 71, 117호 (화곡동, 스위트드림아파트)","070-7696-6899","전동휠체어(가군, 나군) | 의료용 스쿠터 | 수동휠체어","서울 강서구 화곡로21길 71","서울 강서구 화곡동 1168","07708","강서구","126.836168602837","37.5439708514164","ROAD_ADDR","A","서울특별시 강서구 화곡로21길 71, 117호 (화곡동, 스위트드림아파트)","1"
"11","서울특별시","250","(주)대세 엠. 케어 서울영업소","서울시 송파구 방이1동(방이동) 227-12 대세 엠.케어 빌딩","02-2203-2333","전동휠체어(가군, 나군) | 의료용 스쿠터","서울 송파구 오금로 229","서울 송파구 방이동 227-12","05644","송파구","127.119195109818","37.5070606584398","REGION_ADDR","A","서울시 송파구 방이1동(방이동) 227-12 대세 엠.케어 빌딩","1"
"11","서울특별시","249","(주)동방(지점)","서울특별시 구로구 디지털로30길 31, 901호 (구로동, 코오롱디지털타워빌란트Ⅱ)","02-869-8582","전동휠체어(가군, 나군)","서울 구로구 디지털로30길 31","서울 구로구 구로동 222-8","08390","구로구","126.896489758162","37.4828775627581","ROAD_ADDR","A","서울특별시 구로구 디지털로30길 31, 901호 (구로동, 코오롱디지털타워빌란트Ⅱ)","1"
"11","서울특별시","248","(주)레이케어","서울특별시 용산구 한강대로 205 , D동 701호 (한강로1가, 용산파크자이)","02-325-8058","전동휠체어(가군, 나군) | 의료용 스쿠터 | 욕창예방방석 | 욕창예방매트리스 | 이동식전동리프트 | 전방보행차 | 후방보행차 | 수동휠체어","서울 용산구 한강대로 205","서울 용산구 한강로1가 50-1","04322","용산구","126.972808655459","37.5366835309492","ROAD_ADDR","A","서울특별시 용산구 한강대로 205 , D동 701호 (한강로1가, 용산파크자이)","1"
"11","서울특별시","247","(주)리베라빗","서울특별시 서대문구 수색로 43 , 203호 (남가좌동, 사회적경제마을센터)","02-3152-0416","전동휠체어(가군, 나군) | 의료용 스쿠터 | 욕창예방방석 | 수동휠체어","서울 서대문구 수색로 43","서울 서대문구 남가좌동 296-13","03715","서대문구","126.913435047526","37.5697439855335","ROAD_ADDR","A","서울특별시 서대문구 수색로 43 , 203호 (남가좌동, 사회적경제마을센터)","1"
"11","서울특별시","246","(주)비제이메디칼디바이스","서울특별시 양천구 안양천로 1071 (목동, 이화여대목동병원)","02-2650-2786","전동휠체어(가군, 나군) | 의료용 스쿠터 | 욕창예방방석 | 욕창예방매트리스 | 수동휠체어","서울 양천구 안양천로 1071","서울 양천구 목동 911-1","07985","양천구","126.886743916495","37.5369818505985","ROAD_ADDR","A","서울특별시 양천구 안양천로 1071 (목동, 이화여대목동병원)","1"
"11","서울특별시","245","(주)아이벡스메디칼시스템즈 강남지점","서울특별시 강남구 봉은사로 203, 5층 (논현동, 명진빌딩)","02-557-5897","전동휠체어(가군, 나군) | 의료용 스쿠터 | 욕창예방방석 | 욕창예방매트리스 | 이동식전동리프트","서울 강남구 봉은사로 203","서울 강남구 논현동 234-27","06109","강남구","127.034239582576","37.5076856291152","ROAD_ADDR","A","서울특별시 강남구 봉은사로 203, 5층 (논현동, 명진빌딩)","1"
"11","서울특별시","244","(주)애니메디","서울특별시 영등포구 당산로38길 5, 지층 (당산동4가, 해승빌딩)","02-2678-9993","전동휠체어(가군, 나군) | 의료용 스쿠터 | 보청기 | 욕창예방방석 | 욕창예방매트리스 | 이동식전동리프트 | 전방보행차 | 후방보행차 | 수동휠체어","서울 영등포구 당산로38길 5","서울 영등포구 당산동4가 32-35","07220","영등포구","126.899014622465","37.5291130092834","ROAD_ADDR","A","서울특별시 영등포구 당산로38길 5, 지층 (당산동4가, 해승빌딩)","1"
"11","서울특별시","243","(주)액티피아","서울특별시 금천구 디지털로9길 56, 9층 6호 (가산동, 코오롱테크노밸리)","00-1588-3037","전동휠체어(가군, 나군) | 의료용 스쿠터 | 욕창예방방석 | 욕창예방매트리스 | 이동식전동리프트 | 전방보행차 | 후방보행차 | 수동휠체어","서울 금천구 디지털로9길 56","서울 금천구 가산동 60-4","08512","금천구","126.88687232926","37.4804025953884","ROAD_ADDR","A","서울특별시 금천구 디지털로9길 56, 9층 6호 (가산동, 코오롱테크노밸리)","1"
"11","서울특별시","242","(주)에스엘메디케어","서울특별시 동작구 사당로 169, 6층 (사당동, 에스엘빌딩)","02-1566-6052","전동휠체어(가군, 나군) | 의료용 스쿠터 | 욕창예방방석 | 욕창예방매트리스 | 이동식전동리프트 | 전방보행차 | 후방보행차 | 수동휠체어","서울 동작구 사당로 169","서울 동작구 사당동 218","07003","동작구","126.96813750625","37.4868289846514","ROAD_ADDR","A","서울특별시 동작구 사당로 169, 6층 (사당동, 에스엘빌딩)","1"
"11","서울특별시","241","(주)엠코리아","서울특별시 성동구 왕십리로 58, 102,117호 (성수동1가, FORHU)","02-1599-9363","전동휠체어(가군, 나군) | 의료용 스쿠터 | 자세보조용구 | 욕창예방방석 | 욕창예방매트리스 | 이동식전동리프트 | 전방보행차 | 후방보행차 | 수동휠체어","서울 성동구 왕십리로 58","서울 성동구 성수동1가 656-3","04778","성동구","127.045205280472","37.5426958782317","ROAD_ADDR","A","서울특별시 성동구 왕십리로 58","2"
"11","서울특별시","240","(주)예담케어","서울특별시 중랑구 상봉중앙로 44-1, 1층 (상봉동, REWIND 빌딩)","02-438-0126","전동휠체어(가군, 나군) | 의료용 스쿠터 | 욕창예방방석 | 욕창예방매트리스 | 수동휠체어","서울 중랑구 상봉중앙로 44-1","서울 중랑구 상봉동 251","02082","중랑구","127.087613180377","37.6011758771161","ROAD_ADDR","A","서울특별시 중랑구 상봉중앙로 44-1, 1층 (상봉동, REWIND 빌딩)","1"
"11","서울특별시","239","(주)오소피아","서울특별시 영등포구 양평동2가(양평제1동)","02-716-0455","의지·보조기(교정형신발 등) | 전동휠체어(가군, 나군) | 의료용 스쿠터 | 자세보조용구 | 욕창예방방석 | 욕창예방매트리스 | 수동휠체어","","","","","","","","NONE","","2"
"11","서울특별시","238","(주)오소피아","서울특별시 은평구 수색로(수색동) 275 1층","02-716-0455","의지·보조기(교정형신발 등) | 전동휠체어(가군, 나군) | 의료용 스쿠터 | 자세보조용구 | 욕창예방방석 | 욕창예방매트리스 | 수동휠체어","서울 은평구 수색로 275","서울 은평구 수색동 370-5","03503","은평구","126.893706097133","37.5827888609341","ROAD_ADDR","A","서울특별시 은평구 수색로(수색동) 275 1층","1"
"11","서울특별시","237","(주)오토복코리아 헬스케어","서울특별시 성동구 아차산로17길 49 617-624호 (성수동2가, 생각공장데시앙플렉스)","02-577-3831","의지·보조기(교정형신발 등) | 전동휠체어(가군, 나군) | 자세보조용구 | 욕창예방방석 | 욕창예방매트리스 | 수동휠체어","","","","","","","","NONE","","3"
"11","서울특별시","236","(주)오토복코리아헬스케어","서울특별시 광진구 광나루로 369 1층 129호 (군자동, 광진두산위브파크)","02-6206-7757","의지·보조기(교정형신발 등) | 전동휠체어(가군, 나군) | 자세보조용구 | 욕창예방방석 | 욕창예방매트리스 | 수동휠체어","서울 광진구 광나루로 369","서울 광진구 군자동 503","05005","광진구","127.071049482737","37.5484610827889","ROAD_ADDR","A","서울특별시 광진구 광나루로 369 1층 129호 (군자동, 광진두산위브파크)","1"
"11","서울특별시","235","(주)우리모두행복한세상","서울특별시 양천구 은행정로2길 2, 101호 (신정동, 행복한 세상)","02-2646-3893","전동휠체어(가군, 나군) | 의료용 스쿠터","서울 양천구 은행정로2길 2","서울 양천구 신정동 1021-3","08087","양천구","126.860283695806","37.5203855420357","ROAD_ADDR","A","서울특별시 양천구 은행정로2길 2, 101호 (신정동, 행복한 세상)","1"
"11","서울특별시","234","(주)원남메디칼","서울특별시 금천구 벚꽃로12길 15, 102호 (독산동, 지산아이티벤처센터)","02-3674-5000","의지·보조기(교정형신발 등) | 전동휠체어(가군, 나군) | 의료용 스쿠터 | 전방보행차 | 수동휠체어","서울 금천구 벚꽃로12길 15","서울 금천구 독산동 1004-9","08601","금천구","126.891004338561","37.4649070371337","ROAD_ADDR","A","서울특별시 금천구 벚꽃로12길 15, 102호 (독산동, 지산아이티벤처센터)","1"
"11","서울특별시","233","(주)유진메디케어","서울시 성동구 성수2가제3동(성수동2가) 275-28 201호","02-2236-2306","전동휠체어(가군, 나군) | 의료용 스쿠터","서울 성동구 연무장17길 10","서울 성동구 성수동2가 275-28","04787","성동구","127.061515125788","37.5416479438566","REGION_ADDR","A","서울시 성동구 성수2가제3동(성수동2가) 275-28 201호","1"
"11","서울특별시","232","(주)유진헬스케어","서울특별시 성동구 아차산로15길 34, 2층 구관호 (성수동2가, 오복빌딩)","02-2236-6966","의지·보조기(교정형신발 등) | 전동휠체어(가군, 나군) | 의료용 스쿠터 | 자세보조용구 | 욕창예방방석 | 욕창예방매트리스 | 이동식전동리프트 | 전방보행차 | 후방보행차 | 수동휠체어","서울 성동구 아차산로15길 34","서울 성동구 성수동2가 279-23","04799","성동구","127.063616305364","37.5457032195555","ROAD_ADDR","A","서울특별시 성동구 아차산로15길 34, 2층 구관호 (성수동2가, 오복빌딩)","1"
"11","서울특별시","231","(주)이원건강의료기","서울특별시 종로구 경교장길 35, 상가동 1층 3143호 (평동, 경희궁자이 3단지)","02-3673-2121","전동휠체어(가군, 나군) | 의료용 스쿠터 | 보청기","서울 종로구 경교장길 35","서울 종로구 평동 233","03180","종로구","126.965114852628","37.5688537151032","ROAD_ADDR","A","서울특별시 종로구 경교장길 35, 상가동 1층 3143호 (평동, 경희궁자이 3단지)","1"
"11","서울특별시","230","(주)조아실버케어","서울특별시 성동구 왕십리로 241 , 201동 상가층 비201호 (행당동, 서울숲 더샵)","02-585-8137","전동휠체어(가군, 나군) | 의료용 스쿠터 | 보청기 | 욕창예방방석 | 욕창예방매트리스 | 전방보행차 | 수동휠체어","서울 성동구 왕십리로 241","서울 성동구 행당동 377","04765","성동구","127.040104919932","37.5571686563914","ROAD_ADDR","A","서울특별시 성동구 왕십리로 241 , 201동 상가층 비201호 (행당동, 서울숲 더샵)","1"
"11","서울특별시","229","(주)케어로알엔디","서울특별시 중랑구 겸재로23길 16, 1층 (면목동)","070-7438-0920","전동휠체어(가군, 나군) | 의료용 스쿠터 | 수동휠체어","서울 중랑구 겸재로23길 16","서울 중랑구 면목동 140-20","02147","중랑구","127.081604313017","37.587808030294","ROAD_ADDR","A","서울특별시 중랑구 겸재로23길 16, 1층 (면목동)","1"
"11","서울특별시","228","(주)케이디텍","서울특별시 영등포구 영등포로5길 19 , 901~903호 (양평동2가, 동아프라임밸리)","","전동휠체어(가군, 나군) | 의료용 스쿠터 | 욕창예방방석 | 욕창예방매트리스 | 이동식전동리프트 | 전방보행차 | 후방보행차","서울 영등포구 영등포로5길 19","서울 영등포구 양평동2가 37-1","07275","영등포구","126.884222107312","37.5241158142187","ROAD_ADDR","A","서울특별시 영등포구 영등포로5길 19","2"
"11","서울특별시","227","(주)태양메디텍","서울시 서대문구 천연동(천연동) 48-5","02-363-9462","전동휠체어(가군, 나군) | 의료용 스쿠터 | 보청기 | 욕창예방방석 | 욕창예방매트리스 | 이동식전동리프트 | 전방보행차 | 수동휠체어","서울 서대문구 통일로 173-58","서울 서대문구 천연동 48-5","03734","서대문구","126.96191059834","37.5687926283862","REGION_ADDR","A","서울시 서대문구 천연동(천연동) 48-5","1"
"11","서울특별시","226","(주)통일의료기","서울특별시 종로구 종로 275, 1,2층 (종로6가)","02-741-1461","전동휠체어(가군, 나군) | 의료용 스쿠터 | 보청기 | 욕창예방방석 | 욕창예방매트리스 | 이동식전동리프트 | 전방보행차 | 후방보행차 | 수동휠체어","서울 종로구 종로 275-1","서울 종로구 종로6가 82-1","03124","종로구","127.008408208664","37.5715071358592","ROAD_ADDR","A","서울특별시 종로구 종로 275, 1,2층 (종로6가)","1"
"11","서울특별시","225","(주)해피로드","서울특별시 용산구 백범로90라길 28, 111호 (문배동, 삼라마이다스빌아파트)","","전동휠체어(가군, 나군) | 의료용 스쿠터 | 자세보조용구 | 욕창예방방석 | 욕창예방매트리스 | 이동식전동리프트 | 전방보행차 | 후방보행차 | 수동휠체어","서울 용산구 백범로90라길 28","서울 용산구 문배동 40-19","04315","용산구","126.969182086213","37.5384448167114","ROAD_ADDR","A","서울특별시 용산구 백범로90라길 28, 111호 (문배동, 삼라마이다스빌아파트)","1"
"11","서울특별시","224","(주)휠로피아","서울특별시 강서구 개화동로5길 3-26 (개화동)","02-2607-8655","전동휠체어(가군, 나군) | 의료용 스쿠터 | 욕창예방방석 | 욕창예방매트리스 | 이동식전동리프트 | 전방보행차 | 후방보행차 | 수동휠체어","서울 강서구 개화동로5길 3-26","서울 강서구 개화동 423-22","07503","강서구","126.798816682938","37.5820909848215","ROAD_ADDR","A","서울특별시 강서구 개화동로5길 3-26 (개화동)","1"
"11","서울특별시","223","(주)휠로피아","서울특별시 강서구 개화동로5길 3-26 (개화동)","02-2607-8655","의지·보조기(교정형신발 등) | 전동휠체어(가군, 나군) | 의료용 스쿠터 | 후방보행차 | 수동휠체어","서울 강서구 개화동로5길 3-26","서울 강서구 개화동 423-22","07503","강서구","126.798816682938","37.5820909848215","ROAD_ADDR","A","서울특별시 강서구 개화동로5길 3-26 (개화동)","1"
"11","서울특별시","222","100세건강의료기총판","서울특별시 광진구 영화사로 4 (중곡동)","02-446-2419","전동휠체어(가군, 나군) | 의료용 스쿠터 | 보청기 | 욕창예방방석 | 욕창예방매트리스 | 이동식전동리프트 | 전방보행차 | 후방보행차 | 수동휠체어","서울 광진구 영화사로 4","서울 광진구 중곡동 79-1","04949","광진구","127.088097328681","37.5584497675382","ROAD_ADDR","A","서울특별시 광진구 영화사로 4 (중곡동)","1"
"11","서울특별시","221","100세동안 사당점","서울특별시 동작구 남부순환로 2023 (사당동, 1층)","02-588-1007","전동휠체어(가군, 나군) | 의료용 스쿠터 | 욕창예방방석 | 욕창예방매트리스 | 이동식전동리프트 | 후방보행차 | 수동휠체어","서울 동작구 남부순환로 2023","서울 동작구 사당동 1049-10","07023","동작구","126.9734881761","37.4763181453401","ROAD_ADDR","A","서울특별시 동작구 남부순환로 2023 (사당동, 1층)","1"
"11","서울특별시","220","100세동안 서대문점","서울특별시 서대문구 홍연길 82, 2층 (연희동)","02-6326-2876","전동휠체어(가군, 나군) | 의료용 스쿠터 | 보청기 | 욕창예방방석 | 욕창예방매트리스","서울 서대문구 홍연길 82","서울 서대문구 연희동 715-4","03695","서대문구","126.931137787376","37.5765560769531","ROAD_ADDR","A","서울특별시 서대문구 홍연길 82, 2층 (연희동)","1"
"11","서울특별시","219","TS금강","서울특별시 금천구 시흥대로 399, 2층 206호 (독산동, 시티렉스)","02-867-8233","전동휠체어(가군, 나군) | 의료용 스쿠터 | 보청기","서울 금천구 시흥대로 399","서울 금천구 독산동 291-5","08584","금천구","126.897001948519","37.4693591753013","ROAD_ADDR","A","서울특별시 금천구 시흥대로 399, 2층 206호 (독산동, 시티렉스)","1"
"11","서울특별시","218","가나의료기","서울특별시 노원구 한글비석로24길 37, 1층 (상계동, 신천교회)","02-987-7753","전동휠체어(가군, 나군) | 의료용 스쿠터 | 욕창예방방석 | 욕창예방매트리스 | 수동휠체어","서울 노원구 한글비석로24길 37","서울 노원구 상계동 156-94","01668","노원구","127.072380754168","37.6624424225155","ROAD_ADDR","A","서울특별시 노원구 한글비석로24길 37, 1층 (상계동, 신천교회)","1"
"11","서울특별시","217","가정의료기","서울특별시 영등포구 신길로28길 9 힐스테이트상가, 상가동 지1층 210호 (신길동, 힐스테이트 클래시안)","02-831-5556","전동휠체어(가군, 나군) | 의료용 스쿠터 | 보청기 | 욕창예방방석 | 욕창예방매트리스 | 이동식전동리프트 | 수동휠체어","서울 영등포구 신길로28길 9","서울 영등포구 신길동 4969","07388","영등포구","126.910985829062","37.5033192540847","ROAD_ADDR","A","서울특별시 영등포구 신길로28길 9 힐스테이트상가, 상가동 지1층 210호 (신길동, 힐스테이트 클래시안)","1"
"11","서울특별시","216","감사의료기기","서울특별시 강서구 허준로 198, 306호 (가양동, 가양프라자)","02-2642-4727","전동휠체어(가군, 나군) | 의료용 스쿠터 | 전방보행차 | 수동휠체어","서울 강서구 허준로 198","서울 강서구 가양동 1488","07532","강서구","126.860254088709","37.5612915907155","ROAD_ADDR","A","서울특별시 강서구 허준로 198, 306호 (가양동, 가양프라자)","1"
"11","서울특별시","215","강남실버케어복지센터","서울특별시 강남구 개포로 650, 203호 (일원동, 은성빌딩)","02-445-4006","전동휠체어(가군, 나군) | 의료용 스쿠터 | 욕창예방방석 | 욕창예방매트리스 | 수동휠체어","서울 강남구 개포로 650","서울 강남구 일원동 624-6","06339","강남구","127.083878109472","37.4948413024122","ROAD_ADDR","A","서울특별시 강남구 개포로 650, 203호 (일원동, 은성빌딩)","1"
"11","서울특별시","214","강남의료기","서울특별시 동작구 신대방길 108, 1층 (신대방동, 대림속셈주산학원)","02-833-5230","전동휠체어(가군, 나군) | 의료용 스쿠터 | 욕창예방방석","서울 동작구 신대방길 108","서울 동작구 신대방동 591-13","07068","동작구","126.908514572791","37.4903627874582","ROAD_ADDR","A","서울특별시 동작구 신대방길 108, 1층 (신대방동, 대림속셈주산학원)","1"
"11","서울특별시","213","강남종합의료기","서울특별시 용산구 대사관로 60 (한남동)","02-797-5617","전동휠체어(가군, 나군) | 의료용 스쿠터 | 욕창예방방석 | 욕창예방매트리스 | 수동휠체어","서울 용산구 대사관로 60","서울 용산구 한남동 638-4","04402","용산구","127.004750401964","37.5332630332114","ROAD_ADDR","A","서울특별시 용산구 대사관로 60 (한남동)","1"
"11","서울특별시","212","강동효성노인복지센터복지용구","서울특별시 강동구 상암로 116 (천호동)","02-472-9986","전동휠체어(가군, 나군) | 의료용 스쿠터 | 욕창예방방석 | 욕창예방매트리스 | 이동식전동리프트 | 전방보행차 | 후방보행차 | 수동휠체어","서울 강동구 상암로 116","서울 강동구 천호동 224-4","05310","강동구","127.135426439934","37.5466630780488","ROAD_ADDR","A","서울특별시 강동구 상암로 116 (천호동)","1"
"11","서울특별시","211","강원전자주식회사","서울특별시 용산구 원효로 153, 3층 301호 (원효로3가, 원효빌딩)","02-702-0599","전동휠체어(가군, 나군) | 의료용 스쿠터 | 욕창예방방석 | 욕창예방매트리스 | 수동휠체어","서울 용산구 원효로 153","서울 용산구 원효로3가 46-1","04363","용산구","126.959927790082","37.5349677812745","ROAD_ADDR","A","서울특별시 용산구 원효로 153, 3층 301호 (원효로3가, 원효빌딩)","1"
"11","서울특별시","210","건국대학교병원","서울특별시 광진구 능동로 120-1 (화양동)","02-1588-1533","전동휠체어(가군, 나군) | 의료용 스쿠터 | 보청기","서울 광진구 능동로 120-1","서울 광진구 화양동 4-12","05030","광진구","127.07205578747","37.5412356316656","ROAD_ADDR","A","서울특별시 광진구 능동로 120-1 (화양동)","1"
"11","서울특별시","209","건국의료기","서울특별시 광진구 능동로9길 23 (자양동, 1층)","02-462-2025","전동휠체어(가군, 나군) | 의료용 스쿠터 | 보청기 | 욕창예방방석 | 욕창예방매트리스 | 수동휠체어","서울 광진구 능동로9길 23","서울 광진구 자양동 547-38","05075","광진구","127.068089736236","37.537664889691","ROAD_ADDR","A","서울특별시 광진구 능동로9길 23 (자양동, 1층)","1"
"11","서울특별시","208","경동복지상사","서울특별시 동대문구 왕산로32길 74, 5호 (용두동)","02-964-1015","전동휠체어(가군, 나군) | 의료용 스쿠터 | 보청기 | 욕창예방방석 | 욕창예방매트리스 | 이동식전동리프트 | 전방보행차 | 후방보행차 | 수동휠체어","서울 동대문구 왕산로32길 74","서울 동대문구 용두동 39-25","02560","동대문구","127.040541140123","37.5762483562294","ROAD_ADDR","A","서울특별시 동대문구 왕산로32길 74, 5호 (용두동)","1"
"11","서울특별시","207","경동의료기상사 용두점","서울특별시 동대문구 왕산로 138-1, 1층 (용두동)","02-962-1015","전동휠체어(가군, 나군) | 의료용 스쿠터 | 욕창예방방석 | 욕창예방매트리스 | 전방보행차 | 후방보행차 | 수동휠체어","서울 동대문구 왕산로 138-1","서울 동대문구 용두동 24-1","02560","동대문구","127.038831294677","37.5779928054682","ROAD_ADDR","A","서울특별시 동대문구 왕산로 138-1, 1층 (용두동)","1"
"11","서울특별시","206","경일의료과학상사","서울특별시 종로구 종로 138-0 (종로3가)","02-2276-0047","전동휠체어(가군, 나군) | 의료용 스쿠터 | 보청기 | 욕창예방방석 | 욕창예방매트리스 | 이동식전동리프트 | 전방보행차 | 후방보행차 | 수동휠체어","서울 종로구 종로 138","서울 종로구 종로3가 144-1","03193","종로구","126.992855314825","37.570204289806","ROAD_ADDR","A","서울특별시 종로구 종로 138-0 (종로3가)","1"
"11","서울특별시","205","경일의료기","서울특별시 종로구 종로 140, 101호 (종로3가)","02-2273-0089","전동휠체어(가군, 나군) | 의료용 스쿠터 | 보청기 | 욕창예방방석 | 욕창예방매트리스 | 이동식전동리프트 | 전방보행차 | 후방보행차 | 수동휠체어","서울 종로구 종로 140","서울 종로구 종로3가 147","03193","종로구","126.99310333043","37.5701624082695","ROAD_ADDR","A","서울특별시 종로구 종로 140, 101호 (종로3가)","1"
"11","서울특별시","204","경희종로의료기상사","서울특별시 강동구 동남로 891, 101호 (명일동, 현대델리안오피스텔)","02-426-7579","전동휠체어(가군, 나군) | 의료용 스쿠터 | 욕창예방방석 | 욕창예방매트리스 | 수동휠체어","서울 강동구 동남로 891","서울 강동구 명일동 47-18","05269","강동구","127.155947723578","37.5533185664951","ROAD_ADDR","A","서울특별시 강동구 동남로 891, 101호 (명일동, 현대델리안오피스텔)","1"
"11","서울특별시","203","고대의료기","서울특별시 구로구 구로동로 153, 1층 (구로동)","02-857-5559","전동휠체어(가군, 나군) | 의료용 스쿠터 | 보청기 | 욕창예방방석 | 욕창예방매트리스 | 이동식전동리프트 | 전방보행차 | 후방보행차 | 수동휠체어","서울 구로구 구로동로 153","서울 구로구 구로동 413-34","08309","구로구","126.883433466627","37.4923558955247","ROAD_ADDR","A","서울특별시 구로구 구로동로 153, 1층 (구로동)","1"
"11","서울특별시","202","고려의료기","서울특별시 노원구 동일로 1350, 102호 (상계동, 삼양빌딩)","02-935-8800","전동휠체어(가군, 나군) | 의료용 스쿠터 | 보청기 | 욕창예방방석 | 욕창예방매트리스 | 이동식전동리프트 | 전방보행차 | 후방보행차 | 수동휠체어","서울 노원구 동일로 1350","서울 노원구 상계동 749-8","01756","노원구","127.062399341832","37.6492335099837","ROAD_ADDR","A","서울특별시 노원구 동일로 1350, 102호 (상계동, 삼양빌딩)","1"
"11","서울특별시","201","고프리","서울특별시 양천구 남부순환로 597, 1층 (신월동)","02-2699-5949","전동휠체어(가군, 나군) | 의료용 스쿠터 | 수동휠체어","서울 양천구 남부순환로 597","서울 양천구 신월동 558-6","08065","양천구","126.840400947229","37.5156286440604","ROAD_ADDR","A","서울특별시 양천구 남부순환로 597, 1층 (신월동)","1"
"11","서울특별시","200","관악대성휠체어의료기","서울특별시 관악구 관악로 224 (봉천동)","02-887-9353","전동휠체어(가군, 나군) | 의료용 스쿠터 | 전방보행차 | 수동휠체어","서울 관악구 관악로 224","서울 관악구 봉천동 34-40","08737","관악구","126.955643522109","37.4845375649692","ROAD_ADDR","A","서울특별시 관악구 관악로 224 (봉천동)","1"
"11","서울특별시","199","국민건강지원센터","서울특별시 양천구 등촌로 82, 202호 (목동)","010-2726-7472","전동휠체어(가군, 나군) | 의료용 스쿠터 | 보청기 | 욕창예방방석 | 욕창예방매트리스 | 이동식전동리프트 | 전방보행차 | 수동휠체어","서울 양천구 등촌로 82","서울 양천구 목동 730-4","07959","양천구","126.86377452933","37.537401060163","ROAD_ADDR","A","서울특별시 양천구 등촌로 82, 202호 (목동)","1"
"11","서울특별시","198","국민의지","서울특별시 성동구 왕십리로 58, 11층 1108호 (성수동1가, FORHU)","02-309-0170","의지·보조기(교정형신발 등) | 전동휠체어(가군, 나군) | 의료용 스쿠터 | 보청기 | 욕창예방방석 | 욕창예방매트리스 | 전방보행차 | 수동휠체어","서울 성동구 왕십리로 58","서울 성동구 성수동1가 656-3","04778","성동구","127.045205280472","37.5426958782317","ROAD_ADDR","A","서울특별시 성동구 왕십리로 58, 11층 1108호 (성수동1가, FORHU)","1"
"11","서울특별시","197","국민의지","서울특별시 성동구 왕십리로11길 7, 지하층 (성수동1가)","02-309-0170","의지·보조기(교정형신발 등) | 전동휠체어(가군, 나군) | 의료용 스쿠터 | 보청기 | 욕창예방방석 | 욕창예방매트리스 | 전방보행차 | 수동휠체어","서울 성동구 왕십리로11길 7","서울 성동구 성수동1가 685-208","04766","성동구","127.043389364604","37.548519716506","ROAD_ADDR","A","서울특별시 성동구 왕십리로11길 7, 지하층 (성수동1가)","1"
"11","서울특별시","196","국제의료기","서울특별시 종로구 창경궁로 158 (원남동)","02-742-8979","전동휠체어(가군, 나군) | 의료용 스쿠터 | 욕창예방방석 | 욕창예방매트리스 | 전방보행차 | 후방보행차 | 수동휠체어","서울 종로구 창경궁로 158","서울 종로구 원남동 118-1","03081","종로구","126.997570843872","37.5764587371697","ROAD_ADDR","A","서울특별시 종로구 창경궁로 158 (원남동)","1"
"11","서울특별시","195","국희헬스케어","서울특별시 동대문구 서울시립대로 66, 2층 (전농동)","070-4300-8275","전동휠체어(가군, 나군) | 의료용 스쿠터 | 욕창예방방석 | 욕창예방매트리스 | 전방보행차 | 후방보행차 | 수동휠체어","서울 동대문구 서울시립대로 66","서울 동대문구 전농동 500-13","02551","동대문구","127.048430656613","37.5768436433869","ROAD_ADDR","A","서울특별시 동대문구 서울시립대로 66, 2층 (전농동)","1"
"11","서울특별시","194","군자메디칼","서울특별시 광진구 긴고랑로26길 7-2, 101호 (중곡동)","070-4384-7855","전동휠체어(가군, 나군) | 의료용 스쿠터 | 욕창예방방석 | 욕창예방매트리스 | 이동식전동리프트 | 전방보행차 | 수동휠체어","서울 광진구 긴고랑로26길 7-2","서울 광진구 중곡동 150-226","04922","광진구","127.085425133248","37.559978109852","ROAD_ADDR","A","서울특별시 광진구 긴고랑로26길 7-2, 101호 (중곡동)","1"
"11","서울특별시","193","굿모닝보청기","서울시 동작구 사당제1동(사당동) 1007-1 2층","02-598-4200","전동휠체어(가군, 나군) | 의료용 스쿠터 | 보청기","서울 동작구 동작대로23길 13","서울 동작구 사당동 1007-1","07013","동작구","126.981098349061","37.4841548733342","REGION_ADDR","A","서울시 동작구 사당제1동(사당동) 1007-1 2층","1"
"11","서울특별시","192","그린메디칼","서울특별시 은평구 갈현로 81, 501호 (역촌동, 그린빌딩)","02-354-6966","전동휠체어(가군, 나군) | 의료용 스쿠터 | 욕창예방방석 | 욕창예방매트리스 | 수동휠체어","서울 은평구 갈현로 81","서울 은평구 역촌동 54-8","03431","은평구","126.910304423213","37.6053085057319","ROAD_ADDR","A","서울특별시 은평구 갈현로 81, 501호 (역촌동, 그린빌딩)","1"
"11","서울특별시","191","금강기건메디컬","서울특별시 구로구 경인로20가길 5, 901동 9층 345호 (오류동, 하늘쉼빌딩)","02-2066-2036","전동휠체어(가군, 나군) | 의료용 스쿠터 | 욕창예방방석 | 욕창예방매트리스 | 전방보행차 | 후방보행차 | 수동휠체어","서울 구로구 경인로20가길 5","서울 구로구 오류동 54-5","08271","구로구","126.844131191934","37.4954461712563","ROAD_ADDR","A","서울특별시 구로구 경인로20가길 5, 901동 9층 345호 (오류동, 하늘쉼빌딩)","1"
"11","서울특별시","190","금강오픈케어","서울특별시 노원구 덕릉로 863, 1층 103호 (상계동, 동아태권도)","02-955-7650","전동휠체어(가군, 나군) | 의료용 스쿠터 | 욕창예방방석 | 욕창예방매트리스 | 이동식전동리프트 | 전방보행차 | 후방보행차 | 수동휠체어","서울 노원구 덕릉로 863","서울 노원구 상계동 1369-5","01633","노원구","127.083562585782","37.6731859774157","ROAD_ADDR","A","서울특별시 노원구 덕릉로 863, 1층 103호 (상계동, 동아태권도)","1"
"11","서울특별시","189","꿈에그린재가노인복지센터","서울특별시 강서구 양천로26길 18, 2층 (방화동, 정곡빌딩)","02-6735-1123","전동휠체어(가군, 나군) | 의료용 스쿠터 | 수동휠체어","서울 강서구 양천로26길 18","서울 강서구 마곡동 1282","07592","강서구","126.817935470228","37.5727585403151","ROAD_ADDR","A","서울특별시 강서구 양천로26길 18, 2층 (방화동, 정곡빌딩)","1"
"11","서울특별시","188","노바의료기","서울특별시 영등포구 버드나루로 50, 101호 (영등포동2가, 리버타워오피스텔)","02-2638-0005","전동휠체어(가군, 나군) | 의료용 스쿠터 | 욕창예방방석 | 욕창예방매트리스 | 이동식전동리프트 | 수동휠체어","서울 영등포구 버드나루로 50","서울 영등포구 영등포동2가 94-119","07248","영등포구","126.911136567367","37.5231765907002","ROAD_ADDR","A","서울특별시 영등포구 버드나루로 50, 101호 (영등포동2가, 리버타워오피스텔)","1"
"11","서울특별시","187","노바의료기","서울특별시 동작구 흑석로 102, 지하1층 11호 (흑석동, 중앙대학교병원)","02-825-2041","전동휠체어(가군, 나군) | 의료용 스쿠터 | 욕창예방매트리스 | 수동휠체어","서울 동작구 흑석로 102","서울 동작구 흑석동 224-1","06973","동작구","126.960421779226","37.506038005044","ROAD_ADDR","A","서울특별시 동작구 흑석로 102, 지하1층 11호 (흑석동, 중앙대학교병원)","1"
"11","서울특별시","186","노원십자의료기상사","서울특별시 노원구 공릉로59길 28, 지층 8호 (하계동, 미성아파트)","02-971-2110","전동휠체어(가군, 나군) | 의료용 스쿠터 | 보청기 | 욕창예방방석 | 욕창예방매트리스 | 이동식전동리프트 | 전방보행차 | 후방보행차 | 수동휠체어","서울 노원구 공릉로59길 28","서울 노원구 하계동 280","01829","노원구","127.06966018842","37.6342325628683","ROAD_ADDR","A","서울특별시 노원구 공릉로59길 28, 지층 8호 (하계동, 미성아파트)","1"
"11","서울특별시","185","누리케어","서울특별시 중랑구 용마산로116길 6, 311호 (망우동, 아름빌딩)","02-948-1893","전동휠체어(가군, 나군) | 의료용 스쿠터 | 수동휠체어","서울 중랑구 용마산로116길 6","서울 중랑구 망우동 364-50","02176","중랑구","127.10089597197","37.599168043817","ROAD_ADDR","A","서울특별시 중랑구 용마산로116길 6, 311호 (망우동, 아름빌딩)","1"
"11","서울특별시","184","뉴코리아케어","서울특별시 강서구 공항대로41길 66, B1층 103호 (등촌동, 세신등촌종합상가)","010-4184-8323","전동휠체어(가군, 나군) | 의료용 스쿠터 | 욕창예방방석 | 수동휠체어","서울 강서구 공항대로41길 66","서울 강서구 등촌동 698-1","07587","강서구","126.846579308762","37.5606317523438","ROAD_ADDR","A","서울특별시 강서구 공항대로41길 66, B1층 103호 (등촌동, 세신등촌종합상가)","1"
"11","서울특별시","183","늘푸른건강 의료기","서울특별시 광진구 구의로1길 30, 102호 (구의동)","02-444-8040","전동휠체어(가군, 나군) | 의료용 스쿠터 | 욕창예방방석 | 욕창예방매트리스 | 이동식전동리프트 | 전방보행차 | 후방보행차 | 수동휠체어","서울 광진구 구의로1길 30","서울 광진구 구의동 242-71","05042","광진구","127.086566794905","37.5390497010216","ROAD_ADDR","A","서울특별시 광진구 구의로1길 30, 102호 (구의동)","1"
"11","서울특별시","182","늘푸른실버케어센타","서울특별시 강동구 천호대로170길 37, 1층 (성내동, 유성빌딩)","02-471-0247","전동휠체어(가군, 나군) | 의료용 스쿠터 | 욕창예방방석 | 욕창예방매트리스 | 수동휠체어","서울 강동구 천호대로170길 37","서울 강동구 성내동 383-4","05381","강동구","127.132831481754","37.5336665871908","ROAD_ADDR","A","서울특별시 강동구 천호대로170길 37, 1층 (성내동, 유성빌딩)","1"
"11","서울특별시","181","다나헬스케어","서울특별시 강동구 천호대로 1041, 1층 (천호동)","010-8391-4576","전동휠체어(가군, 나군) | 의료용 스쿠터 | 욕창예방방석 | 욕창예방매트리스 | 이동식전동리프트 | 전방보행차","서울 강동구 천호대로 1041","서울 강동구 천호동 453","05335","강동구","127.127859723519","37.5378894757783","ROAD_ADDR","A","서울특별시 강동구 천호대로 1041, 1층 (천호동)","1"
"11","서울특별시","180","다온메디칼","서울특별시 광진구 능동로36길 83 (능동)","02-3426-1256","전동휠체어(가군, 나군) | 의료용 스쿠터 | 보청기","서울 광진구 능동로36길 83","서울 광진구 능동 237-14","04986","광진구","127.083498192776","37.5548638070163","ROAD_ADDR","A","서울특별시 광진구 능동로36길 83 (능동)","1"
"11","서울특별시","179","다온의료기","서울특별시 중랑구 봉우재로 53 (면목동)","02-493-2025","전동휠체어(가군, 나군) | 의료용 스쿠터 | 보청기 | 욕창예방방석 | 욕창예방매트리스 | 전방보행차 | 수동휠체어","서울 중랑구 봉우재로 53","서울 중랑구 면목동 183-43","02129","중랑구","127.079033244765","37.5911122766617","ROAD_ADDR","A","서울특별시 중랑구 봉우재로 53 (면목동)","1"
"11","서울특별시","178","대건재가복지센터","서울특별시 마포구 동교로9길 33 (망원동, 2층)","02-334-2771","전동휠체어(가군, 나군) | 의료용 스쿠터 | 욕창예방방석 | 욕창예방매트리스 | 이동식전동리프트 | 수동휠체어","서울 마포구 동교로9길 33","서울 마포구 망원동 379-25","04013","마포구","126.909789774459","37.5552406222699","ROAD_ADDR","A","서울특별시 마포구 동교로9길 33 (망원동, 2층)","1"
"11","서울특별시","177","대림보조기","서울특별시 용산구 한강대로 351-2 (동자동, 대림보조기,에스다)","02-715-4649","의지·보조기(교정형신발 등) | 전동휠체어(가군, 나군) | 의료용 스쿠터 | 보청기 | 수동휠체어","서울 용산구 한강대로 351-2","서울 용산구 동자동 43-146","04320","용산구","126.971549824193","37.5497332208845","ROAD_ADDR","A","서울특별시 용산구 한강대로 351-2 (동자동, 대림보조기,에스다)","1"
"11","서울특별시","176","대성의료기","서울특별시 동작구 사당로8길 22, 1층 (사당동)","02-534-9828","전동휠체어(가군, 나군) | 의료용 스쿠터 | 욕창예방방석 | 욕창예방매트리스 | 이동식전동리프트 | 수동휠체어","서울 동작구 사당로8길 22","서울 동작구 사당동 232-12","07009","동작구","126.968862092279","37.4842927493779","ROAD_ADDR","A","서울특별시 동작구 사당로8길 22, 1층 (사당동)","1"
"11","서울특별시","175","대양의료기","서울특별시 강동구 진황도로61길 25, 101호 103호 (둔촌동)","02-475-0284","전동휠체어(가군, 나군) | 의료용 스쿠터 | 보청기 | 욕창예방방석 | 욕창예방매트리스 | 전방보행차 | 수동휠체어","서울 강동구 진황도로61길 25","서울 강동구 둔촌동 94-8","05367","강동구","127.144671477452","37.5290242363151","ROAD_ADDR","A","서울특별시 강동구 진황도로61길 25, 101호 103호 (둔촌동)","1"
"11","서울특별시","174","대양의수족","서울특별시 강동구 진황도로 170 (둔촌동)","02-471-3893","의지·보조기(교정형신발 등) | 전동휠체어(가군, 나군) | 의료용 스쿠터 | 욕창예방방석 | 욕창예방매트리스 | 이동식전동리프트 | 전방보행차 | 후방보행차 | 수동휠체어","서울 강동구 진황도로 170","서울 강동구 둔촌동 77-3","05364","강동구","127.142124226861","37.5309040237906","ROAD_ADDR","A","서울특별시 강동구 진황도로 170 (둔촌동)","1"
"11","서울특별시","173","대한메디칼","서울특별시 성북구 돌곶이로14길 75-1, 1층 (석관동)","02-969-6122","전동휠체어(가군, 나군) | 의료용 스쿠터 | 욕창예방방석 | 욕창예방매트리스 | 이동식전동리프트 | 전방보행차 | 후방보행차 | 수동휠체어","서울 성북구 돌곶이로14길 75-1","서울 성북구 석관동 70-7","02784","성북구","127.063800769852","37.6091432885931","ROAD_ADDR","A","서울특별시 성북구 돌곶이로14길 75-1, 1층 (석관동)","1"
"11","서울특별시","172","대한의료기복지용구","서울특별시 강북구 도봉로81길 12 우측, 1층 (수유동)","02-998-1011","전동휠체어(가군, 나군) | 의료용 스쿠터 | 욕창예방방석 | 욕창예방매트리스 | 이동식전동리프트 | 전방보행차 | 수동휠체어","서울 강북구 도봉로81길 12","서울 강북구 수유동 45-21","01081","강북구","127.022395556452","37.6352362287828","ROAD_ADDR","A","서울특별시 강북구 도봉로81길 12 우측, 1층 (수유동)","1"
"11","서울특별시","171","대한의수족연구소","서울특별시 종로구 창경궁로 141-0 (원남동) 1층","02-763-1581","의지·보조기(교정형신발 등) | 전동휠체어(가군, 나군) | 의료용 스쿠터 | 수동휠체어","서울 종로구 창경궁로 141","서울 종로구 원남동 246","03136","종로구","126.997210111296","37.5750584935849","ROAD_ADDR","A","서울특별시 종로구 창경궁로 141-0 (원남동) 1층","1"
"11","서울특별시","170","더드림케어","서울특별시 도봉구 덕릉로60길 68-3, 1층 (창동)","02-999-9935","전동휠체어(가군, 나군) | 의료용 스쿠터 | 욕창예방방석 | 욕창예방매트리스 | 이동식전동리프트 | 전방보행차 | 후방보행차 | 수동휠체어","서울 도봉구 덕릉로60길 68-3","서울 도봉구 창동 455-9","01476","도봉구","127.040804996421","37.6371546313659","ROAD_ADDR","A","서울특별시 도봉구 덕릉로60길 68-3, 1층 (창동)","1"
"11","서울특별시","169","더미통상","서울특별시 중구 삼일대로 363, 7층 10호 (장교동, 장교빌딩)","02-2275-1478","전동휠체어(가군, 나군) | 의료용 스쿠터 | 보청기 | 욕창예방방석 | 욕창예방매트리스 | 이동식전동리프트 | 수동휠체어","서울 중구 삼일대로 363","서울 중구 장교동 1","04541","중구","126.987052299704","37.5671565387212","ROAD_ADDR","A","서울특별시 중구 삼일대로 363, 7층 10호 (장교동, 장교빌딩)","1"
"11","서울특별시","168","더케어","서울특별시 강북구 삼양로35길 19, 지층 (미아동)","010-5279-0062","전동휠체어(가군, 나군) | 의료용 스쿠터","서울 강북구 삼양로35길 19","서울 강북구 미아동 791-2288","01189","강북구","127.019603468871","37.6203282812831","ROAD_ADDR","A","서울특별시 강북구 삼양로35길 19, 지층 (미아동)","1"
"11","서울특별시","167","동남메디칼","서울특별시 종로구 종로 146-1 (종로3가)","02-2271-1431","전동휠체어(가군, 나군) | 의료용 스쿠터 | 보청기 | 수동휠체어","서울 종로구 종로 146-1","서울 종로구 종로3가 156-1","03193","종로구","126.993809438107","37.5702421854992","ROAD_ADDR","A","서울특별시 종로구 종로 146-1 (종로3가)","1"
"11","서울특별시","166","동문의료기","서울특별시 성동구 마조로 22-2 (행당동, 한대동문회관)","02-2297-9595","전동휠체어(가군, 나군) | 의료용 스쿠터 | 보청기 | 욕창예방방석 | 욕창예방매트리스 | 이동식전동리프트 | 수동휠체어","서울 성동구 마조로 22-2","서울 성동구 행당동 15-1","04763","성동구","127.04134626644","37.5594808175896","ROAD_ADDR","A","서울특별시 성동구 마조로 22-2 (행당동, 한대동문회관)","1"
"11","서울특별시","165","동방의료기","서울특별시 구로구 가마산로 205, 1층 (구로동)","02-838-2608","전동휠체어(가군, 나군) | 의료용 스쿠터 | 보청기 | 욕창예방방석 | 욕창예방매트리스 | 이동식전동리프트 | 전방보행차 | 후방보행차 | 수동휠체어","서울 구로구 가마산로 205","서울 구로구 구로동 426-69","08285","구로구","126.884107965189","37.4934613735583","ROAD_ADDR","A","서울특별시 구로구 가마산로 205, 1층 (구로동)","1"
"11","서울특별시","164","동서울종합복지센터","서울특별시 강동구 천호대로193길 18, 1층 (길동)","02-473-5247","전동휠체어(가군, 나군) | 의료용 스쿠터 | 욕창예방방석 | 욕창예방매트리스 | 이동식전동리프트 | 전방보행차 | 수동휠체어","서울 강동구 천호대로193길 18","서울 강동구 길동 147","05350","강동구","127.144857191468","37.535842149121","ROAD_ADDR","A","서울특별시 강동구 천호대로193길 18, 1층 (길동)","1"
"11","서울특별시","163","동아의료기","서울특별시 중랑구 동일로 786, 103호 (중화동, 두암빌딩)","02-433-9910","전동휠체어(가군, 나군) | 의료용 스쿠터 | 욕창예방방석 | 욕창예방매트리스 | 이동식전동리프트 | 전방보행차 | 후방보행차 | 수동휠체어","서울 중랑구 동일로 786","서울 중랑구 중화동 288-1","02088","중랑구","127.079986029401","37.6007172825148","ROAD_ADDR","A","서울특별시 중랑구 동일로 786, 103호 (중화동, 두암빌딩)","1"
"11","서울특별시","162","동해의료기","서울특별시 영등포구 도림로 150 (대림동, 미래산업빌딩)","02-843-0071","전동휠체어(가군, 나군) | 의료용 스쿠터 | 욕창예방방석 | 욕창예방매트리스 | 수동휠체어","서울 영등포구 도림로 150","서울 영등포구 대림동 706-4","07417","영등포구","126.898641496717","37.4937405336017","ROAD_ADDR","A","서울특별시 영등포구 도림로 150 (대림동, 미래산업빌딩)","1"
"11","서울특별시","161","동화메디칼","서울특별시 노원구 화랑로 419-7 (공릉동, 에스에스빌딩)","02-969-9910","전동휠체어(가군, 나군) | 의료용 스쿠터 | 욕창예방방석 | 욕창예방매트리스 | 이동식전동리프트 | 전방보행차 | 후방보행차 | 수동휠체어","서울 노원구 화랑로 419-7","서울 노원구 공릉동 684-49","01860","노원구","127.073810234378","37.6176419741834","ROAD_ADDR","A","서울특별시 노원구 화랑로 419-7 (공릉동, 에스에스빌딩)","1"
"11","서울특별시","160","든든케어","서울특별시 도봉구 덕릉로63가길 61, 상가동 213호 (창동, 창동대우아파트)","02-6013-3575","전동휠체어(가군, 나군) | 의료용 스쿠터 | 욕창예방방석 | 욕창예방매트리스 | 수동휠체어","서울 도봉구 덕릉로63가길 61","서울 도봉구 창동 804","01465","도봉구","127.037330634079","37.6426063787029","ROAD_ADDR","A","서울특별시 도봉구 덕릉로63가길 61, 상가동 213호 (창동, 창동대우아파트)","1"
"11","서울특별시","159","디에스케어","서울특별시 노원구 덕릉로115다길 40, 상가 115호 (상계동, 건영아파트)","02-971-5002","전동휠체어(가군, 나군) | 의료용 스쿠터 | 욕창예방방석 | 욕창예방매트리스 | 이동식전동리프트 | 전방보행차 | 후방보행차 | 수동휠체어","서울 노원구 덕릉로115다길 40","서울 노원구 상계동 1321","01638","노원구","127.078205787119","37.6686359190727","ROAD_ADDR","A","서울특별시 노원구 덕릉로115다길 40, 상가 115호 (상계동, 건영아파트)","1"
"11","서울특별시","158","땡큐시니어건강의료기 강남점","서울특별시 서초구 반포대로 217, 지하1층 (반포동, 조달청빌딩)","02-3476-3355","전동휠체어(가군, 나군) | 의료용 스쿠터 | 욕창예방방석 | 욕창예방매트리스 | 전방보행차 | 수동휠체어","서울 서초구 반포대로 217","서울 서초구 반포동 520-3","06578","서초구","127.003335556023","37.4994973402657","ROAD_ADDR","A","서울특별시 서초구 반포대로 217, 지하1층 (반포동, 조달청빌딩)","1"
"11","서울특별시","157","라이프 서포트 스테이션(LSS)","서울특별시 은평구 갈현로 227, 1층 (갈현동)","02-431-6105","전동휠체어(가군, 나군) | 의료용 스쿠터","서울 은평구 갈현로 227","서울 은평구 갈현동 504-55","03324","은평구","126.914872764617","37.6173340536789","ROAD_ADDR","A","서울특별시 은평구 갈현로 227, 1층 (갈현동)","1"
"11","서울특별시","156","라임 리사이클","서울특별시 노원구 덕릉로 805, 204호 (상계동)","010-8033-8572","전동휠체어(가군, 나군) | 의료용 스쿠터","서울 노원구 덕릉로 805","서울 노원구 상계동 1403-4","01637","노원구","127.079755560874","37.6688549907685","ROAD_ADDR","A","서울특별시 노원구 덕릉로 805, 204호 (상계동)","1"
"11","서울특별시","155","매디컬브랜드(휴의료기, 휴보청기, 휴안경원)","서울특별시 양천구 목동남로4길 2, 127호 (신정동, 세양청마루2차주상복합)","010-7636-4836","전동휠체어(가군, 나군) | 의료용 스쿠터 | 보청기 | 욕창예방방석 | 욕창예방매트리스 | 이동식전동리프트 | 전방보행차 | 후방보행차 | 수동휠체어","서울 양천구 목동남로4길 2","서울 양천구 신정동 201-1","08104","양천구","126.864535471682","37.508287498257","ROAD_ADDR","A","서울특별시 양천구 목동남로4길 2, 127호 (신정동, 세양청마루2차주상복합)","1"
"11","서울특별시","154","명성의료기","서울특별시 중랑구 면목로51길 25, 1층 (면목동)","02-2208-1586","전동휠체어(가군, 나군) | 욕창예방방석 | 욕창예방매트리스 | 수동휠체어","서울 중랑구 면목로51길 25","서울 중랑구 면목동 573-2","02221","중랑구","127.086409598261","37.5832195482268","ROAD_ADDR","A","서울특별시 중랑구 면목로51길 25, 1층 (면목동)","1"
"11","서울특별시","153","미산의료기","서울특별시 종로구 경교장길 35, 1층 3143호 (평동, 경희궁자이 3단지)","02-744-8844","전동휠체어(가군, 나군) | 의료용 스쿠터 | 보청기 | 욕창예방매트리스 | 전방보행차 | 수동휠체어","서울 종로구 경교장길 35","서울 종로구 평동 233","03180","종로구","126.965114852628","37.5688537151032","ROAD_ADDR","A","서울특별시 종로구 경교장길 35, 1층 3143호 (평동, 경희궁자이 3단지)","1"
"11","서울특별시","152","미소들 의료기","서울특별시 구로구 고척로21나길 88-41 (개봉동, 미소들병원)","02-2689-7767","전동휠체어(가군, 나군) | 의료용 스쿠터 | 욕창예방방석 | 욕창예방매트리스","서울 구로구 고척로21나길 88-41","서울 구로구 개봉동 43-1","08250","구로구","126.841198898052","37.5028978149919","ROAD_ADDR","A","서울특별시 구로구 고척로21나길 88-41 (개봉동, 미소들병원)","1"
"11","서울특별시","151","미소의료기","서울특별시 강북구 삼각산로 58, 지하1층 B110호 (수유동, 국립재활원)","02-994-7794","전동휠체어(가군, 나군) | 의료용 스쿠터 | 욕창예방방석 | 욕창예방매트리스 | 이동식전동리프트 | 전방보행차 | 후방보행차 | 수동휠체어","서울 강북구 삼각산로 58","서울 강북구 수유동 520","01022","강북구","127.010264590667","37.638655704921","ROAD_ADDR","A","서울특별시 강북구 삼각산로 58, 지하1층 B110호 (수유동, 국립재활원)","1"
"11","서울특별시","150","미소케어","서울특별시 강북구 삼양로24길 47, 1층 (미아동)","02-949-0877","전동휠체어(가군, 나군) | 의료용 스쿠터 | 욕창예방방석 | 욕창예방매트리스 | 이동식전동리프트 | 수동휠체어","서울 강북구 삼양로24길 47","서울 강북구 미아동 681-13","01201","강북구","127.022564695681","37.618343416545","ROAD_ADDR","A","서울특별시 강북구 삼양로24길 47, 1층 (미아동)","1"
"11","서울특별시","149","반도의료기","서울특별시 영등포구 시흥대로 651-1 (대림동)","02-833-6633","전동휠체어(가군, 나군) | 의료용 스쿠터 | 보청기 | 전방보행차 | 후방보행차 | 수동휠체어","서울 영등포구 시흥대로 651-1","서울 영등포구 대림동 978-17","07442","영등포구","126.907080012071","37.4902533668045","ROAD_ADDR","A","서울특별시 영등포구 시흥대로 651-1 (대림동)","1"
"11","서울특별시","148","반석메디텍","서울특별시 중구 칠패로 6, 지층 (의주로2가)","02-392-3950","의지·보조기(교정형신발 등) | 전동휠체어(가군, 나군) | 의료용 스쿠터","서울 중구 칠패로 6","서울 중구 의주로2가 61-12","04509","중구","126.969552880919","37.559286272354","ROAD_ADDR","A","서울특별시 중구 칠패로 6, 지층 (의주로2가)","1"
"11","서울특별시","147","백세건강의료기","서울특별시 강동구 동남로85길 67, 1층 103호 (고덕동)","010-3247-3513","전동휠체어(가군, 나군) | 의료용 스쿠터 | 이동식전동리프트 | 수동휠체어","서울 강동구 동남로85길 67","서울 강동구 고덕동 636-4","05227","강동구","127.153219986685","37.5604491107829","ROAD_ADDR","A","서울특별시 강동구 동남로85길 67, 1층 103호 (고덕동)","1"
"11","서울특별시","146","보건연세의료기","서울특별시 서대문구 북아현로14길 30 (북아현동)","02-365-7998","전동휠체어(가군, 나군) | 의료용 스쿠터 | 보청기 | 욕창예방방석 | 욕창예방매트리스 | 이동식전동리프트 | 전방보행차 | 수동휠체어","서울 서대문구 북아현로14길 30","서울 서대문구 북아현동 3-60","03750","서대문구","126.957171214175","37.5630079614716","ROAD_ADDR","A","서울특별시 서대문구 북아현로14길 30 (북아현동)","1"
"11","서울특별시","145","보건의료기","서울특별시 동대문구 왕산로 264, 1층 (전농동)","02-2298-2004","전동휠체어(가군, 나군) | 의료용 스쿠터 | 보청기 | 욕창예방방석 | 욕창예방매트리스 | 이동식전동리프트 | 전방보행차 | 후방보행차 | 수동휠체어","서울 동대문구 왕산로 264","서울 동대문구 전농동 602-19","02554","동대문구","127.050503300585","37.5841595646869","ROAD_ADDR","A","서울특별시 동대문구 왕산로 264, 1층 (전농동)","1"
"11","서울특별시","144","보건한양의료기","서울특별시 성동구 왕십리로 222-1, 지하1층 (사근동, 한양대학부속병원)","02-2290-8541","전동휠체어(가군, 나군) | 의료용 스쿠터 | 보청기 | 욕창예방방석 | 욕창예방매트리스 | 이동식전동리프트 | 전방보행차 | 수동휠체어","서울 성동구 왕십리로 222-1","서울 성동구 사근동 110","04763","성동구","127.045715688792","37.5585815432773","ROAD_ADDR","A","서울특별시 성동구 왕십리로 222-1, 지하1층 (사근동, 한양대학부속병원)","1"
"11","서울특별시","143","보라매의료기상사","서울특별시 관악구 보라매로5길 5 (봉천동, 보라매우성상가106,107호)","02-834-7647","전동휠체어(가군, 나군) | 의료용 스쿠터 | 욕창예방방석 | 욕창예방매트리스 | 이동식전동리프트 | 전방보행차 | 후방보행차 | 수동휠체어","서울 관악구 보라매로5길 5","서울 관악구 봉천동 1696","08708","관악구","126.92535870575","37.4923882912073","ROAD_ADDR","A","서울특별시 관악구 보라매로5길 5 (봉천동, 보라매우성상가106,107호)","1"
"11","서울특별시","142","보람의료기","서울특별시 금천구 금하로 730-1 (시흥동)","02-809-8004","전동휠체어(가군, 나군) | 의료용 스쿠터 | 욕창예방방석 | 욕창예방매트리스 | 수동휠체어","서울 금천구 금하로 730-1","서울 금천구 시흥동 271-17","08644","금천구","126.910840403238","37.4503973675","ROAD_ADDR","A","서울특별시 금천구 금하로 730-1 (시흥동)","1"
"11","서울특별시","141","보훈의료기","서울특별시 강동구 진황도로61길 42, 1층 (둔촌동, 둔촌동주상복합)","02-489-1632","전동휠체어(가군, 나군) | 의료용 스쿠터 | 욕창예방방석 | 욕창예방매트리스 | 이동식전동리프트 | 수동휠체어","서울 강동구 진황도로61길 42","서울 강동구 둔촌동 98-8","05369","강동구","127.14545555314","37.5284733923402","ROAD_ADDR","A","서울특별시 강동구 진황도로61길 42, 1층 (둔촌동, 둔촌동주상복합)","1"
"11","서울특별시","140","뷰티앤메디","서울특별시 양천구 지양로 86 , 102호 (신월동, 호영빌딩)","02-2065-6678","전동휠체어(가군, 나군) | 의료용 스쿠터 | 보청기 | 욕창예방방석 | 욕창예방매트리스 | 이동식전동리프트 | 전방보행차 | 수동휠체어","서울 양천구 지양로 86","서울 양천구 신월동 921-2","08034","양천구","126.832806690084","37.5229610358986","ROAD_ADDR","A","서울특별시 양천구 지양로 86 , 102호 (신월동, 호영빌딩)","1"
"11","서울특별시","139","사)한국장애인환경지킴이실천협회사업단길","서울특별시 동작구 여의대방로 256, 지하층 5호 (대방동, 성원아파트)","010-8126-9939","전동휠체어(가군, 나군) | 의료용 스쿠터 | 욕창예방방석 | 욕창예방매트리스 | 이동식전동리프트 | 전방보행차 | 후방보행차 | 수동휠체어","서울 동작구 여의대방로 256","서울 동작구 대방동 500","06941","동작구","126.92452759644","37.509452001774","ROAD_ADDR","A","서울특별시 동작구 여의대방로 256, 지하층 5호 (대방동, 성원아파트)","1"
"11","서울특별시","138","사랑나눔케어 노인복지센타","서울특별시 구로구 남부순환로 1287, 103호 (가리봉동, 정성요양병원)","02-856-0672","전동휠체어(가군, 나군) | 의료용 스쿠터 | 욕창예방방석 | 욕창예방매트리스 | 수동휠체어","서울 구로구 남부순환로 1287","서울 구로구 가리봉동 137-8","08395","구로구","126.893863967464","37.478959359531","ROAD_ADDR","A","서울특별시 구로구 남부순환로 1287, 103호 (가리봉동, 정성요양병원)","1"
"11","서울특별시","137","사차원재활의료기센터","서울특별시 성북구 장월로28길 30, 1층 (장위동)","02-909-3773","전동휠체어(가군, 나군) | 의료용 스쿠터 | 욕창예방방석 | 욕창예방매트리스 | 이동식전동리프트 | 전방보행차 | 후방보행차 | 수동휠체어","서울 성북구 장월로28길 30","서울 성북구 장위동 76-112","02766","성북구","127.051931351909","37.6171381755093","ROAD_ADDR","A","서울특별시 성북구 장월로28길 30, 1층 (장위동)","1"
"11","서울특별시","136","삼성의수족보조기","서울특별시 용산구 한강대로 371-1 (동자동, 삼성의료보조기)","02-722-1269","의지·보조기(교정형신발 등) | 전동휠체어(가군, 나군) | 의료용 스쿠터 | 보청기 | 수동휠체어","서울 용산구 한강대로 371-1","서울 용산구 동자동 43-15","04320","용산구","126.97196591666","37.5515839710164","ROAD_ADDR","A","서울특별시 용산구 한강대로 371-1 (동자동, 삼성의료보조기)","1"
"11","서울특별시","135","삼원의료기","서울특별시 종로구 종로 263-0 (종로6가)","02-765-5031","전동휠체어(가군, 나군) | 의료용 스쿠터 | 보청기 | 욕창예방방석 | 욕창예방매트리스 | 이동식전동리프트 | 전방보행차 | 후방보행차 | 수동휠체어","서울 종로구 종로 263","서울 종로구 종로6가 124-1","03124","종로구","127.007104609767","37.5713524305327","ROAD_ADDR","A","서울특별시 종로구 종로 263-0 (종로6가)","1"
"11","서울특별시","134","서대문의수족보조기","서울특별시 서대문구 경기대로 74 (충정로2가)","02-735-6003","의지·보조기(교정형신발 등) | 전동휠체어(가군, 나군) | 의료용 스쿠터","서울 서대문구 경기대로 74","서울 서대문구 충정로2가 74","03736","서대문구","126.964568738207","37.5654133702555","ROAD_ADDR","A","서울특별시 서대문구 경기대로 74 (충정로2가)","1"
"11","서울특별시","133","서래복지용구","서울특별시 강북구 도봉로34길 26, 1층 101호 (미아동)","02-2135-6899","전동휠체어(가군, 나군) | 욕창예방방석 | 욕창예방매트리스 | 수동휠체어","서울 강북구 도봉로34길 26","서울 강북구 미아동 132-39","01161","강북구","127.029643385528","37.6219698578751","ROAD_ADDR","A","서울특별시 강북구 도봉로34길 26, 1층 101호 (미아동)","1"
"11","서울특별시","132","서북의료기상사 서북복지용구사업소","서울특별시 은평구 갈현로11길 43, 105호 (역촌동, 두성주상복합아파트)","02-353-3971","전동휠체어(가군, 나군) | 의료용 스쿠터 | 욕창예방방석 | 욕창예방매트리스 | 이동식전동리프트 | 후방보행차 | 수동휠체어","서울 은평구 갈현로11길 43","서울 은평구 역촌동 219","03433","은평구","126.905810536235","37.6047278307348","ROAD_ADDR","A","서울특별시 은평구 갈현로11길 43, 105호 (역촌동, 두성주상복합아파트)","1"
"11","서울특별시","131","서울원광의료기","서울특별시 중랑구 봉우재로 68, 102호 (면목동, 광진빌딩)","02-493-8001","전동휠체어(가군, 나군) | 의료용 스쿠터 | 욕창예방방석 | 욕창예방매트리스 | 이동식전동리프트 | 전방보행차 | 후방보행차 | 수동휠체어","서울 중랑구 봉우재로 68","서울 중랑구 면목동 144-1","02140","중랑구","127.080730570848","37.5912621342114","ROAD_ADDR","A","서울특별시 중랑구 봉우재로 68, 102호 (면목동, 광진빌딩)","1"
"11","서울특별시","130","서울은평노인복지용구","서울특별시 은평구 가좌로7나길 14-1 지층 (응암동)","010-8809-8430","전동휠체어(가군, 나군) | 의료용 스쿠터 | 욕창예방방석 | 욕창예방매트리스 | 이동식전동리프트 | 전방보행차 | 수동휠체어","서울 은평구 가좌로7나길 14-1","서울 은평구 응암동 732-10","03481","은평구","126.918574585769","37.5853065477459","ROAD_ADDR","A","서울특별시 은평구 가좌로7나길 14-1 지층 (응암동)","1"
"11","서울특별시","129","서울의료기","서울특별시 송파구 송이로 112 (가락동)","02-449-4515","전동휠체어(가군, 나군) | 의료용 스쿠터 | 보청기 | 욕창예방방석 | 욕창예방매트리스 | 수동휠체어","서울 송파구 송이로 112","서울 송파구 가락동 73-4","05713","송파구","127.121687252004","37.4963859795829","ROAD_ADDR","A","서울특별시 송파구 송이로 112 (가락동)","1"
"11","서울특별시","128","서울의지","서울특별시 용산구 한강대로15길 2-9 (한강로3가)","02-795-3938","의지·보조기(교정형신발 등) | 전동휠체어(가군, 나군) | 의료용 스쿠터 | 전방보행차 | 후방보행차 | 수동휠체어","서울 용산구 한강대로15길 2-9","서울 용산구 한강로3가 40-730","04379","용산구","126.964347077698","37.526050004947","ROAD_ADDR","A","서울특별시 용산구 한강대로15길 2-9 (한강로3가)","1"
"11","서울특별시","127","서울재가장애인협회","서울특별시 동대문구 청계천로 521, 4층 (용두동, 다사랑행복센터)","02-927-6745","전동휠체어(가군, 나군) | 의료용 스쿠터","서울 동대문구 청계천로 521","서울 동대문구 용두동 255-69","02589","동대문구","127.034047390232","37.5718134590301","ROAD_ADDR","A","서울특별시 동대문구 청계천로 521, 4층 (용두동, 다사랑행복센터)","1"
"11","서울특별시","126","서울지점","서울특별시 마포구 성지1길 33 (합정동, 1층)","02-322-1446","전동휠체어(가군, 나군) | 의료용 스쿠터 | 보청기 | 욕창예방방석 | 욕창예방매트리스 | 전방보행차 | 수동휠체어","서울 마포구 성지1길 33","서울 마포구 합정동 364-11","04072","마포구","126.915380094843","37.5481105690611","ROAD_ADDR","A","서울특별시 마포구 성지1길 33 (합정동, 1층)","1"
"11","서울특별시","125","성북장애인보장구클린센터","서울특별시 성북구 보문로 133, 1층 (보문동2가)","02-921-7230","전동휠체어(가군, 나군) | 의료용 스쿠터 | 수동휠체어","서울 성북구 보문로 133","서울 성북구 보문동2가 41","02871","성북구","127.018435393751","37.5867552293735","ROAD_ADDR","A","서울특별시 성북구 보문로 133, 1층 (보문동2가)","1"
"11","서울특별시","124","성심메디케어","서울특별시 강북구 솔샘로 199 1층, 좌측 (미아동)","02-2226-3472","전동휠체어(가군, 나군) | 의료용 스쿠터 | 욕창예방방석 | 욕창예방매트리스 | 이동식전동리프트 | 전방보행차 | 수동휠체어","서울 강북구 솔샘로 199","서울 강북구 미아동 839-298","01187","강북구","127.014784782537","37.6203397952648","ROAD_ADDR","A","서울특별시 강북구 솔샘로 199 1층, 좌측 (미아동)","1"
"11","서울특별시","123","성애의료기상사","서울특별시 영등포구 여의대방로53길 23 (신길동, 1층)","02-846-3693","전동휠체어(가군, 나군) | 의료용 스쿠터 | 보청기","서울 영등포구 여의대방로53길 23","서울 영등포구 신길동 452-9","07355","영등포구","126.921975227536","37.5117985407663","ROAD_ADDR","A","서울특별시 영등포구 여의대방로53길 23 (신길동, 1층)","1"
"11","서울특별시","122","세광메디케어","서울특별시 강서구 양천로24가길 12, 1층 (방화동)","010-2684-4461","전동휠체어(가군, 나군) | 의료용 스쿠터 | 욕창예방방석 | 욕창예방매트리스 | 이동식전동리프트 | 전방보행차 | 수동휠체어","서울 강서구 양천로24가길 12","서울 강서구 방화동 285-29","07604","강서구","126.814929496397","37.5729726274528","ROAD_ADDR","A","서울특별시 강서구 양천로24가길 12, 1층 (방화동)","1"
"11","서울특별시","121","세움보조기","서울특별시 노원구 한글비석로24바길 43, 지층 (상계동, 미래피아노학원)","02-933-5590","의지·보조기(교정형신발 등) | 전동휠체어(가군, 나군) | 의료용 스쿠터 | 수동휠체어","서울 노원구 한글비석로24바길 43","서울 노원구 상계동 138-101","01659","노원구","127.071942541152","37.6648487600965","ROAD_ADDR","A","서울특별시 노원구 한글비석로24바길 43, 지층 (상계동, 미래피아노학원)","1"
"11","서울특별시","120","세원의료기","서울특별시 영등포구 영등포로 182-2 (영등포동4가)","02-2632-3010","전동휠체어(가군, 나군) | 의료용 스쿠터 | 보청기 | 수동휠체어","서울 영등포구 영등포로 182-2","서울 영등포구 영등포동4가 151-14","07301","영등포구","126.901694211451","37.5203026596616","ROAD_ADDR","A","서울특별시 영등포구 영등포로 182-2 (영등포동4가)","1"
"11","서울특별시","119","소망의수족보조기","서울특별시 금천구 시흥대로36길 68, 1층 (시흥동)","02-3286-9985","의지·보조기(교정형신발 등) | 전동휠체어(가군, 나군) | 의료용 스쿠터 | 수동휠체어","서울 금천구 시흥대로36길 68","서울 금천구 시흥동 945-9","08651","금천구","126.906725459838","37.4429911905719","ROAD_ADDR","A","서울특별시 금천구 시흥대로36길 68, 1층 (시흥동)","1"
"11","서울특별시","118","솔로몬메디컬","서울특별시 도봉구 우이천로 220 (창동)","02-988-9966","전동휠체어(가군, 나군) | 의료용 스쿠터 | 욕창예방방석 | 욕창예방매트리스 | 이동식전동리프트 | 후방보행차 | 수동휠체어","서울 도봉구 우이천로 220","서울 도봉구 창동 585-104","01467","도봉구","127.034602398925","37.6387985685096","ROAD_ADDR","A","서울특별시 도봉구 우이천로 220 (창동)","1"
"11","서울특별시","117","수정의료기","서울특별시 성북구 동소문로 179-50 (돈암동)","02-923-8069","전동휠체어(가군, 나군) | 의료용 스쿠터 | 욕창예방방석 | 욕창예방매트리스 | 이동식전동리프트 | 전방보행차 | 후방보행차 | 수동휠체어","서울 성북구 동소문로 179-50","서울 성북구 돈암동 48-14","02817","성북구","127.020734541039","37.5984959441851","ROAD_ADDR","A","서울특별시 성북구 동소문로 179-50 (돈암동)","1"
"11","서울특별시","116","스카이메디칼","서울특별시 노원구 상계로35가길 16, 지하층 지하101호 (상계동, 초산아트빌라)","02-6397-1282","전동휠체어(가군, 나군) | 의료용 스쿠터 | 욕창예방방석 | 욕창예방매트리스 | 이동식전동리프트 | 수동휠체어","서울 노원구 상계로35가길 16","서울 노원구 상계동 1386","01635","노원구","127.078725372619","37.6713298637061","ROAD_ADDR","A","서울특별시 노원구 상계로35가길 16, 지하층 지하101호 (상계동, 초산아트빌라)","1"
"11","서울특별시","115","시몬메디칼","서울특별시 강동구 천호대로170길 34 , 307호 (성내동, 블루타워)","02-477-5221","전동휠체어(가군, 나군) | 의료용 스쿠터 | 욕창예방방석 | 욕창예방매트리스 | 이동식전동리프트 | 전방보행차 | 후방보행차 | 수동휠체어","서울 강동구 천호대로170길 34","서울 강동구 성내동 197-3","05381","강동구","127.132619944897","37.533878379811","ROAD_ADDR","A","서울특별시 강동구 천호대로170길 34 , 307호 (성내동, 블루타워)","1"
"11","서울특별시","114","신기의료기 금천점","서울특별시 금천구 금하로 688, 1층 (시흥동)","02-6497-9988","전동휠체어(가군, 나군) | 의료용 스쿠터 | 욕창예방방석 | 욕창예방매트리스 | 이동식전동리프트 | 전방보행차 | 수동휠체어","서울 금천구 금하로 688","서울 금천구 시흥동 908-6","08642","금천구","126.90648095022","37.4518639114203","ROAD_ADDR","A","서울특별시 금천구 금하로 688, 1층 (시흥동)","1"
"11","서울특별시","113","신기의료기 양천신월점","서울특별시 양천구 월정로 50, 상가동 124호 (신월동, 청솔아파트)","02-2138-2501","전동휠체어(가군, 나군) | 의료용 스쿠터 | 욕창예방방석 | 욕창예방매트리스 | 이동식전동리프트 | 전방보행차 | 수동휠체어","서울 양천구 월정로 50","서울 양천구 신월동 446-2","07936","양천구","126.842137823501","37.524261587996","ROAD_ADDR","A","서울특별시 양천구 월정로 50, 상가동 124호 (신월동, 청솔아파트)","1"
"11","서울특별시","112","신기의료기 은평점","서울특별시 은평구 연서로 28, 1층 101호 (역촌동, 은평연리지아파트)","010-2296-6595","전동휠체어(가군, 나군) | 욕창예방방석 | 욕창예방매트리스 | 수동휠체어","서울 은평구 연서로 28","서울 은평구 역촌동 36-37","03407","은평구","126.916242597602","37.6015959250668","ROAD_ADDR","A","서울특별시 은평구 연서로 28, 1층 101호 (역촌동, 은평연리지아파트)","1"
"11","서울특별시","111","신기의료기 중계점","서울특별시 노원구 한글비석로 331 중계3단지 상가, 1층 106호 (중계동, 중계의원)","02-930-0662","전동휠체어(가군, 나군) | 의료용 스쿠터 | 욕창예방방석 | 욕창예방매트리스 | 이동식전동리프트 | 수동휠체어","서울 노원구 한글비석로 331","서울 노원구 중계동 358","01711","노원구","127.077445462958","37.6566300376552","ROAD_ADDR","A","서울특별시 노원구 한글비석로 331 중계3단지 상가, 1층 106호 (중계동, 중계의원)","1"
"11","서울특별시","110","신기의료기 홍제점","서울특별시 서대문구 세검정로 51-1, 1층 (홍제동)","02-396-3257","전동휠체어(가군, 나군) | 의료용 스쿠터 | 욕창예방방석 | 욕창예방매트리스 | 이동식전동리프트 | 전방보행차 | 수동휠체어","서울 서대문구 세검정로 51-1","서울 서대문구 홍제동 266-233","03623","서대문구","126.946873358315","37.5927541518525","ROAD_ADDR","A","서울특별시 서대문구 세검정로 51-1, 1층 (홍제동)","1"
"11","서울특별시","109","신세계의료기","서울특별시 종로구 종로 248 (종로5가)","02-2266-4572","전동휠체어(가군, 나군) | 의료용 스쿠터 | 보청기 | 욕창예방방석 | 욕창예방매트리스 | 이동식전동리프트 | 전방보행차 | 후방보행차 | 수동휠체어","서울 종로구 종로 248","서울 종로구 종로5가 244","03197","종로구","127.005189497527","37.5708009409572","ROAD_ADDR","A","서울특별시 종로구 종로 248 (종로5가)","1"
"11","서울특별시","108","실로암 메디칼","서울특별시 광진구 자양로 55 근린생활시설동, 105호 (자양동, 자양하늘채 베르)","02-2203-0242","전동휠체어(가군, 나군) | 의료용 스쿠터 | 욕창예방방석 | 수동휠체어","서울 광진구 자양로 55","서울 광진구 자양동 862","05056","광진구","127.084626172897","37.5328318624839","ROAD_ADDR","A","서울특별시 광진구 자양로 55 근린생활시설동, 105호 (자양동, 자양하늘채 베르)","1"
"11","서울특별시","107","쌍용메디칼","서울특별시 영등포구 도신로4길 31-1 (대림동)","02-848-0301","전동휠체어(가군, 나군) | 의료용 스쿠터 | 욕창예방방석 | 욕창예방매트리스 | 이동식전동리프트 | 전방보행차 | 후방보행차 | 수동휠체어","서울 영등포구 도신로4길 31-1","서울 영등포구 대림동 782-8","07378","영등포구","126.896755459217","37.5007857597019","ROAD_ADDR","A","서울특별시 영등포구 도신로4길 31-1 (대림동)","1"
"11","서울특별시","106","씨엠케어메디","서울특별시 중랑구 상봉중앙로1길 2, B1층 (상봉동)","02-435-2547","전동휠체어(가군, 나군) | 의료용 스쿠터 | 자세보조용구 | 욕창예방방석 | 욕창예방매트리스 | 이동식전동리프트 | 전방보행차 | 후방보행차 | 수동휠체어","서울 중랑구 상봉중앙로1길 2","서울 중랑구 상봉동 205-38","02091","중랑구","127.08732060953","37.6000541806147","ROAD_ADDR","A","서울특별시 중랑구 상봉중앙로1길 2, B1층 (상봉동)","1"
"11","서울특별시","105","아산한일의료기","서울특별시 송파구 가락로42길 16, 1층 101,102호 (방이동)","02-486-1424","전동휠체어(가군, 나군) | 의료용 스쿠터 | 보청기 | 욕창예방방석 | 욕창예방매트리스","서울 송파구 가락로42길 16","서울 송파구 방이동 162-7","05635","송파구","127.121201756125","37.5119711614664","ROAD_ADDR","A","서울특별시 송파구 가락로42길 16, 1층 101,102호 (방이동)","1"
"11","서울특별시","104","알파케어","서울특별시 관악구 보라매로 47, 1층 101호 (봉천동, 하우피스오피스텔)","010-6300-6426","전동휠체어(가군, 나군) | 의료용 스쿠터 | 욕창예방방석 | 욕창예방매트리스 | 이동식전동리프트 | 전방보행차 | 후방보행차 | 수동휠체어","서울 관악구 보라매로 47","서울 관악구 봉천동 725-4","08708","관악구","126.926784121889","37.4937103297418","ROAD_ADDR","A","서울특별시 관악구 보라매로 47, 1층 101호 (봉천동, 하우피스오피스텔)","1"
"11","서울특별시","103","엄마품케어","서울특별시 강서구 강서로 462, 2층 207호 (등촌동, 대룡드림타워-1)","02-2658-7795","전동휠체어(가군, 나군) | 의료용 스쿠터 | 욕창예방방석 | 욕창예방매트리스 | 이동식전동리프트 | 전방보행차 | 후방보행차 | 수동휠체어","서울 강서구 강서로 462","서울 강서구 등촌동 684-3","07573","강서구","126.84140274432","37.5666120273171","ROAD_ADDR","A","서울특별시 강서구 강서로 462, 2층 207호 (등촌동, 대룡드림타워-1)","1"
"11","서울특별시","102","에듀카프","서울특별시 강남구 압구정로30길 63, 402호 (신사동)","010-9844-1703","전동휠체어(가군, 나군) | 의료용 스쿠터 | 욕창예방방석 | 욕창예방매트리스 | 이동식전동리프트 | 전방보행차 | 후방보행차 | 수동휠체어","서울 강남구 압구정로30길 63","서울 강남구 신사동 597-1","06025","강남구","127.029158344853","37.5232493093031","ROAD_ADDR","A","서울특별시 강남구 압구정로30길 63, 402호 (신사동)","1"
"11","서울특별시","101","에스앤비","서울특별시 서대문구 모래내로 350 지하 (홍은동)","02-356-8437","의지·보조기(교정형신발 등) | 전동휠체어(가군, 나군) | 의료용 스쿠터 | 수동휠체어","서울 서대문구 모래내로 350","서울 서대문구 홍은동 274-86","03658","서대문구","126.935330124979","37.5809989065081","ROAD_ADDR","A","서울특별시 서대문구 모래내로 350 지하 (홍은동)","1"
"11","서울특별시","100","에이치케이","서울특별시 성동구 성덕정길 118, 1층 (성수동2가)","02-6229-8384","의지·보조기(교정형신발 등) | 전동휠체어(가군, 나군) | 의료용 스쿠터 | 욕창예방방석 | 욕창예방매트리스 | 수동휠체어","서울 성동구 성덕정길 118","서울 성동구 성수동2가 574-11","04776","성동구","127.056453860109","37.5367547982608","ROAD_ADDR","A","서울특별시 성동구 성덕정길 118, 1층 (성수동2가)","1"
"11","서울특별시","99","에이투지메디칼 주식회사","서울특별시 강서구 공항대로 260 , 지층 101호 (마곡동, 이화의대부속서울병원)","070-7633-4882","전동휠체어(가군, 나군) | 의료용 스쿠터 | 욕창예방방석 | 욕창예방매트리스 | 이동식전동리프트 | 전방보행차 | 후방보행차 | 수동휠체어","서울 강서구 공항대로 260","서울 강서구 마곡동 808","07804","강서구","126.836266829117","37.5572628621214","ROAD_ADDR","A","서울특별시 강서구 공항대로 260 , 지층 101호 (마곡동, 이화의대부속서울병원)","1"
"11","서울특별시","98","에이플러스(A+)한겨레실버 복지용구센터","서울특별시 마포구 마포대로 182-10 , 1층 102호 (공덕동, 성촌빌딩)","02-3395-8117","전동휠체어(가군, 나군) | 의료용 스쿠터 | 욕창예방방석 | 욕창예방매트리스 | 이동식전동리프트 | 전방보행차 | 후방보행차 | 수동휠체어","서울 마포구 마포대로 182-10","서울 마포구 공덕동 105-155","04207","마포구","126.955949909752","37.5501953290935","ROAD_ADDR","A","서울특별시 마포구 마포대로 182-10 , 1층 102호 (공덕동, 성촌빌딩)","1"
"11","서울특별시","97","엔젤노인복지센터","서울특별시 은평구 통일로78길 26, 2층 201호 (불광동)","02-388-8112","전동휠체어(가군, 나군) | 의료용 스쿠터 | 욕창예방방석 | 욕창예방매트리스 | 전방보행차 | 후방보행차","서울 은평구 통일로78길 26","서울 은평구 불광동 329","03351","은평구","126.924880360751","37.618912351641","ROAD_ADDR","A","서울특별시 은평구 통일로78길 26, 2층 201호 (불광동)","1"
"11","서울특별시","96","엔티바이오","서울특별시 성북구 정릉로26가길 8, 1층 (정릉동)","02-943-4416","전동휠체어(가군, 나군) | 의료용 스쿠터 | 욕창예방방석 | 욕창예방매트리스 | 이동식전동리프트 | 수동휠체어","서울 성북구 정릉로26가길 8","서울 성북구 정릉동 142-1","02814","성북구","127.012641877683","37.6027560716053","ROAD_ADDR","A","서울특별시 성북구 정릉로26가길 8, 1층 (정릉동)","1"
"11","서울특별시","95","엘림재가방문센터","서울특별시 중랑구 송림길 102, 1층 (망우동)","02-6405-0093","전동휠체어(가군, 나군) | 의료용 스쿠터 | 욕창예방방석 | 욕창예방매트리스 | 전방보행차 | 후방보행차 | 수동휠체어","서울 중랑구 송림길 102","서울 중랑구 망우동 351-2","02061","중랑구","127.103582029919","37.6045710273072","ROAD_ADDR","A","서울특별시 중랑구 송림길 102, 1층 (망우동)","1"
"11","서울특별시","94","엘에스메디칼","서울특별시 은평구 응암로 257, 2층 (응암동)","02-6925-6622","전동휠체어(가군, 나군) | 의료용 스쿠터 | 욕창예방방석 | 욕창예방매트리스 | 수동휠체어","서울 은평구 응암로 257","서울 은평구 응암동 119-25","03455","은평구","126.918143312268","37.5950466947885","ROAD_ADDR","A","서울특별시 은평구 응암로 257, 2층 (응암동)","1"
"11","서울특별시","93","엠에이디매직","서울특별시 용산구 이촌로 5, 지하1층 109호 (한강로3가, 한강그랜드오피스텔)","010-3745-3449","전동휠체어(가군, 나군) | 의료용 스쿠터 | 욕창예방방석 | 욕창예방매트리스 | 이동식전동리프트 | 전방보행차 | 후방보행차 | 수동휠체어","서울 용산구 이촌로 5","서울 용산구 한강로3가 16-91","04373","용산구","126.955043706523","37.5311191091267","ROAD_ADDR","A","서울특별시 용산구 이촌로 5, 지하1층 109호 (한강로3가, 한강그랜드오피스텔)","1"
"11","서울특별시","92","연세보조기","서울특별시 용산구 한강대로 351-1 (동자동, 돌핀샘, 일번지)","02-715-9157","의지·보조기(교정형신발 등) | 전동휠체어(가군, 나군) | 의료용 스쿠터","서울 용산구 한강대로 351-1","서울 용산구 동자동 43-37","04320","용산구","126.97153661075","37.5496626695178","ROAD_ADDR","A","서울특별시 용산구 한강대로 351-1 (동자동, 돌핀샘, 일번지)","1"
"11","서울특별시","91","영등포남북의료기","서울특별시 영등포구 영등포로 219 (영등포동5가)","02-2677-7200","전동휠체어(가군, 나군) | 의료용 스쿠터 | 보청기","서울 영등포구 영등포로 219","서울 영등포구 영등포동5가 20-62","07250","영등포구","126.905749544283","37.5201441452888","ROAD_ADDR","A","서울특별시 영등포구 영등포로 219 (영등포동5가)","1"
"11","서울특별시","90","영인메디칼","서울특별시 강동구 성안로7길 47, 1층 102호 (성내동)","070-4799-1547","전동휠체어(가군, 나군) | 의료용 스쿠터 | 욕창예방방석 | 욕창예방매트리스 | 이동식전동리프트 | 전방보행차 | 수동휠체어","서울 강동구 성안로7길 47","서울 강동구 성내동 543-4","05396","강동구","127.12804236682","37.5284402156764","ROAD_ADDR","A","서울특별시 강동구 성안로7길 47, 1층 102호 (성내동)","1"
"11","서울특별시","89","영일메드","서울특별시 종로구 종로 198-1 (종로4가, 덕화빌딩)","02-2268-0101","전동휠체어(가군, 나군) | 의료용 스쿠터 | 보청기 | 욕창예방매트리스 | 전방보행차 | 후방보행차 | 수동휠체어","서울 종로구 종로 198-1","서울 종로구 종로4가 169-1","03195","종로구","126.999652147637","37.5706399565434","ROAD_ADDR","A","서울특별시 종로구 종로 198-1 (종로4가, 덕화빌딩)","1"
"11","서울특별시","88","영진의료기","서울특별시 용산구 한강대로 109, 지2층 229호 (한강로2가, 용성비즈텔)","02-796-6255","전동휠체어(가군, 나군) | 의료용 스쿠터 | 보청기 | 욕창예방방석 | 욕창예방매트리스 | 이동식전동리프트 | 전방보행차 | 수동휠체어","서울 용산구 한강대로 109","서울 용산구 한강로2가 314-1","04376","용산구","126.968166439864","37.5300046920783","ROAD_ADDR","A","서울특별시 용산구 한강대로 109, 지2층 229호 (한강로2가, 용성비즈텔)","1"
"11","서울특별시","87","예담","서울특별시 중랑구 상봉중앙로 44-1 , 2층 1호 (상봉동, REWIND 빌딩)","02-348-0126","전동휠체어(가군, 나군) | 의료용 스쿠터 | 욕창예방방석 | 욕창예방매트리스 | 이동식전동리프트 | 수동휠체어","서울 중랑구 상봉중앙로 44-1","서울 중랑구 상봉동 251","02082","중랑구","127.087613180377","37.6011758771161","ROAD_ADDR","A","서울특별시 중랑구 상봉중앙로 44-1 , 2층 1호 (상봉동, REWIND 빌딩)","1"
"11","서울특별시","86","오렌지실버어르신용품점","서울특별시 서초구 동광로 29 (방배동)","02-532-9599","전동휠체어(가군, 나군) | 의료용 스쿠터 | 보청기 | 욕창예방방석 | 욕창예방매트리스 | 이동식전동리프트 | 전방보행차 | 수동휠체어","서울 서초구 동광로 29","서울 서초구 방배동 789-50","06560","서초구","126.985981361896","37.4911856685644","ROAD_ADDR","A","서울특별시 서초구 동광로 29 (방배동)","1"
"11","서울특별시","85","올메디","서울특별시 서대문구 모래내로 453, 가동 지하층 4호 (홍제동, 고은맨숀아파트)","02-574-9997","전동휠체어(가군, 나군) | 보청기 | 욕창예방방석 | 욕창예방매트리스 | 이동식전동리프트 | 전방보행차 | 수동휠체어","서울 서대문구 모래내로 453","서울 서대문구 홍제동 156-200","03646","서대문구","126.945027997739","37.5857462891939","ROAD_ADDR","A","서울특별시 서대문구 모래내로 453, 가동 지하층 4호 (홍제동, 고은맨숀아파트)","1"
"11","서울특별시","84","와이비(YB)메디칼","서울특별시 송파구 법원로 90, 1106호 (문정동, 파트너스2)","010-5968-6469","전동휠체어(가군, 나군) | 의료용 스쿠터 | 욕창예방방석 | 욕창예방매트리스 | 이동식전동리프트 | 전방보행차 | 후방보행차 | 수동휠체어","서울 송파구 법원로 90","서울 송파구 문정동 651-15","05855","송파구","127.121346815589","37.4833517296847","ROAD_ADDR","A","서울특별시 송파구 법원로 90, 1106호 (문정동, 파트너스2)","1"
"11","서울특별시","83","우리의료기","서울특별시 성동구 무학봉길 93-1, 3층 (하왕십리동)","02-907-8255","전동휠체어(가군, 나군) | 의료용 스쿠터 | 욕창예방방석 | 욕창예방매트리스 | 이동식전동리프트 | 전방보행차 | 후방보행차 | 수동휠체어","서울 성동구 무학봉길 93-1","서울 성동구 하왕십리동 966-8","04710","성동구","127.03204927837","37.5624455539306","ROAD_ADDR","A","서울특별시 성동구 무학봉길 93-1, 3층 (하왕십리동)","1"
"11","서울특별시","82","우정메디케어","서울특별시 송파구 마천로28길 4, 1동 101호 (오금동)","02-6396-2222","전동휠체어(가군, 나군) | 의료용 스쿠터 | 욕창예방방석 | 욕창예방매트리스 | 이동식전동리프트 | 수동휠체어","서울 송파구 마천로28길 4","서울 송파구 오금동 131-14","05739","송파구","127.139726280687","37.5021947160357","ROAD_ADDR","A","서울특별시 송파구 마천로28길 4, 1동 101호 (오금동)","1"
"11","서울특별시","81","우진케어","서울특별시 영등포구 신풍로 77, 상가D동 104호 (신길동, 래미안에스티움)","010-5399-7117","전동휠체어(가군, 나군) | 수동휠체어","서울 영등포구 신풍로 77","서울 영등포구 신길동 4950","07390","영등포구","126.911544544308","37.5004196071802","ROAD_ADDR","A","서울특별시 영등포구 신풍로 77, 상가D동 104호 (신길동, 래미안에스티움)","1"
"11","서울특별시","80","원보조기","서울특별시 동작구 상도로47마길 29, 1층 (상도1동)","02-812-6125","의지·보조기(교정형신발 등) | 전동휠체어(가군, 나군) | 의료용 스쿠터 | 보청기 | 욕창예방방석 | 수동휠체어","서울 동작구 상도로47마길 29","서울 동작구 상도1동 423-5","06970","동작구","126.950771854093","37.5015642192954","ROAD_ADDR","A","서울특별시 동작구 상도로47마길 29, 1층 (상도1동)","1"
"11","서울특별시","79","웰케어강북 주식회사","서울특별시 동대문구 장한로 166, 1층 (장안동)","02-2212-1040","전동휠체어(가군, 나군) | 의료용 스쿠터 | 욕창예방방석 | 욕창예방매트리스 | 이동식전동리프트 | 전방보행차 | 후방보행차 | 수동휠체어","서울 동대문구 장한로 166","서울 동대문구 장안동 310-1","02523","동대문구","127.072248281547","37.5751354375999","ROAD_ADDR","A","서울특별시 동대문구 장한로 166, 1층 (장안동)","1"
"11","서울특별시","78","위드로","서울특별시 광진구 뚝섬로50길 7-4 (자양동)","02-558-1650","전동휠체어(가군, 나군) | 의료용 스쿠터 | 욕창예방방석 | 욕창예방매트리스 | 이동식전동리프트 | 수동휠체어","서울 광진구 뚝섬로50길 7-4","서울 광진구 자양동 606-38","05099","광진구","127.078409819737","37.5318249600246","ROAD_ADDR","A","서울특별시 광진구 뚝섬로50길 7-4 (자양동)","1"
"11","서울특별시","77","위드로케어","서울특별시 광진구 자양번영로4길 53-13 (자양동)","010-7192-8401","전동휠체어(가군, 나군) | 의료용 스쿠터 | 욕창예방방석 | 욕창예방매트리스 | 이동식전동리프트 | 수동휠체어","서울 광진구 자양번영로4길 53-13","서울 광진구 자양동 605-1","05099","광진구","127.078375687175","37.5316421695678","ROAD_ADDR","A","서울특별시 광진구 자양번영로4길 53-13 (자양동)","1"
"11","서울특별시","76","윌비","서울특별시 강동구 천호대로182길 12, 201호 (둔촌동, 샤인하우스)","010-8258-7807","전동휠체어(가군, 나군) | 의료용 스쿠터 | 욕창예방방석 | 욕창예방매트리스 | 이동식전동리프트 | 전방보행차 | 후방보행차 | 수동휠체어","서울 강동구 천호대로182길 12","서울 강동구 둔촌동 425","05362","강동구","127.140281926526","37.5330231272628","ROAD_ADDR","A","서울특별시 강동구 천호대로182길 12, 201호 (둔촌동, 샤인하우스)","1"
"11","서울특별시","75","유진메디칼","서울특별시 광진구 능동로 320 (중곡동)","02-3437-3947","전동휠체어(가군, 나군) | 의료용 스쿠터","서울 광진구 능동로 320","서울 광진구 중곡동 158-24","04929","광진구","127.080289211042","37.5581552132895","ROAD_ADDR","A","서울특별시 광진구 능동로 320 (중곡동)","1"
"11","서울특별시","74","유진메디칼","서울특별시 동대문구 안암로 40 (용두동, 3층)","02-2232-5105","전동휠체어(가군, 나군) | 의료용 스쿠터 | 전방보행차 | 수동휠체어","서울 동대문구 안암로 40","서울 동대문구 용두동 732-5","02578","동대문구","127.026786374539","37.5805624542181","ROAD_ADDR","A","서울특별시 동대문구 안암로 40 (용두동, 3층)","1"
"11","서울특별시","73","유진오앤피","서울시 성북구 보문동(보문동4가) 32","02-927-0011","전동휠체어(가군, 나군) | 의료용 스쿠터","","서울 성북구 보문동1가 32","","성북구","127.018624235308","37.5871669534437","REGION_ADDR","A","서울시 성북구 보문동(보문동4가) 32","1"
"11","서울특별시","72","으뜸케어","서울특별시 노원구 덕릉로 863, 1층 4호 (상계동, 동아태권도)","02-955-7650","전동휠체어(가군, 나군) | 의료용 스쿠터 | 욕창예방방석 | 욕창예방매트리스 | 이동식전동리프트 | 전방보행차 | 후방보행차 | 수동휠체어","서울 노원구 덕릉로 863","서울 노원구 상계동 1369-5","01633","노원구","127.083562585782","37.6731859774157","ROAD_ADDR","A","서울특별시 노원구 덕릉로 863, 1층 4호 (상계동, 동아태권도)","1"
"11","서울특별시","71","은평복지용구","서울특별시 은평구 응암로 175-1, 3층 (응암동)","02-303-1351","전동휠체어(가군, 나군) | 의료용 스쿠터 | 욕창예방방석 | 욕창예방매트리스 | 수동휠체어","서울 은평구 응암로 175-1","서울 은평구 응암동 598-5","03485","은평구","126.916420117532","37.5877663736046","ROAD_ADDR","A","서울특별시 은평구 응암로 175-1, 3층 (응암동)","1"
"11","서울특별시","70","을지의료기","서울특별시 노원구 한글비석로 68, B1층 (하계동, 을지병원)","02-970-8732","전동휠체어(가군, 나군) | 의료용 스쿠터 | 욕창예방방석 | 욕창예방매트리스 | 이동식전동리프트 | 전방보행차 | 후방보행차 | 수동휠체어","서울 노원구 한글비석로 68","서울 노원구 하계동 280-1","01830","노원구","127.06968108866","37.6361106543284","ROAD_ADDR","A","서울특별시 노원구 한글비석로 68, B1층 (하계동, 을지병원)","1"
"11","서울특별시","69","이원건강의료기","서울특별시 서대문구 연희로 263 (홍은동, 봉산빌딩)","02-379-0607","전동휠체어(가군, 나군) | 의료용 스쿠터 | 욕창예방방석 | 욕창예방매트리스 | 이동식전동리프트 | 전방보행차 | 후방보행차 | 수동휠체어","서울 서대문구 연희로 263","서울 서대문구 홍은동 274-114","03658","서대문구","126.935895019794","37.5805093443942","ROAD_ADDR","A","서울특별시 서대문구 연희로 263 (홍은동, 봉산빌딩)","1"
"11","서울특별시","68","이원건강의료기 수유점","서울특별시 강북구 삼각산로 59, 1층 101,102호 (수유동)","02-992-2175","전동휠체어(가군, 나군) | 의료용 스쿠터 | 보청기 | 욕창예방방석 | 욕창예방매트리스 | 이동식전동리프트 | 전방보행차 | 후방보행차 | 수동휠체어","서울 강북구 삼각산로 59","서울 강북구 수유동 521-49","01021","강북구","127.010898324953","37.6397766533977","ROAD_ADDR","A","서울특별시 강북구 삼각산로 59, 1층 101,102호 (수유동)","1"
"11","서울특별시","67","이원건강의료기미아점","서울특별시 성북구 동소문로 311 천산빌딩, 1층 (길음동)","02-3210-2121","전동휠체어(가군, 나군) | 의료용 스쿠터 | 욕창예방방석 | 욕창예방매트리스 | 수동휠체어","서울 성북구 동소문로 311","서울 성북구 길음동 516-3","02732","성북구","127.028741117288","37.6077409495091","ROAD_ADDR","A","서울특별시 성북구 동소문로 311 천산빌딩, 1층 (길음동)","1"
"11","서울특별시","66","이원건강의료기쌍문점","서울특별시 도봉구 우이천로 298, 1층 (쌍문동)","02-996-2121","전동휠체어(가군, 나군) | 의료용 스쿠터 | 욕창예방방석 | 욕창예방매트리스 | 전방보행차 | 수동휠체어","서울 도봉구 우이천로 298","서울 도봉구 쌍문동 103-152","01452","도봉구","127.029430765196","37.6443641814751","ROAD_ADDR","A","서울특별시 도봉구 우이천로 298, 1층 (쌍문동)","1"
"11","서울특별시","65","이화의료기","서울특별시 양천구 목동동로 431, 103호 (목동, 목동우방빌딩)","02-2647-9550","전동휠체어(가군, 나군) | 의료용 스쿠터 | 욕창예방방석 | 욕창예방매트리스 | 이동식전동리프트 | 수동휠체어","서울 양천구 목동동로 431","서울 양천구 목동 909-6","07984","양천구","126.884360341781","37.5371633445804","ROAD_ADDR","A","서울특별시 양천구 목동동로 431, 103호 (목동, 목동우방빌딩)","1"
"11","서울특별시","64","잠실의료기","서울특별시 송파구 위례성대로6길 40, 1층 102호 (방이동, 두레빌딩)","02-471-0773","전동휠체어(가군, 나군) | 의료용 스쿠터 | 보청기 | 욕창예방방석 | 욕창예방매트리스 | 수동휠체어","서울 송파구 위례성대로6길 40","서울 송파구 방이동 144-10","05632","송파구","127.116460660935","37.5119948522052","ROAD_ADDR","A","서울특별시 송파구 위례성대로6길 40, 1층 102호 (방이동, 두레빌딩)","1"
"11","서울특별시","63","장수메디케어","서울특별시 노원구 공릉로41길 17, 1층 (공릉동, 성문교회)","010-4228-0885","전동휠체어(가군, 나군) | 의료용 스쿠터 | 욕창예방방석 | 이동식전동리프트 | 수동휠체어","서울 노원구 공릉로41길 17","서울 노원구 공릉동 415-64","01836","노원구","127.078628852251","37.624516188642","ROAD_ADDR","A","서울특별시 노원구 공릉로41길 17, 1층 (공릉동, 성문교회)","1"
"11","서울특별시","62","장수메디케어","서울특별시 노원구 공릉동(공릉2동) 415-64 1층","02-949-2237","전동휠체어(가군, 나군) | 의료용 스쿠터","서울 노원구 공릉로41길 17","서울 노원구 공릉동 415-64","01836","노원구","127.078633854226","37.6245330337631","REGION_ADDR","A","서울특별시 노원구 공릉동(공릉2동) 415-64 1층","1"
"11","서울특별시","61","장수케어(금천)","서울특별시 금천구 한내로 69-15 (독산동, 주공13단지아파트)","070-4065-9119","전동휠체어(가군, 나군) | 의료용 스쿠터 | 욕창예방방석 | 욕창예방매트리스 | 이동식전동리프트 | 수동휠체어","서울 금천구 한내로 69-15","서울 금천구 독산동 1088-1","08598","금천구","126.886472547107","37.4573808551633","ROAD_ADDR","A","서울특별시 금천구 한내로 69-15 (독산동, 주공13단지아파트)","1"
"11","서울특별시","60","장애인사랑나눔터","서울특별시 노원구 노원로 331, B14호 (중계동, 시영3단지목련아파트)","010-3239-2641","전동휠체어(가군, 나군) | 의료용 스쿠터 | 전방보행차 | 후방보행차 | 수동휠체어","서울 노원구 노원로 331","서울 노원구 중계동 514-3","01786","노원구","127.069521539074","37.6461706893207","ROAD_ADDR","A","서울특별시 노원구 노원로 331, B14호 (중계동, 시영3단지목련아파트)","1"
"11","서울특별시","59","제일의료기","서울특별시 종로구 창경궁로 158-0 (원남동)","02-745-8382","전동휠체어(가군, 나군) | 의료용 스쿠터 | 욕창예방방석 | 욕창예방매트리스 | 이동식전동리프트 | 전방보행차 | 후방보행차 | 수동휠체어","서울 종로구 창경궁로 158","서울 종로구 원남동 118-1","03081","종로구","126.997570843872","37.5764587371697","ROAD_ADDR","A","서울특별시 종로구 창경궁로 158-0 (원남동)","1"
"11","서울특별시","58","제일의료기","서울특별시 중랑구 망우로 499 (망우동)","02-436-7272","전동휠체어(가군, 나군) | 의료용 스쿠터 | 보청기 | 욕창예방방석 | 욕창예방매트리스 | 이동식전동리프트 | 전방보행차 | 후방보행차 | 수동휠체어","서울 중랑구 망우로 499","서울 중랑구 망우동 135-5","02064","중랑구","127.107766676499","37.6007459114528","ROAD_ADDR","A","서울특별시 중랑구 망우로 499 (망우동)","1"
"11","서울특별시","57","젠퓨스","서울특별시 강서구 양천로 443-36, 1층 101호 (가양동, 성지빌딩)","010-8923-1809","전동휠체어(가군, 나군) | 의료용 스쿠터 | 수동휠체어","서울 강서구 양천로 443-36","서울 강서구 가양동 1479-3","07527","강서구","126.851844528395","37.5637577243541","ROAD_ADDR","A","서울특별시 강서구 양천로 443-36, 1층 101호 (가양동, 성지빌딩)","1"
"11","서울특별시","56","젤트론 코리아","서울특별시 구로구 오류로8길 57 6층 601-163호 (오류동, 대성빌딩)","070-4352-2815","전동휠체어(가군, 나군) | 의료용 스쿠터 | 욕창예방방석 | 욕창예방매트리스 | 이동식전동리프트 | 수동휠체어","서울 구로구 오류로8길 57","서울 구로구 오류동 137-8","08341","구로구","126.843404613067","37.492424136688","ROAD_ADDR","A","서울특별시 구로구 오류로8길 57 6층 601-163호 (오류동, 대성빌딩)","1"
"11","서울특별시","55","종로의료기","서울특별시 구로구 경인로 208, 2층 1호 (오류동)","02-2066-1981","전동휠체어(가군, 나군) | 의료용 스쿠터 | 보청기 | 욕창예방방석 | 욕창예방매트리스 | 이동식전동리프트 | 전방보행차 | 후방보행차 | 수동휠체어","서울 구로구 경인로 208","서울 구로구 오류동 55-14","08271","구로구","126.844168787936","37.4959106894029","ROAD_ADDR","A","서울특별시 구로구 경인로 208, 2층 1호 (오류동)","1"
"11","서울특별시","54","종로의료기","서울특별시 도봉구 도봉로 681, 1층 (방학동)","02-905-8024","전동휠체어(가군, 나군) | 의료용 스쿠터 | 보청기 | 수동휠체어","서울 도봉구 도봉로 681","서울 도봉구 방학동 703-61","01340","도봉구","127.042536029765","37.6653068531475","ROAD_ADDR","A","서울특별시 도봉구 도봉로 681, 1층 (방학동)","1"
"11","서울특별시","53","종로의료기","서울특별시 중랑구 면목로 361 (면목동)","02-491-1981","전동휠체어(가군, 나군) | 의료용 스쿠터 | 보청기 | 욕창예방방석 | 욕창예방매트리스 | 수동휠체어","서울 중랑구 면목로 361","서울 중랑구 면목동 501-4","02220","중랑구","127.088244558838","37.5843418191467","ROAD_ADDR","A","서울특별시 중랑구 면목로 361 (면목동)","1"
"11","서울특별시","52","종로의료기기","서울특별시 금천구 시흥대로138길 10 (독산동)","02-838-7585","전동휠체어(가군, 나군) | 의료용 스쿠터 | 보청기 | 욕창예방방석 | 욕창예방매트리스 | 전방보행차 | 후방보행차","서울 금천구 시흥대로138길 10","서울 금천구 독산동 159-1","08545","금천구","126.899066255696","37.4726218926909","ROAD_ADDR","A","서울특별시 금천구 시흥대로138길 10 (독산동)","1"
"11","서울특별시","51","종로종합의료기","서울특별시 종로구 종로 233-1, 1층 1호 (종로5가, 신화빌딩)","02-745-1125","전동휠체어(가군, 나군) | 의료용 스쿠터 | 보청기 | 욕창예방방석 | 욕창예방매트리스 | 수동휠체어","서울 종로구 종로 233-1","서울 종로구 종로5가 42-1","03126","종로구","127.003780337588","37.5712831170539","ROAD_ADDR","A","서울특별시 종로구 종로 233-1, 1층 1호 (종로5가, 신화빌딩)","1"
"11","서울특별시","50","종림의수족보조기연구쎈타","서울특별시 성북구 동소문로28길 54, 102호 (동선동3가)","02-953-3124","의지·보조기(교정형신발 등) | 전동휠체어(가군, 나군) | 의료용 스쿠터 | 보청기 | 자세보조용구 | 수동휠체어","서울 성북구 동소문로28길 54","서울 성북구 동선동3가 52","02840","성북구","127.021205165175","37.5961187754221","ROAD_ADDR","A","서울특별시 성북구 동소문로28길 54, 102호 (동선동3가)","1"
"11","서울특별시","49","주식회사 굿모닝실버","서울특별시 송파구 백제고분로32길 40, 101호 (삼전동, 라움빌)","070-7543-6973","전동휠체어(가군, 나군) | 의료용 스쿠터 | 욕창예방방석 | 욕창예방매트리스 | 이동식전동리프트 | 전방보행차 | 후방보행차 | 수동휠체어","서울 송파구 백제고분로32길 40","서울 송파구 삼전동 169-19","05597","송파구","127.094548962503","37.4989685026115","ROAD_ADDR","A","서울특별시 송파구 백제고분로32길 40, 101호 (삼전동, 라움빌)","1"
"11","서울특별시","48","주식회사 굿인","서울특별시 강서구 양천로 400-12, B113호 (가양동, 더리브골드타워)","02-862-9865","전동휠체어(가군, 나군) | 의료용 스쿠터 | 욕창예방방석 | 욕창예방매트리스 | 이동식전동리프트 | 수동휠체어","서울 강서구 양천로 400-12","서울 강서구 등촌동 849","07573","강서구","126.84574846806","37.5653423364178","ROAD_ADDR","A","서울특별시 강서구 양천로 400-12, B113호 (가양동, 더리브골드타워)","1"
"11","서울특별시","47","주식회사 더조은케어","서울특별시 동대문구 답십리로69길 148 (장안동)","02-2135-4228","의지·보조기(교정형신발 등) | 전동휠체어(가군, 나군) | 의료용 스쿠터 | 자세보조용구 | 욕창예방방석 | 욕창예방매트리스 | 이동식전동리프트 | 전방보행차 | 후방보행차 | 수동휠체어","서울 동대문구 답십리로69길 148","서울 동대문구 장안동 315-16","02519","동대문구","127.074105507394","37.5789206241629","ROAD_ADDR","A","서울특별시 동대문구 답십리로69길 148 (장안동)","1"
"11","서울특별시","46","주식회사 삼성보조기","서울특별시 강남구 일원로5길 62 (일원동)","02-3411-2536","의지·보조기(교정형신발 등) | 전동휠체어(가군, 나군) | 의료용 스쿠터 | 욕창예방방석 | 욕창예방매트리스 | 이동식전동리프트 | 전방보행차 | 후방보행차 | 수동휠체어","서울 강남구 일원로5길 62","서울 강남구 일원동 657","06342","강남구","127.085099716319","37.4922359783448","ROAD_ADDR","A","서울특별시 강남구 일원로5길 62 (일원동)","1"
"11","서울특별시","45","주식회사 에스오오엠","서울특별시 서초구 효령로 62 (방배동, 백산빌딩)","02-1644-4105","전동휠체어(가군, 나군) | 욕창예방방석 | 욕창예방매트리스 | 이동식전동리프트 | 전방보행차 | 후방보행차 | 수동휠체어","서울 서초구 효령로 62","서울 서초구 방배동 537-20","06697","서초구","126.991138285976","37.4790378716802","ROAD_ADDR","A","서울특별시 서초구 효령로 62 (방배동, 백산빌딩)","1"
"11","서울특별시","44","주식회사 엠코리아토탈서비스","서울특별시 강남구 개포로140길 32, 1층 (일원동)","02-6407-3879","전동휠체어(가군, 나군) | 의료용 스쿠터 | 보청기 | 자세보조용구 | 욕창예방방석 | 욕창예방매트리스 | 이동식전동리프트 | 전방보행차 | 후방보행차 | 수동휠체어","서울 강남구 개포로140길 32","서울 강남구 일원동 641-4","06339","강남구","127.086608834834","37.4935906267977","ROAD_ADDR","A","서울특별시 강남구 개포로140길 32, 1층 (일원동)","1"
"11","서울특별시","43","주식회사 케이씨휠체어","서울특별시 송파구 성내천로 179, 1층 (마천동, 노비코리아)","02-1544-4676","전동휠체어(가군, 나군) | 의료용 스쿠터 | 욕창예방방석 | 욕창예방매트리스 | 이동식전동리프트 | 전방보행차 | 후방보행차 | 수동휠체어","서울 송파구 성내천로 179","서울 송파구 마천동 5-19","05732","송파구","127.147793564879","37.5014654459143","ROAD_ADDR","A","서울특별시 송파구 성내천로 179, 1층 (마천동, 노비코리아)","1"
"11","서울특별시","42","주식회사 케이엠글로벌","서울특별시 중랑구 겸재로50길 30, 1층 (면목동)","02-777-5071","전동휠체어(가군, 나군) | 의료용 스쿠터 | 욕창예방방석 | 욕창예방매트리스 | 이동식전동리프트 | 전방보행차 | 후방보행차 | 수동휠체어","서울 중랑구 겸재로50길 30","서울 중랑구 면목동 70-50","02202","중랑구","127.09207821732","37.5885828363896","ROAD_ADDR","A","서울특별시 중랑구 겸재로50길 30, 1층 (면목동)","1"
"11","서울특별시","41","준계기","서울특별시 서대문구 홍연길 82 (연희동)","02-391-6104","전동휠체어(가군, 나군) | 의료용 스쿠터 | 욕창예방방석 | 욕창예방매트리스","서울 서대문구 홍연길 82","서울 서대문구 연희동 715-4","03695","서대문구","126.931137787376","37.5765560769531","ROAD_ADDR","A","서울특별시 서대문구 홍연길 82 (연희동)","1"
"11","서울특별시","40","준메디칼","서울특별시 강동구 양재대로99길 5, 302호 (성내동, 기풍빌딩)","02-6104-3656","의지·보조기(교정형신발 등) | 전동휠체어(가군, 나군) | 의료용 스쿠터 | 수동휠체어","서울 강동구 양재대로99길 5","서울 강동구 성내동 396-21","05375","강동구","127.13711612297","37.5316976894084","ROAD_ADDR","A","서울특별시 강동구 양재대로99길 5, 302호 (성내동, 기풍빌딩)","1"
"11","서울특별시","39","중앙의료기","서울특별시 동작구 서달로 155 (흑석동)","02-815-7005","전동휠체어(가군, 나군) | 의료용 스쿠터 | 욕창예방방석 | 욕창예방매트리스 | 수동휠체어","서울 동작구 서달로 155","서울 동작구 흑석동 100-5","06972","동작구","126.961757836414","37.5075469077638","ROAD_ADDR","A","서울특별시 동작구 서달로 155 (흑석동)","1"
"11","서울특별시","38","중앙의료기상사","서울특별시 종로구 종로 200, 바열동 지하층 1,2,3호 (종로4가)","02-2272-5656","전동휠체어(가군, 나군) | 의료용 스쿠터 | 보청기 | 욕창예방방석 | 욕창예방매트리스 | 전방보행차 | 후방보행차 | 수동휠체어","서울 종로구 종로 200","서울 종로구 종로4가 176-1","03195","종로구","126.999889520314","37.5706770780112","ROAD_ADDR","A","서울특별시 종로구 종로 200, 바열동 지하층 1,2,3호 (종로4가)","1"
"11","서울특별시","37","참메디칼","서울특별시 도봉구 도봉로135길 13 (쌍문동)","02-994-8261","전동휠체어(가군, 나군) | 의료용 스쿠터 | 보청기 | 욕창예방방석 | 욕창예방매트리스 | 전방보행차 | 수동휠체어","서울 도봉구 도봉로135길 13","서울 도봉구 쌍문동 559","01395","도봉구","127.039671793948","37.6586633845853","ROAD_ADDR","A","서울특별시 도봉구 도봉로135길 13 (쌍문동)","1"
"11","서울특별시","36","천세","서울특별시 구로구 부일로15길 25-5, 1층 (궁동, 금강빌딩)","02-2632-5949","전동휠체어(가군, 나군) | 의료용 스쿠터 | 보청기 | 욕창예방방석 | 욕창예방매트리스 | 이동식전동리프트 | 전방보행차 | 후방보행차 | 수동휠체어","서울 구로구 부일로15길 25-5","서울 구로구 궁동 207-24","08256","구로구","126.833160584069","37.4939251559896","ROAD_ADDR","A","서울특별시 구로구 부일로15길 25-5, 1층 (궁동, 금강빌딩)","1"
"11","서울특별시","35","천호의료기상사","서울특별시 강동구 천중로 79 (천호동)","02-471-3336","전동휠체어(가군, 나군) | 의료용 스쿠터 | 보청기 | 욕창예방방석 | 욕창예방매트리스 | 전방보행차 | 수동휠체어","서울 강동구 천중로 79","서울 강동구 천호동 301-25","05321","강동구","127.130811657318","37.5449118740044","ROAD_ADDR","A","서울특별시 강동구 천중로 79 (천호동)","1"
"11","서울특별시","34","청구의료기","서울특별시 은평구 통일로83길 6 (갈현동)","02-382-0356","전동휠체어(가군, 나군) | 의료용 스쿠터 | 욕창예방방석 | 욕창예방매트리스 | 이동식전동리프트 | 수동휠체어","서울 은평구 통일로83길 6","서울 은평구 갈현동 394-21","03329","은평구","126.91934581352","37.6210909805559","ROAD_ADDR","A","서울특별시 은평구 통일로83길 6 (갈현동)","1"
"11","서울특별시","33","케어곰두리봉사회","서울특별시 강서구 공항대로41길 51 지하1층 133호 (등촌동, 세신그린코아빌딩)","010-6800-9121","전동휠체어(가군, 나군) | 의료용 스쿠터 | 욕창예방방석 | 욕창예방매트리스 | 전방보행차 | 수동휠체어","서울 강서구 공항대로41길 51","서울 강서구 등촌동 696","07586","강서구","126.845776312402","37.5602359798031","ROAD_ADDR","A","서울특별시 강서구 공항대로41길 51 지하1층 133호 (등촌동, 세신그린코아빌딩)","1"
"11","서울특별시","32","케어라이프코리아(주)","서울특별시 강동구 선사로 50, 1층 (천호동, 럭키빌딩)","02-455-0858","전동휠체어(가군, 나군) | 의료용 스쿠터 | 욕창예방방석 | 욕창예방매트리스 | 이동식전동리프트 | 전방보행차 | 후방보행차 | 수동휠체어","서울 강동구 선사로 50","서울 강동구 천호동 337-97","05246","강동구","127.120608405035","37.5429660369394","ROAD_ADDR","A","서울특별시 강동구 선사로 50, 1층 (천호동, 럭키빌딩)","1"
"11","서울특별시","31","케어런의료기","서울특별시 강북구 삼양로107길 10, 1층 101호 (수유동)","02-900-3116","전동휠체어(가군, 나군) | 의료용 스쿠터 | 수동휠체어","서울 강북구 삼양로107길 10","서울 강북구 수유동 345-3","01034","강북구","127.016218320725","37.6415853992869","ROAD_ADDR","A","서울특별시 강북구 삼양로107길 10, 1층 101호 (수유동)","1"
"11","서울특별시","30","케어존","서울특별시 강서구 강서로45길 174, B01호 (내발산동, 수명산씨티)","02-598-3091","전동휠체어(가군, 나군) | 의료용 스쿠터 | 욕창예방방석 | 욕창예방매트리스 | 이동식전동리프트 | 수동휠체어","서울 강서구 강서로45길 174","서울 강서구 내발산동 689-1","07638","강서구","126.830668563722","37.5527181773866","ROAD_ADDR","A","서울특별시 강서구 강서로45길 174, B01호 (내발산동, 수명산씨티)","1"
"11","서울특별시","29","코스모엠케어","서울특별시 중구 다산로20길 12, 201호 (신당동, 수창빌딩)","02-6959-6626","전동휠체어(가군, 나군) | 의료용 스쿠터 | 수동휠체어","서울 중구 다산로20길 12","서울 중구 신당동 340-54","04590","중구","127.012776531919","37.5570772883901","ROAD_ADDR","A","서울특별시 중구 다산로20길 12, 201호 (신당동, 수창빌딩)","1"
"11","서울특별시","28","태리의료기상사","서울특별시 영등포구 영중로 64 (영등포동5가)","02-2678-5666","전동휠체어(가군, 나군) | 의료용 스쿠터 | 보청기 | 욕창예방방석 | 욕창예방매트리스 | 수동휠체어","서울 영등포구 영중로 64","서울 영등포구 영등포동5가 39-6","07250","영등포구","126.905304308899","37.5219304772908","ROAD_ADDR","A","서울특별시 영등포구 영중로 64 (영등포동5가)","1"
"11","서울특별시","27","태양의료기","서울특별시 강북구 도봉로 376, 463동 43호 (번동) 463-43","02-990-0364","전동휠체어(가군, 나군) | 의료용 스쿠터 | 보청기 | 욕창예방방석 | 욕창예방매트리스 | 이동식전동리프트 | 전방보행차 | 후방보행차 | 수동휠체어","서울 강북구 도봉로 376","서울 강북구 번동 463-43","01056","강북구","127.028639931748","37.6403813947561","ROAD_ADDR","A","서울특별시 강북구 도봉로 376, 463동 43호 (번동) 463-43","1"
"11","서울특별시","26","태양의료기","서울특별시 강북구 도봉로 376, 463동 43호 (번동)","02-991-0364","전동휠체어(가군, 나군) | 의료용 스쿠터 | 보청기 | 욕창예방방석 | 욕창예방매트리스 | 이동식전동리프트 | 전방보행차 | 후방보행차 | 수동휠체어","서울 강북구 도봉로 376","서울 강북구 번동 463-43","01056","강북구","127.028639931748","37.6403813947561","ROAD_ADDR","A","서울특별시 강북구 도봉로 376, 463동 43호 (번동)","1"
"11","서울특별시","25","퍼스트케어","서울특별시 노원구 동일로237가길 19-10, 1층 (상계동)","02-999-3117","전동휠체어(가군, 나군) | 의료용 스쿠터 | 욕창예방방석 | 욕창예방매트리스 | 이동식전동리프트 | 수동휠체어","서울 노원구 동일로237가길 19-10","서울 노원구 상계동 1049-22","01612","노원구","127.053655941944","37.6747766643337","ROAD_ADDR","A","서울특별시 노원구 동일로237가길 19-10, 1층 (상계동)","1"
"11","서울특별시","24","평강의료기","서울특별시 은평구 통일로 1020, 엠102호 (진관동, 은평뉴타운 신한 헤센스마트)","02-6080-0711","전동휠체어(가군, 나군) | 의료용 스쿠터 | 욕창예방방석 | 욕창예방매트리스 | 이동식전동리프트 | 전방보행차 | 수동휠체어","서울 은평구 통일로 1020","서울 은평구 진관동 100-2","03311","은평구","126.917852171711","37.6333643585248","ROAD_ADDR","A","서울특별시 은평구 통일로 1020, 엠102호 (진관동, 은평뉴타운 신한 헤센스마트)","1"
"11","서울특별시","23","포웰 주식회사","서울특별시 강동구 올림픽로78길 9, 11호 (천호동)","02-1644-3879","전동휠체어(가군, 나군) | 의료용 스쿠터 | 욕창예방방석 | 욕창예방매트리스 | 이동식전동리프트 | 수동휠체어","서울 강동구 올림픽로78길 9","서울 강동구 천호동 358-11","05327","강동구","127.125454488681","37.5426398718461","ROAD_ADDR","A","서울특별시 강동구 올림픽로78길 9, 11호 (천호동)","1"
"11","서울특별시","22","플러스케어","서울특별시 관악구 보라매로 47, 1층 102호 (봉천동, 하우피스오피스텔)","010-9719-4266","전동휠체어(가군, 나군) | 의료용 스쿠터 | 욕창예방방석 | 욕창예방매트리스 | 이동식전동리프트 | 수동휠체어","서울 관악구 보라매로 47","서울 관악구 봉천동 725-4","08708","관악구","126.926784121889","37.4937103297418","ROAD_ADDR","A","서울특별시 관악구 보라매로 47, 1층 102호 (봉천동, 하우피스오피스텔)","1"
"11","서울특별시","21","피포스 복지용구샵","서울특별시 서대문구 홍은중앙로 100-4, 1층 1호 (홍은동)","02-6014-4032","전동휠체어(가군, 나군) | 의료용 스쿠터 | 욕창예방방석 | 욕창예방매트리스 | 이동식전동리프트 | 전방보행차 | 수동휠체어","서울 서대문구 홍은중앙로 100-4","서울 서대문구 홍은동 9-89","03605","서대문구","126.948560540973","37.5992491547234","ROAD_ADDR","A","서울특별시 서대문구 홍은중앙로 100-4, 1층 1호 (홍은동)","1"
"11","서울특별시","20","필립의료기","서울특별시 강북구 도봉로 269 (수유동)","02-982-1110","전동휠체어(가군, 나군) | 의료용 스쿠터 | 보청기 | 욕창예방방석 | 욕창예방매트리스 | 이동식전동리프트 | 전방보행차 | 후방보행차 | 수동휠체어","서울 강북구 도봉로 269","서울 강북구 수유동 61-3","01114","강북구","127.023418072655","37.6324612648272","ROAD_ADDR","A","서울특별시 강북구 도봉로 269 (수유동)","1"
"11","서울특별시","19","하나의료기","서울특별시 양천구 국회대로10길 14 (신정동)","02-2699-9988","전동휠체어(가군, 나군) | 보청기 | 욕창예방매트리스 | 수동휠체어","서울 양천구 국회대로10길 14","서울 양천구 신정동 895-48","07937","양천구","126.863277508003","37.528274432559","ROAD_ADDR","A","서울특별시 양천구 국회대로10길 14 (신정동)","1"
"11","서울특별시","18","한강의료기기","서울특별시 동작구 상도로 407-5 삼호아파트 상가동, 1동 114호 (상도동, 삼호아파트)","02-813-0990","전동휠체어(가군, 나군) | 의료용 스쿠터 | 보청기 | 이동식전동리프트 | 수동휠체어","서울 동작구 상도로 407-5","서울 동작구 상도동 408","07026","동작구","126.956974422755","37.4934139745239","ROAD_ADDR","A","서울특별시 동작구 상도로 407-5 삼호아파트 상가동, 1동 114호 (상도동, 삼호아파트)","1"
"11","서울특별시","17","한울메디컬센터","서울특별시 강서구 양천로57길 37 (4단지 상가)B129호 (가양동, 가양4단지아파트)","02-2668-2235","전동휠체어(가군, 나군) | 의료용 스쿠터 | 욕창예방방석 | 욕창예방매트리스 | 이동식전동리프트 | 수동휠체어","서울 강서구 양천로57길 37","서울 강서구 가양동 1478","07527","강서구","126.852047007656","37.5659376664079","ROAD_ADDR","A","서울특별시 강서구 양천로57길 37 (4단지 상가)B129호 (가양동, 가양4단지아파트)","1"
"11","서울특별시","16","한일의료기","서울특별시 강동구 성안로 143, 1층 101호 (천호동, 청광노블하임)","02-474-5153","전동휠체어(가군, 나군) | 의료용 스쿠터 | 보청기 | 욕창예방방석 | 욕창예방매트리스 | 이동식전동리프트 | 전방보행차 | 수동휠체어","서울 강동구 성안로 143","서울 강동구 천호동 447-3","05339","강동구","127.134390449855","37.5361295093042","ROAD_ADDR","A","서울특별시 강동구 성안로 143, 1층 101호 (천호동, 청광노블하임)","1"
"11","서울특별시","15","함길수제화&의지보조기","서울특별시 구로구 오리로 지하1154, 2-1호 (천왕동, 천왕역)","010-2282-4199","의지·보조기(교정형신발 등) | 전동휠체어(가군, 나군) | 의료용 스쿠터 | 보청기 | 자세보조용구 | 욕창예방방석 | 욕창예방매트리스 | 이동식전동리프트 | 전방보행차 | 후방보행차 | 수동휠체어","서울 구로구 오리로 지하 1154","서울 구로구 천왕동 14-25","08342","구로구","126.838713741162","37.4868219430207","ROAD_ADDR","A","서울특별시 구로구 오리로 지하1154","2"
"11","서울특별시","14","해솔메디칼","서울특별시 동대문구 약령시로17길 59-18, 1층 (제기동)","02-962-5759","전동휠체어(가군, 나군) | 의료용 스쿠터 | 욕창예방방석 | 욕창예방매트리스 | 수동휠체어","서울 동대문구 약령시로17길 59-18","서울 동대문구 제기동 286-37","02480","동대문구","127.041661857439","37.5857785869924","ROAD_ADDR","A","서울특별시 동대문구 약령시로17길 59-18, 1층 (제기동)","1"
"11","서울특별시","13","행복메디칼","서울특별시 강서구 양천로24가길 19, 1층 (방화동)","02-6368-0531","전동휠체어(가군, 나군) | 의료용 스쿠터 | 욕창예방방석 | 욕창예방매트리스 | 이동식전동리프트 | 수동휠체어","서울 강서구 양천로24가길 19","서울 강서구 방화동 281-4","07604","강서구","126.814609199419","37.5726294769625","ROAD_ADDR","A","서울특별시 강서구 양천로24가길 19, 1층 (방화동)","1"
"11","서울특별시","12","행복의료기","서울특별시 종로구 종로 252 (종로5가)","02-2267-3500","전동휠체어(가군, 나군) | 의료용 스쿠터 | 보청기 | 욕창예방방석 | 욕창예방매트리스","서울 종로구 종로 252","서울 종로구 종로5가 261-2","03197","종로구","127.005711676263","37.5708386685512","ROAD_ADDR","A","서울특별시 종로구 종로 252 (종로5가)","1"
"11","서울특별시","11","허준의료기","서울특별시 금천구 시흥대로 155, 107호 (시흥동, 시흥빌딩)","02-808-9088","전동휠체어(가군, 나군) | 의료용 스쿠터 | 욕창예방방석 | 욕창예방매트리스 | 수동휠체어","서울 금천구 시흥대로 155","서울 금천구 시흥동 986-4","08638","금천구","126.902552595104","37.4480264749885","ROAD_ADDR","A","서울특별시 금천구 시흥대로 155, 107호 (시흥동, 시흥빌딩)","1"
"11","서울특별시","10","헬스드림","서울특별시 영등포구 영등포로 198-0 (영등포동4가) 1층","02-2606-9400","전동휠체어(가군, 나군) | 의료용 스쿠터 | 보청기 | 욕창예방방석 | 욕창예방매트리스 | 이동식전동리프트 | 전방보행차 | 수동휠체어","서울 영등포구 영등포로 198","서울 영등포구 영등포동4가 146-1","07301","영등포구","126.903315626376","37.5199908996266","ROAD_ADDR","A","서울특별시 영등포구 영등포로 198-0 (영등포동4가) 1층","1"
"11","서울특별시","9","헬스마일 장안점","서울특별시 동대문구 답십리로67길 2, 2호 (장안동)","02-2278-6353","전동휠체어(가군, 나군) | 의료용 스쿠터 | 보청기 | 욕창예방방석 | 욕창예방매트리스 | 이동식전동리프트 | 전방보행차 | 후방보행차 | 수동휠체어","서울 동대문구 답십리로67길 2","서울 동대문구 장안동 295-7","02530","동대문구","127.069832410327","37.5727072692518","ROAD_ADDR","A","서울특별시 동대문구 답십리로67길 2, 2호 (장안동)","1"
"11","서울특별시","8","헬스마일서울의료원점","서울특별시 중랑구 신내로16길 17, 106호 (신내동)","02-3422-4600","전동휠체어(가군, 나군) | 의료용 스쿠터 | 욕창예방방석 | 욕창예방매트리스 | 전방보행차 | 수동휠체어","서울 중랑구 신내로16길 17","서울 중랑구 신내동 315-3","02053","중랑구","127.097180289147","37.6141751592324","ROAD_ADDR","A","서울특별시 중랑구 신내로16길 17, 106호 (신내동)","1"
"11","서울특별시","7","현대메디칼","서울시 성동구 용답동(용답동) 228-1번지","02-2212-0550","전동휠체어(가군, 나군) | 의료용 스쿠터 | 욕창예방방석 | 욕창예방매트리스 | 이동식전동리프트 | 수동휠체어","서울 성동구 천호대로 366","서울 성동구 용답동 228-1","04808","성동구","127.059469543501","37.5617154807207","REGION_ADDR","A","서울시 성동구 용답동(용답동) 228-1번지","1"
"11","서울특별시","6","현대의료기상사","서울특별시 중랑구 동일로151길 66 (묵동)","02-972-2513","전동휠체어(가군, 나군) | 의료용 스쿠터 | 욕창예방방석 | 욕창예방매트리스 | 이동식전동리프트 | 전방보행차 | 수동휠체어","서울 중랑구 동일로151길 66","서울 중랑구 묵동 242-36","02008","중랑구","127.074272489406","37.6078583886473","ROAD_ADDR","A","서울특별시 중랑구 동일로151길 66 (묵동)","1"
"11","서울특별시","5","현대의료기상사","서울특별시 성북구 화랑로33가길 20 (장위동)","02-909-2512","전동휠체어(가군, 나군) | 의료용 스쿠터 | 욕창예방방석 | 욕창예방매트리스 | 이동식전동리프트 | 전방보행차 | 수동휠체어","서울 성북구 화랑로33가길 20","서울 성북구 장위동 66-115","02771","성북구","127.054026082579","37.6111542205509","ROAD_ADDR","A","서울특별시 성북구 화랑로33가길 20 (장위동)","1"
"11","서울특별시","4","현대의수족보조기 주식회사","서울특별시 구로구 가마산로 207 (구로동)","02-830-4733","의지·보조기(교정형신발 등) | 전동휠체어(가군, 나군) | 의료용 스쿠터 | 이동식전동리프트 | 수동휠체어","서울 구로구 가마산로 207","서울 구로구 구로동 426-68","08285","구로구","126.884320406469","37.4934843772347","ROAD_ADDR","A","서울특별시 구로구 가마산로 207 (구로동)","1"
"11","서울특별시","3","현대케어","서울특별시 관악구 당곡2길 17, 1층 (봉천동)","02-887-6775","전동휠체어(가군, 나군) | 의료용 스쿠터 | 욕창예방방석 | 욕창예방매트리스 | 이동식전동리프트 | 수동휠체어","서울 관악구 당곡2길 17","서울 관악구 봉천동 711-28","08710","관악구","126.929869034246","37.4908358261454","ROAD_ADDR","A","서울특별시 관악구 당곡2길 17, 1층 (봉천동)","1"
"11","서울특별시","2","홍익보조기","서울특별시 용산구 한강대로7길 18-12, 1층 (한강로3가, 인영빌딩)","02-793-7931","의지·보조기(교정형신발 등) | 전동휠체어(가군, 나군) | 의료용 스쿠터 | 보청기","서울 용산구 한강대로7길 18-12","서울 용산구 한강로3가 40-10","04379","용산구","126.962433052803","37.5249151399962","ROAD_ADDR","A","서울특별시 용산구 한강대로7길 18-12, 1층 (한강로3가, 인영빌딩)","1"
"11","서울특별시","1","휴본","서울특별시 관악구 조원로16가길 35, 지층 B01호 (신림동)","010-7676-2099","의지·보조기(교정형신발 등) | 전동휠체어(가군, 나군) | 의료용 스쿠터 | 욕창예방방석 | 욕창예방매트리스 | 이동식전동리프트 | 전방보행차 | 후방보행차 | 수동휠체어","서울 관악구 조원로16가길 35","서울 관악구 신림동 537-2","08767","관악구","126.912669506731","37.4828911703057","ROAD_ADDR","A","서울특별시 관악구 조원로16가길 35, 지층 B01호 (신림동)","1"
"12","전남광주통합특별시","171","(수)복지용구의료기","전라남도 순천시 순광로 218 (해룡면, 성심약국)","061-727-0656","전동휠체어(가군, 나군) | 의료용 스쿠터 | 보청기 | 욕창예방방석 | 욕창예방매트리스 | 이동식전동리프트 | 수동휠체어","전남광주통합특별시 순천시 해룡면 순광로 218","전남광주통합특별시 순천시 해룡면 복성리 594-1","57972","순천시","127.542353674976","34.9630276792024","ROAD_ADDR","A","전라남도 순천시 순광로 218 (해룡면, 성심약국)","1"
"12","전남광주통합특별시","170","(주)가가헬스케어","광주광역시 남구 봉선1로 19-1 (봉선동)","062-1522-4361","전동휠체어(가군, 나군) | 의료용 스쿠터 | 욕창예방방석 | 욕창예방매트리스 | 이동식전동리프트 | 전방보행차 | 후방보행차 | 수동휠체어","전남광주통합특별시 남구 봉선1로 19-1","전남광주통합특별시 남구 봉선동 1002-12","61694","남구","126.907408025698","35.127896884423","ROAD_ADDR","A","광주광역시 남구 봉선1로 19-1 (봉선동)","1"
"12","전남광주통합특별시","169","(주)금강케어","광주광역시 광산구 장신로20번길 13-10 (장덕동)","010-4641-4405","전동휠체어(가군, 나군) | 의료용 스쿠터 | 욕창예방방석 | 이동식전동리프트 | 수동휠체어","전남광주통합특별시 광산구 장신로20번길 13-10","전남광주통합특별시 광산구 장덕동 1565","62226","광산구","126.813360352725","35.1898773459752","ROAD_ADDR","A","광주광역시 광산구 장신로20번길 13-10 (장덕동)","1"
"12","전남광주통합특별시","168","(주)또하나의가족광주센터","광주광역시 서구 유덕로141번길 30, 1층 (덕흥동)","062-363-0425","전동휠체어(가군, 나군) | 의료용 스쿠터 | 보청기 | 욕창예방방석 | 욕창예방매트리스 | 이동식전동리프트","전남광주통합특별시 서구 유덕로141번길 30","전남광주통합특별시 서구 덕흥동 22-9","61900","서구","126.838561352727","35.1646137638985","ROAD_ADDR","A","광주광역시 서구 유덕로141번길 30, 1층 (덕흥동)","1"
"12","전남광주통합특별시","167","(주)베스트메디칼","전라남도 목포시 백년대로 328 (상동)","061-282-0629","전동휠체어(가군, 나군) | 의료용 스쿠터 | 욕창예방방석 | 욕창예방매트리스 | 이동식전동리프트 | 전방보행차 | 수동휠체어","전남광주통합특별시 목포시 백년대로 328","전남광주통합특별시 목포시 상동 881-2","58690","목포시","126.423351561711","34.8048764016654","ROAD_ADDR","A","전라남도 목포시 백년대로 328 (상동)","1"
"12","전남광주통합특별시","166","(주)통일의료기광주센터","광주시 광산구 첨단2동(산월동) 884-2 첨단3-3차 호반리젠시빌제상가 1동105호","062-973-1461","전동휠체어(가군, 나군) | 의료용 스쿠터 | 보청기 | 욕창예방방석 | 욕창예방매트리스 | 이동식전동리프트 | 전방보행차 | 후방보행차 | 수동휠체어","전남광주통합특별시 광산구 첨단중앙로68번길 134","전남광주통합특별시 광산구 산월동 884-2","62282","광산구","126.850409071475","35.2101008660101","REGION_ADDR","A","광주시 광산구 첨단2동(산월동) 884-2 첨단3-3차 호반리젠시빌제상가 1동105호","1"
"12","전남광주통합특별시","165","(주)한일의수족","전남 목포시 용해동(용해동) 22-52","061-279-1504","의지·보조기(교정형신발 등) | 전동휠체어(가군, 나군) | 의료용 스쿠터 | 욕창예방방석 | 욕창예방매트리스 | 이동식전동리프트 | 후방보행차 | 수동휠체어","","","","","","","","NONE","","2"
"12","전남광주통합특별시","164","(주)한일의수족","광주시 남구 양림동(양림동) 24-37","062-652-1508","의지·보조기(교정형신발 등) | 전동휠체어(가군, 나군) | 의료용 스쿠터 | 욕창예방방석 | 욕창예방매트리스 | 이동식전동리프트 | 후방보행차 | 수동휠체어","전남광주통합특별시 남구 천변좌로 432","전남광주통합특별시 남구 양림동 24-37","61640","남구","126.91664372329","35.1415013713565","REGION_ADDR","A","광주시 남구 양림동(양림동) 24-37","1"
"12","전남광주통합특별시","163","(주)한일의수족","광주광역시 동구 제봉로 55, 1층 (남동)","062-224-1504","의지·보조기(교정형신발 등) | 전동휠체어(가군, 나군) | 의료용 스쿠터 | 욕창예방방석 | 욕창예방매트리스 | 이동식전동리프트 | 후방보행차 | 수동휠체어","전남광주통합특별시 동구 제봉로 55","전남광주통합특별시 동구 남동 112-5","61486","동구","126.920709574775","35.1434908819064","ROAD_ADDR","A","광주광역시 동구 제봉로 55, 1층 (남동)","1"
"12","전남광주통합특별시","162","(주)휴먼메디칼","광주광역시 광산구 목련로394번길 50, 1층 (신가동)","062-954-6653","전동휠체어(가군, 나군) | 의료용 스쿠터 | 욕창예방방석 | 욕창예방매트리스 | 이동식전동리프트 | 수동휠체어","전남광주통합특별시 광산구 목련로394번길 50","전남광주통합특별시 광산구 신가동 1008-4","62300","광산구","126.835315369842","35.183642704332","ROAD_ADDR","A","광주광역시 광산구 목련로394번길 50, 1층 (신가동)","1"
"12","전남광주통합특별시","161","100세 광양의료기","전라남도 광양시 공영로 92 (중동)","010-4642-1551","전동휠체어(가군, 나군) | 의료용 스쿠터 | 이동식전동리프트 | 수동휠체어","전남광주통합특별시 광양시 공영로 92","전남광주통합특별시 광양시 중동 1758-4","57796","광양시","127.699130658732","34.9356024011222","ROAD_ADDR","A","전라남도 광양시 공영로 92 (중동)","1"
"12","전남광주통합특별시","160","100세 의료기","전라남도 화순군 자치샘로 64 (화순읍)","061-371-9100","전동휠체어(가군, 나군) | 의료용 스쿠터 | 보청기 | 수동휠체어","전남광주통합특별시 화순군 화순읍 자치샘로 64","전남광주통합특별시 화순군 화순읍 향청리 36-1","58118","화순군","126.987622337018","35.0606377220609","ROAD_ADDR","A","전라남도 화순군 자치샘로 64 (화순읍)","1"
"12","전남광주통합특별시","159","100세 의료기 나주점","전라남도 나주시 나주로 211 (성북동, 남원골추어탕)","061-930-1038","전동휠체어(가군, 나군) | 의료용 스쿠터 | 보청기 | 욕창예방방석 | 욕창예방매트리스 | 전방보행차 | 후방보행차 | 수동휠체어","전남광주통합특별시 나주시 나주로 211","전남광주통합특별시 나주시 성북동 139-5","58255","나주시","126.721496336865","35.0353991140382","ROAD_ADDR","A","전라남도 나주시 나주로 211 (성북동, 남원골추어탕)","1"
"12","전남광주통합특별시","158","100세동안목포점","전라남도 목포시 옥암로 116, 1호 (옥암동)","061-276-0500","전동휠체어(가군, 나군) | 의료용 스쿠터 | 수동휠체어","전남광주통합특별시 목포시 옥암로 116","전남광주통합특별시 목포시 옥암동 959-8","58663","목포시","126.425578455442","34.8094061734338","ROAD_ADDR","A","전라남도 목포시 옥암로 116, 1호 (옥암동)","1"
"12","전남광주통합특별시","157","9988의료기","전라남도 순천시 순광로 209 (조례동, 승주약국)","061-721-0890","전동휠체어(가군, 나군) | 의료용 스쿠터 | 이동식전동리프트 | 수동휠체어","전남광주통합특별시 순천시 순광로 209","전남광주통합특별시 순천시 조례동 4-23","57931","순천시","127.541157056542","34.9635973678909","ROAD_ADDR","A","전라남도 순천시 순광로 209 (조례동, 승주약국)","1"
"12","전남광주통합특별시","156","KR모터스 나주대흥대리점","전라남도 나주시 풍물시장2길 67 (이창동, 효성스즈끼대흥대리점)","061-332-5583","전동휠체어(가군, 나군) | 의료용 스쿠터","전남광주통합특별시 나주시 풍물시장2길 67","전남광주통합특별시 나주시 이창동 750-2","58274","나주시","126.711950941366","34.9951532297164","ROAD_ADDR","A","전라남도 나주시 풍물시장2길 67 (이창동, 효성스즈끼대흥대리점)","1"
"12","전남광주통합특별시","155","ORTEC(올텍)","광주광역시 북구 반룡로 57 상가, 101동 203호 (용봉동, 용봉동 유창하이리빙맨션)","062-252-1400","의지·보조기(교정형신발 등) | 전동휠체어(가군, 나군) | 의료용 스쿠터 | 보청기 | 자세보조용구 | 욕창예방방석 | 욕창예방매트리스 | 이동식전동리프트 | 수동휠체어 | 의안","전남광주통합특별시 북구 반룡로 57","전남광주통합특별시 북구 용봉동 405","61182","북구","126.904367066039","35.1787428665844","ROAD_ADDR","A","광주광역시 북구 반룡로 57 상가, 101동 203호 (용봉동, 용봉동 유창하이리빙맨션)","1"
"12","전남광주통합특별시","154","가가의료기","광주광역시 남구 봉선1로 19-1 (봉선동)","062-652-9789","전동휠체어(가군, 나군) | 의료용 스쿠터 | 자세보조용구 | 욕창예방방석 | 욕창예방매트리스 | 이동식전동리프트 | 수동휠체어","전남광주통합특별시 남구 봉선1로 19-1","전남광주통합특별시 남구 봉선동 1002-12","61694","남구","126.907408025698","35.127896884423","ROAD_ADDR","A","광주광역시 남구 봉선1로 19-1 (봉선동)","1"
"12","전남광주통합특별시","153","가나의료기","광주광역시 북구 평교로18번길 58 (우산동)","062-267-0449","전동휠체어(가군, 나군) | 의료용 스쿠터 | 욕창예방방석 | 욕창예방매트리스 | 이동식전동리프트 | 전방보행차 | 수동휠체어","전남광주통합특별시 북구 평교로18번길 58","전남광주통합특별시 북구 우산동 4-2","61171","북구","126.927783039404","35.178080639679","ROAD_ADDR","A","광주광역시 북구 평교로18번길 58 (우산동)","1"
"12","전남광주통합특별시","152","가나의료기.독일보청기","전라남도 광양시 중마중앙로 87 (중동)","061-792-0230","전동휠체어(가군, 나군) | 의료용 스쿠터 | 보청기 | 욕창예방방석 | 욕창예방매트리스 | 전방보행차 | 후방보행차 | 수동휠체어","전남광주통합특별시 광양시 중마중앙로 87","전남광주통합특별시 광양시 중동 1634-5","57788","광양시","127.697745321749","34.9380487505761","ROAD_ADDR","A","전라남도 광양시 중마중앙로 87 (중동)","1"
"12","전남광주통합특별시","151","가온","전라남도 담양군 천변6길 9-9 (담양읍)","061-383-6701","전동휠체어(가군, 나군) | 의료용 스쿠터 | 욕창예방방석 | 욕창예방매트리스 | 수동휠체어","전남광주통합특별시 담양군 담양읍 천변6길 9-9","전남광주통합특별시 담양군 담양읍 천변리 176-20","57343","담양군","126.982375156271","35.3159893456094","ROAD_ADDR","A","전라남도 담양군 천변6길 9-9 (담양읍)","1"
"12","전남광주통합특별시","150","강산의료기","전라남도 화순군 칠충로 116 (화순읍)","061-373-3700","전동휠체어(가군, 나군) | 의료용 스쿠터 | 수동휠체어","전남광주통합특별시 화순군 화순읍 칠충로 116","전남광주통합특별시 화순군 화순읍 삼천리 617-5","58122","화순군","126.982375373649","35.0592127211511","ROAD_ADDR","A","전라남도 화순군 칠충로 116 (화순읍)","1"
"12","전남광주통합특별시","149","강진스쿠터.AUTECH","전라남도 강진군 보은로 151-1 (강진읍)","061-434-3905","전동휠체어(가군, 나군) | 의료용 스쿠터 | 수동휠체어","전남광주통합특별시 강진군 강진읍 보은로 151-1","전남광주통합특별시 강진군 강진읍 동성리 184-14","59231","강진군","126.774661272836","34.6388540597689","ROAD_ADDR","A","전라남도 강진군 보은로 151-1 (강진읍)","1"
"12","전남광주통합특별시","148","강진의료복지용구","전라남도 강진군 중앙로 33 (강진읍)","061-433-1337","전동휠체어(가군, 나군) | 의료용 스쿠터 | 욕창예방방석 | 욕창예방매트리스 | 수동휠체어","전남광주통합특별시 강진군 강진읍 중앙로 33","전남광주통합특별시 강진군 강진읍 서성리 334-12","59237","강진군","126.762956555113","34.6348240035911","ROAD_ADDR","A","전라남도 강진군 중앙로 33 (강진읍)","1"
"12","전남광주통합특별시","147","건강의료기","전라남도 순천시 장평로 60, E19호 (풍덕동)","061-741-5332","전동휠체어(가군, 나군) | 의료용 스쿠터 | 욕창예방매트리스 | 수동휠체어","전남광주통합특별시 순천시 장평로 60","전남광주통합특별시 순천시 풍덕동 1264","57961","순천시","127.496090048525","34.9451467854375","ROAD_ADDR","A","전라남도 순천시 장평로 60, E19호 (풍덕동)","1"
"12","전남광주통합특별시","146","건강의료기","전라남도 여수시 좌수영로 28 (서교동)","061-652-9390","전동휠체어(가군, 나군) | 의료용 스쿠터 | 욕창예방방석 | 욕창예방매트리스 | 이동식전동리프트 | 전방보행차 | 후방보행차 | 수동휠체어","전남광주통합특별시 여수시 좌수영로 28","전남광주통합특별시 여수시 서교동 242","59752","여수시","127.728338953257","34.7427887358762","ROAD_ADDR","A","전라남도 여수시 좌수영로 28 (서교동)","1"
"12","전남광주통합특별시","145","고흥 건강의료기","전라남도 고흥군 고흥로 1655, 1층 104호 (고흥읍)","061-834-5987","전동휠체어(가군, 나군) | 의료용 스쿠터 | 이동식전동리프트 | 전방보행차 | 수동휠체어","전남광주통합특별시 고흥군 고흥읍 고흥로 1655","전남광주통합특별시 고흥군 고흥읍 남계리 840-6","59543","고흥군","127.278934962669","34.6018588393268","ROAD_ADDR","A","전라남도 고흥군 고흥로 1655, 1층 104호 (고흥읍)","1"
"12","전남광주통합특별시","144","고흥연세의료기","전라남도 고흥군 여산당촌길 28 (고흥읍, 금융업소)","061-835-3352","전동휠체어(가군, 나군) | 의료용 스쿠터 | 보청기 | 욕창예방방석 | 욕창예방매트리스 | 이동식전동리프트 | 전방보행차 | 수동휠체어","전남광주통합특별시 고흥군 고흥읍 여산당촌길 28","전남광주통합특별시 고흥군 고흥읍 서문리 217-4","59540","고흥군","127.280045297695","34.6076698517384","ROAD_ADDR","A","전라남도 고흥군 여산당촌길 28 (고흥읍, 금융업소)","1"
"12","전남광주통합특별시","143","곡성의료기","전라남도 곡성군 읍내18길 4-1 (곡성읍)","061-363-9632","전동휠체어(가군, 나군) | 의료용 스쿠터 | 수동휠체어","전남광주통합특별시 곡성군 곡성읍 읍내18길 4-1","전남광주통합특별시 곡성군 곡성읍 읍내리 189-2","57535","곡성군","127.298365888431","35.2825139835988","ROAD_ADDR","A","전라남도 곡성군 읍내18길 4-1 (곡성읍)","1"
"12","전남광주통합특별시","142","광양전동차","전라남도 광양시 매천로 881 (광양읍)","061-762-2669","전동휠체어(가군, 나군) | 의료용 스쿠터 | 수동휠체어","전남광주통합특별시 광양시 광양읍 매천로 881","전남광주통합특별시 광양시 광양읍 목성리 718-1","57751","광양시","127.59090101308","34.9730850192269","ROAD_ADDR","A","전라남도 광양시 매천로 881 (광양읍)","1"
"12","전남광주통합특별시","141","광주광역시지체장애인협회","광주광역시 서구 하남대로680번길 1, 4층 (동천동)","062-529-3329","전동휠체어(가군, 나군) | 의료용 스쿠터","전남광주통합특별시 서구 하남대로680번길 1","전남광주통합특별시 서구 동천동 619","61903","서구","126.867186261505","35.1714023998085","ROAD_ADDR","A","광주광역시 서구 하남대로680번길 1, 4층 (동천동)","1"
"12","전남광주통합특별시","140","광주기획","광주광역시 북구 군왕로 150-1 (두암동)","062-232-6949","전동휠체어(가군, 나군) | 의료용 스쿠터","전남광주통합특별시 북구 군왕로 150-1","전남광주통합특별시 북구 두암동 826-48","61155","북구","126.933155432626","35.1747123780479","ROAD_ADDR","A","광주광역시 북구 군왕로 150-1 (두암동)","1"
"12","전남광주통합특별시","139","광주메디텍","광주광역시 북구 군왕로207번길 20 상가 109호 (각화동, 각화 영구임대아파트)","062-263-6949","전동휠체어(가군, 나군) | 의료용 스쿠터 | 욕창예방방석 | 욕창예방매트리스 | 이동식전동리프트 | 수동휠체어","전남광주통합특별시 북구 군왕로207번길 20","전남광주통합특별시 북구 각화동 202","61166","북구","126.934052534513","35.1806884146817","ROAD_ADDR","A","광주광역시 북구 군왕로207번길 20 상가 109호 (각화동, 각화 영구임대아파트)","1"
"12","전남광주통합특별시","138","광주의료기","광주광역시 동구 백서로 165, 1층 (서석동)","062-228-0492","전동휠체어(가군, 나군) | 의료용 스쿠터 | 보청기 | 욕창예방방석 | 욕창예방매트리스 | 이동식전동리프트 | 전방보행차 | 후방보행차 | 수동휠체어","전남광주통합특별시 동구 백서로 165","전남광주통합특별시 동구 서석동 98-1","61468","동구","126.922944555353","35.1436010279312","ROAD_ADDR","A","광주광역시 동구 백서로 165, 1층 (서석동)","1"
"12","전남광주통합특별시","137","광주전동차","광주광역시 북구 비엔날레로 104, 1층 (용봉동)","010-5252-6460","전동휠체어(가군, 나군) | 의료용 스쿠터","전남광주통합특별시 북구 비엔날레로 104","전남광주통합특별시 북구 용봉동 1043-5","61107","북구","126.890456669479","35.1810975054974","ROAD_ADDR","A","광주광역시 북구 비엔날레로 104, 1층 (용봉동)","1"
"12","전남광주통합특별시","136","구례의료기","전라남도 구례군 봉성로 80 (구례읍, 동아서점)","061-782-8889","전동휠체어(가군, 나군) | 의료용 스쿠터 | 욕창예방방석 | 욕창예방매트리스 | 이동식전동리프트 | 전방보행차 | 후방보행차","전남광주통합특별시 구례군 구례읍 봉성로 80","전남광주통합특별시 구례군 구례읍 봉동리 315-11","57643","구례군","127.464721532348","35.2093334310681","ROAD_ADDR","A","전라남도 구례군 봉성로 80 (구례읍, 동아서점)","1"
"12","전남광주통합특별시","135","그린의료기","전라남도 장흥군 동교1길 9-3 (장흥읍)","061-862-6955","전동휠체어(가군, 나군) | 의료용 스쿠터 | 욕창예방방석 | 욕창예방매트리스 | 수동휠체어","전남광주통합특별시 장흥군 장흥읍 동교1길 9-3","전남광주통합특별시 장흥군 장흥읍 건산리 743-57","59327","장흥군","126.906597637805","34.6767264117861","ROAD_ADDR","A","전라남도 장흥군 동교1길 9-3 (장흥읍)","1"
"12","전남광주통합특별시","134","그린의료기복지용구","전라남도 함평군 영수길 200 (함평읍)","061-324-1113","전동휠체어(가군, 나군) | 의료용 스쿠터 | 욕창예방방석 | 욕창예방매트리스 | 이동식전동리프트 | 전방보행차 | 후방보행차 | 수동휠체어","전남광주통합특별시 함평군 함평읍 영수길 200","전남광주통합특별시 함평군 함평읍 내교리 217-4","57151","함평군","126.520939632673","35.0646950427679","ROAD_ADDR","A","전라남도 함평군 영수길 200 (함평읍)","1"
"12","전남광주통합특별시","133","근로복지공단 재활공학연구소 순천서비스센터","전남 순천시 왕조1동(조례동) 544번지 순천산재병원","061-720-7300","의지·보조기(교정형신발 등) | 전동휠체어(가군, 나군) | 의료용 스쿠터 | 욕창예방방석 | 욕창예방매트리스 | 이동식전동리프트 | 수동휠체어","전남광주통합특별시 순천시 조례1길 24","전남광주통합특별시 순천시 조례동 544","57947","순천시","127.525325416169","34.9610018711005","REGION_ADDR","A","전남 순천시 왕조1동(조례동) 544번지 순천산재병원","1"
"12","전남광주통합특별시","132","금강의료기","광주광역시 광산구 장신로20번길 13-10 (장덕동)","062-956-9813","전동휠체어(가군, 나군) | 의료용 스쿠터 | 욕창예방방석 | 수동휠체어","전남광주통합특별시 광산구 장신로20번길 13-10","전남광주통합특별시 광산구 장덕동 1565","62226","광산구","126.813360352725","35.1898773459752","ROAD_ADDR","A","광주광역시 광산구 장신로20번길 13-10 (장덕동)","1"
"12","전남광주통합특별시","131","나라의료기","전라남도 목포시 신촌로 4-1 (용당동)","010-5681-3345","전동휠체어(가군, 나군) | 의료용 스쿠터 | 욕창예방방석 | 욕창예방매트리스 | 이동식전동리프트 | 수동휠체어","전남광주통합특별시 목포시 신촌로 4-1","전남광주통합특별시 목포시 용당동 964-86","58648","목포시","126.388836933","34.8070497821943","ROAD_ADDR","A","전라남도 목포시 신촌로 4-1 (용당동)","1"
"12","전남광주통합특별시","130","나라의료기","전라남도 순천시 양율길 176 (대룡동, 식당)","061-746-3005","전동휠체어(가군, 나군) | 의료용 스쿠터 | 욕창예방방석 | 욕창예방매트리스 | 이동식전동리프트 | 전방보행차 | 후방보행차 | 수동휠체어","전남광주통합특별시 순천시 양율길 176","전남광주통합특별시 순천시 대룡동 988-2","58028","순천시","127.483675264147","34.9078041384885","ROAD_ADDR","A","전라남도 순천시 양율길 176 (대룡동, 식당)","1"
"12","전남광주통합특별시","129","나주의료기","전라남도 나주시 동점문길 17-7 (성북동, 효성모터스)","061-337-5455","전동휠체어(가군, 나군) | 의료용 스쿠터","전남광주통합특별시 나주시 동점문길 17-7","전남광주통합특별시 나주시 성북동 133","58255","나주시","126.72307851589","35.0351633300455","ROAD_ADDR","A","전라남도 나주시 동점문길 17-7 (성북동, 효성모터스)","1"
"12","전남광주통합특별시","128","남광의료과학상사","광주광역시 동구 문화전당로 9-4 (남동)","062-222-3401","전동휠체어(가군, 나군) | 의료용 스쿠터 | 보청기","전남광주통합특별시 동구 문화전당로 9-4","전남광주통합특별시 동구 남동 131","61487","동구","126.919871874689","35.1435848837365","ROAD_ADDR","A","광주광역시 동구 문화전당로 9-4 (남동)","1"
"12","전남광주통합특별시","127","노인요양의료기","전라남도 보성군 채동선로 219-2 (벌교읍)","061-857-7789","전동휠체어(가군, 나군) | 의료용 스쿠터 | 욕창예방방석 | 욕창예방매트리스 | 전방보행차 | 수동휠체어","전남광주통합특별시 보성군 벌교읍 채동선로 219-2","전남광주통합특별시 보성군 벌교읍 벌교리 737-20","59425","보성군","127.343983738555","34.8425335624371","ROAD_ADDR","A","전라남도 보성군 채동선로 219-2 (벌교읍)","1"
"12","전남광주통합특별시","126","다나의료기","광주광역시 광산구 첨단중앙로68번길 134, 상가1동 103호 (산월동, 첨단3-3차 호반리젠시빌)","062-972-8289","전동휠체어(가군, 나군) | 의료용 스쿠터 | 보청기 | 욕창예방방석 | 욕창예방매트리스 | 이동식전동리프트 | 수동휠체어","전남광주통합특별시 광산구 첨단중앙로68번길 134","전남광주통합특별시 광산구 산월동 884-2","62282","광산구","126.850732836679","35.2091394337078","ROAD_ADDR","A","광주광역시 광산구 첨단중앙로68번길 134, 상가1동 103호 (산월동, 첨단3-3차 호반리젠시빌)","1"
"12","전남광주통합특별시","125","다다산업","전라남도 장성군 녹진길 23 (남면)","061-394-8400","전동휠체어(가군, 나군) | 의료용 스쿠터 | 수동휠체어","전남광주통합특별시 장성군 남면 녹진길 23","전남광주통합특별시 장성군 남면 녹진리 310-1","57249","장성군","126.792057931365","35.2558889375481","ROAD_ADDR","A","전라남도 장성군 녹진길 23 (남면)","1"
"12","전남광주통합특별시","124","다온의료기","전라남도 진도군 남산로 129 (진도읍)","010-9582-7599","전동휠체어(가군, 나군) | 의료용 스쿠터 | 욕창예방방석 | 욕창예방매트리스 | 이동식전동리프트 | 전방보행차 | 후방보행차 | 수동휠체어","전남광주통합특별시 진도군 진도읍 남산로 129","전남광주통합특별시 진도군 진도읍 남동리 468-1","58928","진도군","126.26363715574","34.4770023450044","ROAD_ADDR","A","전라남도 진도군 남산로 129 (진도읍)","1"
"12","전남광주통합특별시","123","다원 의료기","광주광역시 북구 밤실로167번길 7, 1층 (풍향동)","062-522-7746","전동휠체어(가군, 나군) | 의료용 스쿠터 | 욕창예방방석 | 욕창예방매트리스 | 전방보행차 | 후방보행차 | 수동휠체어","전남광주통합특별시 북구 밤실로167번길 7","전남광주통합특별시 북구 풍향동 777","61163","북구","126.934076771734","35.1619516338843","ROAD_ADDR","A","광주광역시 북구 밤실로167번길 7, 1층 (풍향동)","1"
"12","전남광주통합특별시","122","다향의료기","전라남도 보성군 봉화로 126 (보성읍)","061-852-7771","전동휠체어(가군, 나군) | 의료용 스쿠터 | 욕창예방방석 | 욕창예방매트리스 | 수동휠체어","전남광주통합특별시 보성군 보성읍 봉화로 126","전남광주통합특별시 보성군 보성읍 우산리 303-6","59463","보성군","127.085759484008","34.7662022837387","ROAD_ADDR","A","전라남도 보성군 봉화로 126 (보성읍)","1"
"12","전남광주통합특별시","121","대성종합상사","전라남도 영광군 신남로 266 (영광읍)","061-350-3511","전동휠체어(가군, 나군) | 의료용 스쿠터 | 수동휠체어","전남광주통합특별시 영광군 영광읍 신남로 266","전남광주통합특별시 영광군 영광읍 남천리 209-5","57045","영광군","126.510736777565","35.2747112617645","ROAD_ADDR","A","전라남도 영광군 신남로 266 (영광읍)","1"
"12","전남광주통합특별시","120","대세엠케어","광주광역시 광산구 비아로 26, 1층 (도천동)","062-955-2833","전동휠체어(가군, 나군) | 의료용 스쿠터 | 전방보행차 | 후방보행차 | 수동휠체어","전남광주통합특별시 광산구 비아로 26","전남광주통합특별시 광산구 도천동 630-5","62237","광산구","126.822083099086","35.2201822828461","ROAD_ADDR","A","광주광역시 광산구 비아로 26, 1층 (도천동)","1"
"12","전남광주통합특별시","119","대우의료기상사","광주광역시 동구 백서로 136-4 (학동)","062-223-6626","전동휠체어(가군, 나군) | 의료용 스쿠터 | 욕창예방방석 | 욕창예방매트리스 | 수동휠체어","전남광주통합특별시 동구 백서로 136-4","전남광주통합특별시 동구 학동 116-3","61489","동구","126.92029027758","35.1422521355769","ROAD_ADDR","A","광주광역시 동구 백서로 136-4 (학동)","1"
"12","전남광주통합특별시","118","대윤의료기기","전라남도 무안군 불무로 38-7 (무안읍, 삼천리자전거)","061-453-3838","전동휠체어(가군, 나군) | 의료용 스쿠터 | 수동휠체어","전남광주통합특별시 무안군 무안읍 불무로 38-7","전남광주통합특별시 무안군 무안읍 교촌리 1041-5","58526","무안군","126.47325818456","34.9880841007654","ROAD_ADDR","A","전라남도 무안군 불무로 38-7 (무안읍, 삼천리자전거)","1"
"12","전남광주통합특별시","117","대진의료기","광주광역시 남구 백양로 33 (백운동)","062-653-9970","전동휠체어(가군, 나군) | 의료용 스쿠터 | 보청기 | 욕창예방방석 | 욕창예방매트리스 | 수동휠체어","전남광주통합특별시 남구 백양로 33","전남광주통합특별시 남구 백운동 613-1","61660","남구","126.905807008346","35.1341494011795","ROAD_ADDR","A","광주광역시 남구 백양로 33 (백운동)","1"
"12","전남광주통합특별시","116","대창의료기","전라남도 해남군 중앙2로 124, 1층 (해남읍, 대창약국 대창의료기 해남우리이비인후과)","061-534-1616","전동휠체어(가군, 나군) | 의료용 스쿠터 | 보청기 | 욕창예방방석 | 욕창예방매트리스 | 이동식전동리프트 | 전방보행차 | 후방보행차 | 수동휠체어","전남광주통합특별시 해남군 해남읍 중앙2로 124","전남광주통합특별시 해남군 해남읍 고도리 115-3","59041","해남군","126.595361864554","34.5672335552784","ROAD_ADDR","A","전라남도 해남군 중앙2로 124, 1층 (해남읍, 대창약국 대창의료기 해남우리이비인후과)","1"
"12","전남광주통합특별시","115","대형드림온누리약국","전라남도 순천시 팔마로 205, 101,107호 (덕암동, LG전자)","061-742-2261","전동휠체어(가군, 나군) | 의료용 스쿠터 | 보청기 | 욕창예방방석 | 욕창예방매트리스 | 이동식전동리프트 | 수동휠체어","전남광주통합특별시 순천시 팔마로 205","전남광주통합특별시 순천시 덕암동 161-1","57964","순천시","127.509240165439","34.9412987351772","ROAD_ADDR","A","전라남도 순천시 팔마로 205","2"
"12","전남광주통합특별시","114","대흥종합오토바이","전라남도 나주시 동창로 135-7 (세지면, 삼성동창판매센터)","061-331-5425","전동휠체어(가군, 나군) | 의료용 스쿠터","전남광주통합특별시 나주시 세지면 동창로 135-7","전남광주통합특별시 나주시 세지면 오봉리 246-20","58318","나주시","126.747587587356","34.9199177241158","ROAD_ADDR","A","전라남도 나주시 동창로 135-7 (세지면, 삼성동창판매센터)","1"
"12","전남광주통합특별시","113","동부의료기","전라남도 순천시 강남로 124 (동외동)","061-745-2571","전동휠체어(가군, 나군) | 의료용 스쿠터 | 욕창예방방석 | 욕창예방매트리스 | 수동휠체어","전남광주통합특별시 순천시 강남로 124","전남광주통합특별시 순천시 동외동 108","57942","순천시","127.486605933433","34.9556587262851","ROAD_ADDR","A","전라남도 순천시 강남로 124 (동외동)","1"
"12","전남광주통합특별시","112","동산의료기","전라남도 무안군 운해로 566 (운남면)","010-7274-9190","전동휠체어(가군, 나군) | 의료용 스쿠터 | 욕창예방방석 | 욕창예방매트리스 | 이동식전동리프트 | 전방보행차 | 후방보행차 | 수동휠체어","전남광주통합특별시 무안군 운남면 운해로 566","전남광주통합특별시 무안군 운남면 연리 393-3","58537","무안군","126.339506622111","34.9599200753934","ROAD_ADDR","A","전라남도 무안군 운해로 566 (운남면)","1"
"12","전남광주통합특별시","111","동심의료기","전라남도 화순군 만연로 24 (화순읍)","061-371-3113","전동휠체어(가군, 나군) | 의료용 스쿠터 | 보청기 | 욕창예방방석 | 욕창예방매트리스 | 전방보행차 | 후방보행차 | 수동휠체어","전남광주통합특별시 화순군 화순읍 만연로 24","전남광주통합특별시 화순군 화순읍 광덕리 303","58125","화순군","126.990342673676","35.0577314865545","ROAD_ADDR","A","전라남도 화순군 만연로 24 (화순읍)","1"
"12","전남광주통합특별시","110","동원의료기","전라남도 순천시 덕연로 61 (연향동, 동원의료기)","061-743-9019","전동휠체어(가군, 나군) | 의료용 스쿠터 | 욕창예방방석 | 욕창예방매트리스 | 이동식전동리프트 | 전방보행차 | 후방보행차 | 수동휠체어","전남광주통합특별시 순천시 덕연로 61","전남광주통합특별시 순천시 연향동 1283-4","57966","순천시","127.513045301729","34.9488671091177","ROAD_ADDR","A","전라남도 순천시 덕연로 61 (연향동, 동원의료기)","1"
"12","전남광주통합특별시","109","동행의료기","전라남도 강진군 보은로 147, 2층 (강진읍)","061-434-3061","전동휠체어(가군, 나군) | 의료용 스쿠터 | 욕창예방방석 | 욕창예방매트리스 | 이동식전동리프트 | 전방보행차 | 후방보행차 | 수동휠체어","전남광주통합특별시 강진군 강진읍 보은로 147","전남광주통합특별시 강진군 강진읍 동성리 184-26","59231","강진군","126.774263756699","34.6386018244038","ROAD_ADDR","A","전라남도 강진군 보은로 147, 2층 (강진읍)","1"
"12","전남광주통합특별시","108","동호상사","전라남도 영암군 오일시장길 9-1 (영암읍)","061-472-7952","전동휠체어(가군, 나군) | 의료용 스쿠터 | 전방보행차","전남광주통합특별시 영암군 영암읍 오일시장길 9-1","전남광주통합특별시 영암군 영암읍 동무리 102-3","58416","영암군","126.699580565179","34.8008929652989","ROAD_ADDR","A","전라남도 영암군 오일시장길 9-1 (영암읍)","1"
"12","전남광주통합특별시","107","드림의료기","전라남도 광양시 호북길 13 (광양읍)","061-762-8001","전동휠체어(가군, 나군) | 의료용 스쿠터 | 수동휠체어","전남광주통합특별시 광양시 광양읍 호북길 13","전남광주통합특별시 광양시 광양읍 칠성리 898-4","57741","광양시","127.583776041977","34.9801061856918","ROAD_ADDR","A","전라남도 광양시 호북길 13 (광양읍)","1"
"12","전남광주통합특별시","106","로뎀의료기","전라남도 무안군 무안로 521 (무안읍, 한국공인중개사)","061-453-0212","전동휠체어(가군, 나군) | 의료용 스쿠터 | 전방보행차 | 후방보행차 | 수동휠체어","전남광주통합특별시 무안군 무안읍 무안로 521","전남광주통합특별시 무안군 무안읍 성동리 855-1","58524","무안군","126.479907414525","34.9897763389351","ROAD_ADDR","A","전라남도 무안군 무안로 521 (무안읍, 한국공인중개사)","1"
"12","전남광주통합특별시","105","만능 유한회사","전라남도 무안군 남악3로 80, 204호 (삼향읍, 제일프라자)","061-273-2326","전동휠체어(가군, 나군) | 의료용 스쿠터 | 전방보행차 | 수동휠체어","전남광주통합특별시 무안군 삼향읍 남악3로 80","전남광주통합특별시 무안군 삼향읍 남악리 2141","58567","무안군","126.460671538731","34.8126315202758","ROAD_ADDR","A","전라남도 무안군 남악3로 80, 204호 (삼향읍, 제일프라자)","1"
"12","전남광주통합특별시","104","만세의료기","전라남도 목포시 용당로 162 (용당동)","010-4824-2363","전동휠체어(가군, 나군) | 의료용 스쿠터 | 전방보행차 | 후방보행차 | 수동휠체어","전남광주통합특별시 목포시 용당로 162","전남광주통합특별시 목포시 용당동 190","58704","목포시","126.400693549964","34.8019245575398","ROAD_ADDR","A","전라남도 목포시 용당로 162 (용당동)","1"
"12","전남광주통합특별시","103","명성의료기상사","광주광역시 동구 제봉로 25-2 (학동)","062-227-5688","전동휠체어(가군, 나군) | 의료용 스쿠터 | 욕창예방방석 | 욕창예방매트리스 | 수동휠체어","전남광주통합특별시 동구 제봉로 25-2","전남광주통합특별시 동구 학동 66-3","61489","동구","126.921338807822","35.1410831231581","ROAD_ADDR","A","광주광역시 동구 제봉로 25-2 (학동)","1"
"12","전남광주통합특별시","102","무등실버메디플러스","광주광역시 북구 송월로 40 20 (오치동)","062-412-0905","전동휠체어(가군, 나군) | 의료용 스쿠터 | 욕창예방방석 | 욕창예방매트리스","","","","","","","","NONE","","2"
"12","전남광주통합특별시","101","무등의료기","광주광역시 북구 필문대로 87 (풍향동)","062-227-0506","전동휠체어(가군, 나군) | 의료용 스쿠터 | 보청기 | 욕창예방매트리스 | 수동휠체어","전남광주통합특별시 북구 필문대로 87","전남광주통합특별시 북구 풍향동 580-11","61164","북구","126.928864089311","35.1624164906853","ROAD_ADDR","A","광주광역시 북구 필문대로 87 (풍향동)","1"
"12","전남광주통합특별시","100","미래의료기","광주광역시 북구 밤실로 192-13, 1층 (두암동)","062-369-3737","전동휠체어(가군, 나군) | 의료용 스쿠터 | 욕창예방방석 | 욕창예방매트리스 | 이동식전동리프트 | 전방보행차 | 후방보행차 | 수동휠체어","전남광주통합특별시 북구 밤실로 192-13","전남광주통합특별시 북구 두암동 303-2","61161","북구","126.934059831279","35.1645818802232","ROAD_ADDR","A","광주광역시 북구 밤실로 192-13, 1층 (두암동)","1"
"12","전남광주통합특별시","99","믿음의료기","광주광역시 동구 무등로307번길 6-19, 1층 (계림동, 해성빌)","062-233-4824","전동휠체어(가군, 나군) | 의료용 스쿠터 | 욕창예방방석 | 욕창예방매트리스 | 이동식전동리프트 | 전방보행차 | 후방보행차 | 수동휠체어","전남광주통합특별시 동구 무등로307번길 6-19","전남광주통합특별시 동구 계림동 556-8","61401","동구","126.91819868289","35.1625039508516","ROAD_ADDR","A","광주광역시 동구 무등로307번길 6-19, 1층 (계림동, 해성빌)","1"
"12","전남광주통합특별시","98","백두의료기","광주광역시 남구 구성로78번길 20, 1호 (월산동)","062-673-2362","전동휠체어(가군, 나군) | 의료용 스쿠터 | 욕창예방방석 | 욕창예방매트리스 | 이동식전동리프트 | 전방보행차 | 후방보행차 | 수동휠체어","전남광주통합특별시 남구 구성로78번길 20","전남광주통합특별시 남구 월산동 33","61631","남구","126.903136476075","35.1472988899722","ROAD_ADDR","A","광주광역시 남구 구성로78번길 20, 1호 (월산동)","1"
"12","전남광주통합특별시","97","백세동안","전라남도 장성군 역전로 96 (장성읍)","061-394-8275","전동휠체어(가군, 나군) | 의료용 스쿠터 | 수동휠체어","전남광주통합특별시 장성군 장성읍 역전로 96","전남광주통합특별시 장성군 장성읍 영천리 1273-101","57220","장성군","126.780750860004","35.3006714253736","ROAD_ADDR","A","전라남도 장성군 역전로 96 (장성읍)","1"
"12","전남광주통합특별시","96","백세의료기","전라남도 여수시 흥국로 37 (학동)","061-655-7800","전동휠체어(가군, 나군) | 의료용 스쿠터 | 보청기 | 욕창예방방석 | 욕창예방매트리스 | 수동휠체어","전남광주통합특별시 여수시 흥국로 37","전남광주통합특별시 여수시 학동 30-5","59679","여수시","127.666675135948","34.763005743238","ROAD_ADDR","A","전라남도 여수시 흥국로 37 (학동)","1"
"12","전남광주통합특별시","95","베스트복지용구사업소","전라남도 목포시 비파로 104, 1층 (상동)","061-284-0624","전동휠체어(가군, 나군) | 의료용 스쿠터 | 욕창예방방석 | 욕창예방매트리스 | 수동휠체어","전남광주통합특별시 목포시 비파로 104","전남광주통합특별시 목포시 상동 861-3","58662","목포시","126.424175636815","34.8072681926537","ROAD_ADDR","A","전라남도 목포시 비파로 104, 1층 (상동)","1"
"12","전남광주통합특별시","94","보건의료기","광주광역시 동구 참판로20번길 1 (계림동)","062-511-3639","전동휠체어(가군, 나군) | 의료용 스쿠터 | 보청기 | 욕창예방방석 | 욕창예방매트리스 | 이동식전동리프트 | 전방보행차 | 후방보행차 | 수동휠체어","전남광주통합특별시 동구 참판로20번길 1","전남광주통합특별시 동구 계림동 1724","61405","동구","126.928078326009","35.1611557464204","ROAD_ADDR","A","광주광역시 동구 참판로20번길 1 (계림동)","1"
"12","전남광주통합특별시","93","보석의료기","전라남도 순천시 순광로 224 (해룡면, 편안한김약국)","061-723-4743","전동휠체어(가군, 나군) | 의료용 스쿠터 | 욕창예방방석 | 욕창예방매트리스 | 이동식전동리프트 | 전방보행차 | 후방보행차 | 수동휠체어","전남광주통합특별시 순천시 해룡면 순광로 224","전남광주통합특별시 순천시 해룡면 복성리 596","57972","순천시","127.543030545393","34.9631421939347","ROAD_ADDR","A","전라남도 순천시 순광로 224 (해룡면, 편안한김약국)","1"
"12","전남광주통합특별시","92","보석의료기2","전라남도 순천시 순광로 224 (해룡면, 모아약국)","061-723-4743","전동휠체어(가군, 나군) | 의료용 스쿠터 | 욕창예방방석 | 욕창예방매트리스 | 수동휠체어","전남광주통합특별시 순천시 해룡면 순광로 224","전남광주통합특별시 순천시 해룡면 복성리 596","57972","순천시","127.543030545393","34.9631421939347","ROAD_ADDR","A","전라남도 순천시 순광로 224 (해룡면, 모아약국)","1"
"12","전남광주통합특별시","91","사랑의료기","광주광역시 광산구 첨단내촌로11번길 27 (월계동)","062-236-2242","전동휠체어(가군, 나군) | 의료용 스쿠터 | 욕창예방방석 | 욕창예방매트리스 | 이동식전동리프트 | 전방보행차 | 수동휠체어","전남광주통합특별시 광산구 첨단내촌로11번길 27","전남광주통합특별시 광산구 월계동 795-3","62270","광산구","126.835168503586","35.2089582645006","ROAD_ADDR","A","광주광역시 광산구 첨단내촌로11번길 27 (월계동)","1"
"12","전남광주통합특별시","90","사명의수족","광주광역시 남구 백운로 6, 1층 (백운동, 상아기업)","062-675-2626","의지·보조기(교정형신발 등) | 전동휠체어(가군, 나군) | 의료용 스쿠터 | 자세보조용구 | 욕창예방방석 | 욕창예방매트리스 | 이동식전동리프트 | 전방보행차 | 후방보행차 | 수동휠체어","전남광주통합특별시 남구 백운로 6","전남광주통합특별시 남구 백운동 594-9","61661","남구","126.909896781671","35.1348690944323","ROAD_ADDR","A","광주광역시 남구 백운로 6, 1층 (백운동, 상아기업)","1"
"12","전남광주통합특별시","89","사회적협동조합 청해복지원 복지의료기센터","전라남도 완도군 장보고대로42번길 67 (완도읍)","061-555-6789","전동휠체어(가군, 나군) | 의료용 스쿠터 | 욕창예방방석 | 욕창예방매트리스 | 이동식전동리프트 | 전방보행차 | 후방보행차 | 수동휠체어","전남광주통합특별시 완도군 완도읍 장보고대로42번길 67","전남광주통합특별시 완도군 완도읍 가용리 446-1","59109","완도군","126.730120048584","34.3283608143146","ROAD_ADDR","A","전라남도 완도군 장보고대로42번길 67 (완도읍)","1"
"12","전남광주통합특별시","88","삼보메디칼","광주광역시 남구 입하길 12 (송하동, 건강한약국)","062-671-6969","전동휠체어(가군, 나군) | 의료용 스쿠터 | 욕창예방방석 | 욕창예방매트리스 | 이동식전동리프트 | 수동휠체어","전남광주통합특별시 남구 입하길 12","전남광주통합특별시 남구 송하동 425","61755","남구","126.877495332498","35.107677687266","ROAD_ADDR","A","광주광역시 남구 입하길 12 (송하동, 건강한약국)","1"
"12","전남광주통합특별시","87","삼성의료기","광주광역시 광산구 월곡산정로 1 (산정동)","062-953-6933","전동휠체어(가군, 나군) | 의료용 스쿠터 | 보청기 | 전방보행차 | 수동휠체어","전남광주통합특별시 광산구 월곡산정로 1","전남광주통합특별시 광산구 산정동 976-13","62344","광산구","126.802459539504","35.1668841546589","ROAD_ADDR","A","광주광역시 광산구 월곡산정로 1 (산정동)","1"
"12","전남광주통합특별시","86","삼학의료기","전라남도 목포시 둥근섬로 2 (산정동)","010-5044-5394","전동휠체어(가군, 나군) | 의료용 스쿠터 | 수동휠체어","전남광주통합특별시 목포시 둥근섬로 2","전남광주통합특별시 목포시 산정동 1350","58744","목포시","126.399007129051","34.7875633943758","ROAD_ADDR","A","전라남도 목포시 둥근섬로 2 (산정동)","1"
"12","전남광주통합특별시","85","삼호의료기","광주광역시 동구 문화전당로 3-1 (남동)","062-233-0019","전동휠체어(가군, 나군) | 의료용 스쿠터 | 보청기 | 욕창예방방석 | 욕창예방매트리스 | 수동휠체어","전남광주통합특별시 동구 문화전당로 3-1","전남광주통합특별시 동구 남동 124","61487","동구","126.920125251665","35.1430249447713","ROAD_ADDR","A","광주광역시 동구 문화전당로 3-1 (남동)","1"
"12","전남광주통합특별시","84","상무의료기","광주광역시 서구 화정로 10 (쌍촌동)","010-5000-5149","전동휠체어(가군, 나군) | 의료용 스쿠터 | 이동식전동리프트 | 수동휠체어","전남광주통합특별시 서구 화정로 10","전남광주통합특별시 서구 쌍촌동 1244-3","62023","서구","126.858355546661","35.1442134466858","ROAD_ADDR","A","광주광역시 서구 화정로 10 (쌍촌동)","1"
"12","전남광주통합특별시","83","상아의료운동기구","전라남도 목포시 영산로 620 (석현동)","061-284-4815","전동휠체어(가군, 나군) | 의료용 스쿠터 | 보청기 | 욕창예방방석 | 욕창예방매트리스 | 수동휠체어","전남광주통합특별시 목포시 영산로 620","전남광주통합특별시 목포시 석현동 622-3","58655","목포시","126.422113219277","34.8205862625937","ROAD_ADDR","A","전라남도 목포시 영산로 620 (석현동)","1"
"12","전남광주통합특별시","82","새힘의료기","전라남도 영광군 중앙로 212-2 새힘의료기, 1층 (영광읍)","061-353-5053","전동휠체어(가군, 나군) | 의료용 스쿠터 | 욕창예방방석 | 욕창예방매트리스 | 수동휠체어","전남광주통합특별시 영광군 영광읍 중앙로 212-2","전남광주통합특별시 영광군 영광읍 무령리 344-1","57051","영광군","126.513154231579","35.2776728743897","ROAD_ADDR","A","전라남도 영광군 중앙로 212-2 새힘의료기, 1층 (영광읍)","1"
"12","전남광주통합특별시","81","생활의료기","전라남도 담양군 중앙로 102, 1층 (담양읍)","070-7802-8998","전동휠체어(가군, 나군) | 의료용 스쿠터 | 욕창예방방석 | 욕창예방매트리스 | 수동휠체어","전남광주통합특별시 담양군 담양읍 중앙로 102","전남광주통합특별시 담양군 담양읍 객사리 222","57340","담양군","126.982065649993","35.3222260036235","ROAD_ADDR","A","전라남도 담양군 중앙로 102, 1층 (담양읍)","1"
"12","전남광주통합특별시","80","서광의료기","전라남도 여수시 무선로 67 (선원동)","061-685-3871","전동휠체어(가군, 나군) | 의료용 스쿠터 | 욕창예방매트리스 | 이동식전동리프트 | 전방보행차 | 후방보행차 | 수동휠체어","전남광주통합특별시 여수시 무선로 67","전남광주통합특별시 여수시 선원동 137-1","59645","여수시","127.655634700968","34.7670365296576","ROAD_ADDR","A","전라남도 여수시 무선로 67 (선원동)","1"
"12","전남광주통합특별시","79","선메딕","광주광역시 서구 풍암신흥로62번길 3-19 (풍암동)","062-264-0242","전동휠체어(가군, 나군) | 의료용 스쿠터","전남광주통합특별시 서구 풍암신흥로62번길 3-19","전남광주통합특별시 서구 풍암동 1032-4","62054","서구","126.868894065711","35.1231169232873","ROAD_ADDR","A","광주광역시 서구 풍암신흥로62번길 3-19 (풍암동)","1"
"12","전남광주통합특별시","78","선한보장구 협동조합","광주광역시 광산구 도산로12번길 25 (도산동)","062-446-8253","전동휠체어(가군, 나군) | 의료용 스쿠터 | 이동식전동리프트 | 전방보행차 | 수동휠체어","전남광주통합특별시 광산구 도산로12번길 25","전남광주통합특별시 광산구 도산동 778-1","62444","광산구","126.792558896663","35.1298003734418","ROAD_ADDR","A","광주광역시 광산구 도산로12번길 25 (도산동)","1"
"12","전남광주통합특별시","77","세영의료기","전라남도 무안군 승달로 11, 205동 (무안읍)","061-454-3110","전동휠체어(가군, 나군) | 의료용 스쿠터 | 수동휠체어","전남광주통합특별시 무안군 무안읍 승달로 11","전남광주통합특별시 무안군 무안읍 성내리 21-6","58522","무안군","126.472426085092","34.99346627359","ROAD_ADDR","A","전라남도 무안군 승달로 11, 205동 (무안읍)","1"
"12","전남광주통합특별시","76","세영의료기운동기구","광주광역시 동구 필문대로 120 (산수동, (1층))","062-527-8828","전동휠체어(가군, 나군) | 의료용 스쿠터 | 욕창예방방석 | 욕창예방매트리스 | 전방보행차 | 수동휠체어","전남광주통합특별시 동구 필문대로 120","전남광주통합특별시 동구 산수동 543-33","61405","동구","126.930505772233","35.1599706137169","ROAD_ADDR","A","광주광역시 동구 필문대로 120 (산수동, (1층))","1"
"12","전남광주통합특별시","75","세주의료기","전라남도 목포시 하당로 195-1 (상동)","061-281-9407","전동휠체어(가군, 나군) | 의료용 스쿠터 | 수동휠체어","전남광주통합특별시 목포시 하당로 195-1","전남광주통합특별시 목포시 상동 812-15","58660","목포시","126.418248591068","34.8076795229091","ROAD_ADDR","A","전라남도 목포시 하당로 195-1 (상동)","1"
"12","전남광주통합특별시","74","소망의료기","광주광역시 동구 백서로137번길 2 (남동)","062-524-3714","전동휠체어(가군, 나군) | 의료용 스쿠터 | 수동휠체어","","","","","","","","NONE","","2"
"12","전남광주통합특별시","73","송정의료기","전라남도 영광군 월현로 41 (영광읍)","061-352-2558","전동휠체어(가군, 나군) | 의료용 스쿠터 | 수동휠체어","전남광주통합특별시 영광군 영광읍 월현로 41","전남광주통합특별시 영광군 영광읍 단주리 565-6","57036","영광군","126.500934183131","35.2792281693729","ROAD_ADDR","A","전라남도 영광군 월현로 41 (영광읍)","1"
"12","전남광주통합특별시","72","수명의료기","전라남도 여수시 진남로 1 (서교동, 윤치과의)","061-642-1727","전동휠체어(가군, 나군) | 의료용 스쿠터 | 보청기 | 욕창예방방석 | 욕창예방매트리스 | 전방보행차 | 후방보행차 | 수동휠체어","전남광주통합특별시 여수시 진남로 1","전남광주통합특별시 여수시 서교동 244","59752","여수시","127.728467492399","34.7431507789527","ROAD_ADDR","A","전라남도 여수시 진남로 1 (서교동, 윤치과의)","1"
"12","전남광주통합특별시","71","스마일의료기","전라남도 해남군 중앙1로 189, 1층 (해남읍, 대성N스쿨)","061-536-9799","전동휠체어(가군, 나군) | 의료용 스쿠터 | 욕창예방방석 | 욕창예방매트리스 | 수동휠체어","전남광주통합특별시 해남군 해남읍 중앙1로 189","전남광주통합특별시 해남군 해남읍 성내리 25-34","59035","해남군","126.596829266387","34.5720219882645","ROAD_ADDR","A","전라남도 해남군 중앙1로 189, 1층 (해남읍, 대성N스쿨)","1"
"12","전남광주통합특별시","70","신평화의료기","전라남도 목포시 영산로 627, 2동 101호 (석현동, 영신학원기숙사)","061-981-9969","전동휠체어(가군, 나군) | 의료용 스쿠터 | 욕창예방방석 | 욕창예방매트리스 | 이동식전동리프트 | 수동휠체어","전남광주통합특별시 목포시 영산로 627","전남광주통합특별시 목포시 석현동 815-51","58615","목포시","126.421789831304","34.8212843881936","ROAD_ADDR","A","전라남도 목포시 영산로 627, 2동 101호 (석현동, 영신학원기숙사)","1"
"12","전남광주통합특별시","69","실버케어협동조합","광주광역시 남구 독립로 89 (월산동)","062-653-2363","전동휠체어(가군, 나군) | 의료용 스쿠터","전남광주통합특별시 남구 독립로 89","전남광주통합특별시 남구 월산동 83-11","61650","남구","126.902306373361","35.1415367207349","ROAD_ADDR","A","광주광역시 남구 독립로 89 (월산동)","1"
"12","전남광주통합특별시","68","아남의료기","광주광역시 남구 양림로 37, 2층 (양림동)","062-652-0513","전동휠체어(가군, 나군) | 의료용 스쿠터 | 욕창예방방석 | 욕창예방매트리스 | 전방보행차 | 후방보행차 | 수동휠체어","전남광주통합특별시 남구 양림로 37","전남광주통합특별시 남구 양림동 264","61661","남구","126.91154478434","35.1361276196223","ROAD_ADDR","A","광주광역시 남구 양림로 37, 2층 (양림동)","1"
"12","전남광주통합특별시","67","에덴케어","전라남도 진도군 석현2길 36-15 (고군면)","061-542-5376","전동휠체어(가군, 나군) | 의료용 스쿠터 | 수동휠체어","전남광주통합특별시 진도군 고군면 석현2길 36-15","전남광주통합특별시 진도군 고군면 석현리 413-5","58909","진도군","126.306075637329","34.4996764029346","ROAD_ADDR","A","전라남도 진도군 석현2길 36-15 (고군면)","1"
"12","전남광주통합특별시","66","엠엔에이치컴퍼니","광주광역시 광산구 상무대로 305 파크빌딩, 4층 (소촌동)","010-9240-1316","전동휠체어(가군, 나군) | 의료용 스쿠터 | 수동휠체어","전남광주통합특별시 광산구 상무대로 305","전남광주통합특별시 광산구 소촌동 519-2","62421","광산구","126.799038486341","35.1437961801002","ROAD_ADDR","A","광주광역시 광산구 상무대로 305 파크빌딩, 4층 (소촌동)","1"
"12","전남광주통합특별시","65","여수시 장애인 협동조합","전라남도 여수시 허문정1길 60 (문수동)","061-652-7412","전동휠체어(가군, 나군) | 의료용 스쿠터 | 욕창예방방석 | 이동식전동리프트 | 전방보행차 | 후방보행차 | 수동휠체어","전남광주통합특별시 여수시 허문정1길 60","전남광주통합특별시 여수시 문수동 689-3","59704","여수시","127.693888153405","34.7497936396863","ROAD_ADDR","A","전라남도 여수시 허문정1길 60 (문수동)","1"
"12","전남광주통합특별시","64","여수의료기","전라남도 여수시 좌수영로 50 (서교동)","061-643-8668","전동휠체어(가군, 나군) | 의료용 스쿠터 | 욕창예방방석 | 욕창예방매트리스 | 이동식전동리프트 | 전방보행차 | 후방보행차 | 수동휠체어","전남광주통합특별시 여수시 좌수영로 50","전남광주통합특별시 여수시 서교동 42-3","59752","여수시","127.728657624511","34.7447691792693","ROAD_ADDR","A","전라남도 여수시 좌수영로 50 (서교동)","1"
"12","전남광주통합특별시","63","여수한국의료기","전라남도 여수시 새터로 63-1, 1층 (신기동)","061-653-4869","전동휠체어(가군, 나군) | 의료용 스쿠터 | 욕창예방방석 | 욕창예방매트리스 | 이동식전동리프트 | 수동휠체어","전남광주통합특별시 여수시 새터로 63-1","전남광주통합특별시 여수시 신기동 43-6","59681","여수시","127.673969680109","34.7619117614366","ROAD_ADDR","A","전라남도 여수시 새터로 63-1, 1층 (신기동)","1"
"12","전남광주통합특별시","62","옥과튼튼의료기","전라남도 곡성군 대학로 173 (옥과면)","061-363-5849","전동휠체어(가군, 나군) | 의료용 스쿠터 | 전방보행차","전남광주통합특별시 곡성군 옥과면 대학로 173","전남광주통합특별시 곡성군 옥과면 죽림리 138-1","57502","곡성군","127.138242234592","35.2773142264645","ROAD_ADDR","A","전라남도 곡성군 대학로 173 (옥과면)","1"
"12","전남광주통합특별시","61","와이엠메디칼","광주광역시 남구 서문대로749번가길 30 (진월동, 대덕아파트상가2층2호)","062-228-1713","전동휠체어(가군, 나군) | 의료용 스쿠터 | 보청기","전남광주통합특별시 남구 서문대로749번가길 30","전남광주통합특별시 남구 진월동 333-30","61726","남구","126.895897960409","35.1232045067918","ROAD_ADDR","A","광주광역시 남구 서문대로749번가길 30 (진월동, 대덕아파트상가2층2호)","1"
"12","전남광주통합특별시","60","완도의료기","전라남도 완도군 완도읍 장보고대로 181","061-554-8530","전동휠체어(가군, 나군) | 의료용 스쿠터 | 보청기 | 욕창예방방석 | 욕창예방매트리스 | 이동식전동리프트 | 수동휠체어","전남광주통합특별시 완도군 완도읍 장보고대로 181","전남광주통합특별시 완도군 완도읍 군내리 1275-3","59118","완도군","126.747060899992","34.3190713408907","ROAD_ADDR","A","전라남도 완도군 완도읍 장보고대로 181","1"
"12","전남광주통합특별시","59","우리노인복지센터","전라남도 보성군 녹색로 5001-15 (벌교읍)","061-858-5444","전동휠체어(가군, 나군) | 의료용 스쿠터 | 수동휠체어","전남광주통합특별시 보성군 벌교읍 녹색로 5001-15","전남광주통합특별시 보성군 벌교읍 칠동리 887-22","59416","보성군","127.288753711003","34.8415165633945","ROAD_ADDR","A","전라남도 보성군 녹색로 5001-15 (벌교읍)","1"
"12","전남광주통합특별시","58","위케어","광주광역시 북구 독립로349번길 32, 1층 (중흥동)","062-714-1277","전동휠체어(가군, 나군) | 의료용 스쿠터 | 욕창예방방석 | 욕창예방매트리스 | 이동식전동리프트 | 수동휠체어","전남광주통합특별시 북구 독립로349번길 32","전남광주통합특별시 북구 중흥동 647-18","61235","북구","126.913445829146","35.1626070088329","ROAD_ADDR","A","광주광역시 북구 독립로349번길 32, 1층 (중흥동)","1"
"12","전남광주통합특별시","57","으뜸의료기","광주광역시 북구 경양로 72, 1층 (임동, 행복가득빌라)","062-522-3238","전동휠체어(가군, 나군) | 의료용 스쿠터 | 욕창예방방석 | 욕창예방매트리스","전남광주통합특별시 북구 경양로 72","전남광주통합특별시 북구 임동 11-6","61243","북구","126.900002244294","35.1628585932352","ROAD_ADDR","A","광주광역시 북구 경양로 72, 1층 (임동, 행복가득빌라)","1"
"12","전남광주통합특별시","56","은성의료기","전라남도 화순군 만연로 10 (화순읍)","061-373-9866","전동휠체어(가군, 나군) | 의료용 스쿠터 | 수동휠체어","전남광주통합특별시 화순군 화순읍 만연로 10","전남광주통합특별시 화순군 화순읍 광덕리 325","58125","화순군","126.990338106341","35.0564892112129","ROAD_ADDR","A","전라남도 화순군 만연로 10 (화순읍)","1"
"12","전남광주통합특별시","55","은혜메디케어","광주광역시 남구 백서로 37-2 (양림동, 성도양복점)","062-227-8796","전동휠체어(가군, 나군) | 의료용 스쿠터 | 보청기 | 욕창예방방석 | 욕창예방매트리스 | 이동식전동리프트 | 전방보행차 | 후방보행차 | 수동휠체어","전남광주통합특별시 남구 백서로 37-2","전남광주통합특별시 남구 양림동 234-7","61643","남구","126.912567338168","35.1374387628157","ROAD_ADDR","A","광주광역시 남구 백서로 37-2 (양림동, 성도양복점)","1"
"12","전남광주통합특별시","54","이순신의료기","전라남도 여수시 죽림중앙로 39 (소라면)","061-686-2004","전동휠체어(가군, 나군) | 의료용 스쿠터 | 수동휠체어","전남광주통합특별시 여수시 소라면 죽림중앙로 39","전남광주통합특별시 여수시 소라면 죽림리 1158-1","59655","여수시","127.636873648898","34.7640494524341","ROAD_ADDR","A","전라남도 여수시 죽림중앙로 39 (소라면)","1"
"12","전남광주통합특별시","53","이원건강의료기 첨단점","광주광역시 광산구 월계로 203, 108호 (월계동)","062-971-2122","전동휠체어(가군, 나군) | 의료용 스쿠터 | 보청기 | 욕창예방방석 | 욕창예방매트리스 | 수동휠체어","전남광주통합특별시 광산구 월계로 203","전남광주통합특별시 광산구 월계동 893-9","62277","광산구","126.847810015146","35.213722048844","ROAD_ADDR","A","광주광역시 광산구 월계로 203, 108호 (월계동)","1"
"12","전남광주통합특별시","52","이원건강의료기 해남점","전라남도 해남군 남부순환로 11 (해남읍, 해광관광여행사,장인경헤어필,땅끝아구찜)","061-536-2120","전동휠체어(가군, 나군) | 의료용 스쿠터 | 보청기 | 욕창예방방석 | 욕창예방매트리스 | 이동식전동리프트 | 전방보행차 | 수동휠체어","전남광주통합특별시 해남군 해남읍 남부순환로 11","전남광주통합특별시 해남군 해남읍 해리 361-2","59038","해남군","126.60692209387","34.5699721304465","ROAD_ADDR","A","전라남도 해남군 남부순환로 11 (해남읍, 해광관광여행사,장인경헤어필,땅끝아구찜)","1"
"12","전남광주통합특별시","51","이원건강의료기영암점","전라남도 영암군 중앙로 65 (영암읍)","061-471-2021","전동휠체어(가군, 나군) | 의료용 스쿠터 | 수동휠체어","전남광주통합특별시 영암군 영암읍 중앙로 65","전남광주통합특별시 영암군 영암읍 역리 158-10","58415","영암군","126.698997552454","34.8017678742234","ROAD_ADDR","A","전라남도 영암군 중앙로 65 (영암읍)","1"
"12","전남광주통합특별시","50","이원건강의료기진도점","전라남도 진도군 남문길 45 (진도읍)","061-544-9983","전동휠체어(가군, 나군) | 의료용 스쿠터 | 보청기 | 욕창예방방석 | 욕창예방매트리스 | 전방보행차 | 후방보행차 | 수동휠체어","전남광주통합특별시 진도군 진도읍 남문길 45","전남광주통합특별시 진도군 진도읍 남동리 522","58921","진도군","126.263709542082","34.4823301639693","ROAD_ADDR","A","전라남도 진도군 남문길 45 (진도읍)","1"
"12","전남광주통합특별시","49","일등의료기","전라남도 목포시 하당로 131, 1층 (상동)","061-284-1500","전동휠체어(가군, 나군) | 의료용 스쿠터 | 욕창예방방석 | 욕창예방매트리스","전남광주통합특별시 목포시 하당로 131","전남광주통합특별시 목포시 상동 913-8","58667","목포시","126.414586818548","34.8031091020436","ROAD_ADDR","A","전라남도 목포시 하당로 131, 1층 (상동)","1"
"12","전남광주통합특별시","48","일등의료기","광주광역시 서구 대남대로469번길 10 (농성동)","062-351-6898","전동휠체어(가군, 나군) | 의료용 스쿠터 | 욕창예방방석 | 욕창예방매트리스 | 이동식전동리프트 | 전방보행차 | 후방보행차 | 수동휠체어","전남광주통합특별시 서구 대남대로469번길 10","전남광주통합특별시 서구 농성동 648-12","61981","서구","126.884470243349","35.1514759307819","ROAD_ADDR","A","광주광역시 서구 대남대로469번길 10 (농성동)","1"
"12","전남광주통합특별시","47","임마누엘의료기산업","광주광역시 서구 화개중앙로4번길 11 (금호동)","062-522-7030","전동휠체어(가군, 나군) | 의료용 스쿠터 | 보청기 | 욕창예방방석 | 욕창예방매트리스 | 수동휠체어","전남광주통합특별시 서구 화개중앙로4번길 11","전남광주통합특별시 서구 금호동 850-1","62022","서구","126.861471572697","35.1231814977496","ROAD_ADDR","A","광주광역시 서구 화개중앙로4번길 11 (금호동)","1"
"12","전남광주통합특별시","46","장원의료기","전라남도 장흥군 중앙로1길 16 (장흥읍)","061-864-7945","전동휠체어(가군, 나군) | 의료용 스쿠터 | 욕창예방방석 | 욕창예방매트리스 | 수동휠체어","전남광주통합특별시 장흥군 장흥읍 중앙로1길 16","전남광주통합특별시 장흥군 장흥읍 건산리 402-10","59324","장흥군","126.91037468103","34.6776371686116","ROAD_ADDR","A","전라남도 장흥군 중앙로1길 16 (장흥읍)","1"
"12","전남광주통합특별시","45","전남메디텍","광주광역시 동구 제봉로 63 (남동)","062-232-6949","의지·보조기(교정형신발 등) | 전동휠체어(가군, 나군) | 의료용 스쿠터 | 욕창예방방석 | 욕창예방매트리스 | 이동식전동리프트 | 후방보행차 | 수동휠체어","전남광주통합특별시 동구 제봉로 63","전남광주통합특별시 동구 남동 90-2","61486","동구","126.921026311339","35.1441299739587","ROAD_ADDR","A","광주광역시 동구 제봉로 63 (남동)","1"
"12","전남광주통합특별시","44","전남의지","광주시 동구 서남동(남동) 88-4번지","062-226-4188","의지·보조기(교정형신발 등) | 전동휠체어(가군, 나군) | 의료용 스쿠터","전남광주통합특별시 동구 제봉로 62","전남광주통합특별시 동구 남동 88-4","61468","동구","126.921316567343","35.1438973410389","REGION_ADDR","A","광주시 동구 서남동(남동) 88-4번지","1"
"12","전남광주통합특별시","43","전대의료기","광주광역시 동구 제봉로 53, 1층 (남동)","062-228-0727","전동휠체어(가군, 나군) | 의료용 스쿠터 | 욕창예방방석 | 욕창예방매트리스 | 이동식전동리프트 | 전방보행차 | 후방보행차 | 수동휠체어","전남광주통합특별시 동구 제봉로 53","전남광주통합특별시 동구 남동 115-1","61486","동구","126.920632737575","35.1432881153315","ROAD_ADDR","A","광주광역시 동구 제봉로 53, 1층 (남동)","1"
"12","전남광주통합특별시","42","정남진의료기","전라남도 장흥군 칠관로 1557 (관산읍)","061-867-9374","전동휠체어(가군, 나군) | 의료용 스쿠터","전남광주통합특별시 장흥군 관산읍 칠관로 1557","전남광주통합특별시 장흥군 관산읍 옥당리 489-1","59346","장흥군","126.936800453271","34.5627953599501","ROAD_ADDR","A","전라남도 장흥군 칠관로 1557 (관산읍)","1"
"12","전남광주통합특별시","41","정의료기","전라남도 순천시 강남로 67-1 (장천동, 영태정밀)","010-5264-1555","전동휠체어(가군, 나군) | 의료용 스쿠터","전남광주통합특별시 순천시 강남로 67-1","전남광주통합특별시 순천시 장천동 45-5","57956","순천시","127.489832395557","34.951408284776","ROAD_ADDR","A","전라남도 순천시 강남로 67-1 (장천동, 영태정밀)","1"
"12","전남광주통합특별시","40","제이메디컬","광주광역시 동구 제봉로 74, 1층 (서석동)","010-7204-3789","의지·보조기(교정형신발 등) | 전동휠체어(가군, 나군) | 의료용 스쿠터 | 욕창예방방석 | 욕창예방매트리스 | 이동식전동리프트 | 수동휠체어","전남광주통합특별시 동구 제봉로 74","전남광주통합특별시 동구 서석동 89-1","61468","동구","126.921799055679","35.1450647364561","ROAD_ADDR","A","광주광역시 동구 제봉로 74, 1층 (서석동)","1"
"12","전남광주통합특별시","39","제인실업","광주광역시 북구 탁영로15번길 25 (두암동)","062-265-2506","전동휠체어(가군, 나군) | 의료용 스쿠터 | 수동휠체어","전남광주통합특별시 북구 탁영로15번길 25","전남광주통합특별시 북구 두암동 357-3","61156","북구","126.93418326417","35.1677786153303","ROAD_ADDR","A","광주광역시 북구 탁영로15번길 25 (두암동)","1"
"12","전남광주통합특별시","38","제일의료기","전라남도 여수시 흥국로 46-1 (학동)","061-692-0852","전동휠체어(가군, 나군) | 의료용 스쿠터 | 욕창예방방석 | 전방보행차 | 후방보행차 | 수동휠체어","전남광주통합특별시 여수시 흥국로 46-1","전남광주통합특별시 여수시 학동 77-4","59676","여수시","127.667473666002","34.76247332993","ROAD_ADDR","A","전라남도 여수시 흥국로 46-1 (학동)","1"
"12","전남광주통합특별시","37","제일의지 보조기","전라남도 순천시 연향3로 4-1 (연향동, 정산생명공학)","061-727-5988","의지·보조기(교정형신발 등) | 전동휠체어(가군, 나군) | 의료용 스쿠터 | 자세보조용구 | 후방보행차 | 수동휠체어","전남광주통합특별시 순천시 연향3로 4-1","전남광주통합특별시 순천시 연향동 1348-3","57978","순천시","127.516549626113","34.9503448500789","ROAD_ADDR","A","전라남도 순천시 연향3로 4-1 (연향동, 정산생명공학)","1"
"12","전남광주통합특별시","36","조은의료기·굿모닝보청기","전라남도 구례군 로터리길 16 (구례읍)","061-781-8582","전동휠체어(가군, 나군) | 의료용 스쿠터 | 보청기 | 욕창예방방석 | 욕창예방매트리스 | 전방보행차 | 수동휠체어","전남광주통합특별시 구례군 구례읍 로터리길 16","전남광주통합특별시 구례군 구례읍 봉동리 337-2","57642","구례군","127.466269995939","35.2088667117135","ROAD_ADDR","A","전라남도 구례군 로터리길 16 (구례읍)","1"
"12","전남광주통합특별시","35","주)토마토헬스케어","광주광역시 서구 내방로398번길 5 (농성동)","062-447-4748","전동휠체어(가군, 나군) | 의료용 스쿠터 | 자세보조용구 | 욕창예방방석 | 욕창예방매트리스 | 이동식전동리프트 | 전방보행차 | 후방보행차 | 수동휠체어","전남광주통합특별시 서구 내방로398번길 5","전남광주통합특별시 서구 농성동 392-36","61934","서구","126.884232400661","35.1575358163528","ROAD_ADDR","A","광주광역시 서구 내방로398번길 5 (농성동)","1"
"12","전남광주통합특별시","34","주니네트웍","광주광역시 서구 화정로 33 (쌍촌동)","070-8688-1477","전동휠체어(가군, 나군) | 의료용 스쿠터","전남광주통합특별시 서구 화정로 33","전남광주통합특별시 서구 쌍촌동 1238-17","61991","서구","126.861072470025","35.1447476739608","ROAD_ADDR","A","광주광역시 서구 화정로 33 (쌍촌동)","1"
"12","전남광주통합특별시","33","주식회사 비케이헬스케어","광주광역시 남구 월산로 70 (월산동, CJ지엘에스택배)","062-673-2362","전동휠체어(가군, 나군) | 의료용 스쿠터","전남광주통합특별시 남구 월산로 70","전남광주통합특별시 남구 월산동 161-2","61649","남구","126.89907318061","35.1443215321847","ROAD_ADDR","A","광주광역시 남구 월산로 70 (월산동, CJ지엘에스택배)","1"
"12","전남광주통합특별시","32","중앙의료기","전라남도 순천시 팔마로 55 (풍덕동)","061-742-0099","전동휠체어(가군, 나군) | 의료용 스쿠터 | 욕창예방방석 | 욕창예방매트리스 | 이동식전동리프트 | 수동휠체어","전남광주통합특별시 순천시 팔마로 55","전남광주통합특별시 순천시 풍덕동 1261-10","57960","순천시","127.494606895888","34.9467393519583","ROAD_ADDR","A","전라남도 순천시 팔마로 55 (풍덕동)","1"
"12","전남광주통합특별시","31","중앙의료기","전라남도 구례군 중앙로 73-1 (구례읍)","061-782-1777","전동휠체어(가군, 나군) | 의료용 스쿠터 | 수동휠체어","전남광주통합특별시 구례군 구례읍 중앙로 73-1","전남광주통합특별시 구례군 구례읍 봉북리 57-7","57644","구례군","127.46755735732","35.2123201062202","ROAD_ADDR","A","전라남도 구례군 중앙로 73-1 (구례읍)","1"
"12","전남광주통합특별시","30","참 의수.족 보조기","전라남도 목포시 후광대로105번안길 25-7 (옥암동)","010-8407-0928","의지·보조기(교정형신발 등) | 전동휠체어(가군, 나군) | 의료용 스쿠터 | 후방보행차 | 수동휠체어","전남광주통합특별시 목포시 후광대로105번안길 25-7","전남광주통합특별시 목포시 옥암동 1183-3","58671","목포시","126.442565275433","34.8118739646205","ROAD_ADDR","A","전라남도 목포시 후광대로105번안길 25-7 (옥암동)","1"
"12","전남광주통합특별시","29","참사랑의료기","전라남도 보성군 홍암로 68 참사랑의료기 (벌교읍)","061-857-0815","전동휠체어(가군, 나군) | 의료용 스쿠터 | 욕창예방방석 | 욕창예방매트리스 | 이동식전동리프트 | 전방보행차 | 후방보행차 | 수동휠체어","전남광주통합특별시 보성군 벌교읍 홍암로 68","전남광주통합특별시 보성군 벌교읍 회정리 450-5","59426","보성군","127.350989920575","34.845980695377","ROAD_ADDR","A","전라남도 보성군 홍암로 68 참사랑의료기 (벌교읍)","1"
"12","전남광주통합특별시","28","창의메디칼 순천점","전라남도 순천시 이수로 301, 1층 (조례동)","061-724-7247","전동휠체어(가군, 나군) | 의료용 스쿠터 | 욕창예방방석 | 욕창예방매트리스 | 이동식전동리프트 | 수동휠체어","전남광주통합특별시 순천시 이수로 301","전남광주통합특별시 순천시 조례동 1720-9","57950","순천시","127.51702677398","34.9531081574175","ROAD_ADDR","A","전라남도 순천시 이수로 301, 1층 (조례동)","1"
"12","전남광주통합특별시","27","첨단의지제작소","광주광역시 북구 첨단연신로 25, 104호 (연제동)","062-571-9377","의지·보조기(교정형신발 등) | 전동휠체어(가군, 나군) | 의료용 스쿠터 | 욕창예방방석 | 욕창예방매트리스 | 이동식전동리프트 | 수동휠체어","전남광주통합특별시 북구 첨단연신로 25","전남광주통합특별시 북구 연제동 1061","61089","북구","126.86308498841","35.200241551762","ROAD_ADDR","A","광주광역시 북구 첨단연신로 25, 104호 (연제동)","1"
"12","전남광주통합특별시","26","케이바이크","전라남도 영암군 대불주거5로 56 (삼호읍)","010-9947-1897","전동휠체어(가군, 나군) | 의료용 스쿠터","전남광주통합특별시 영암군 삼호읍 대불주거5로 56","전남광주통합특별시 영암군 삼호읍 용앙리 1660-16","58456","영암군","126.453687961705","34.753651248479","ROAD_ADDR","A","전라남도 영암군 대불주거5로 56 (삼호읍)","1"
"12","전남광주통합특별시","25","케이알모터강진대리점(효성상사),탐진의료기","전라남도 강진군 보은로 127 (강진읍)","061-434-8242","전동휠체어(가군, 나군) | 의료용 스쿠터","전남광주통합특별시 강진군 강진읍 보은로 127","전남광주통합특별시 강진군 강진읍 남성리 28-23","59232","강진군","126.772271344456","34.6375653467202","ROAD_ADDR","A","전라남도 강진군 보은로 127 (강진읍)","1"
"12","전남광주통합특별시","24","태경메딕스","광주광역시 북구 대천로 79 (오치동)","02-1661-8724","전동휠체어(가군, 나군) | 의료용 스쿠터 | 욕창예방방석 | 이동식전동리프트 | 수동휠체어","전남광주통합특별시 북구 대천로 79","전남광주통합특별시 북구 오치동 1047-10","61132","북구","126.915114338459","35.1851734874961","ROAD_ADDR","A","광주광역시 북구 대천로 79 (오치동)","1"
"12","전남광주통합특별시","23","태광의료기","광주광역시 동구 백서로 136-4 (학동)","062-228-7575","전동휠체어(가군, 나군) | 의료용 스쿠터 | 보청기 | 욕창예방방석 | 욕창예방매트리스 | 전방보행차 | 수동휠체어","전남광주통합특별시 동구 백서로 136-4","전남광주통합특별시 동구 학동 116-3","61489","동구","126.92029027758","35.1422521355769","ROAD_ADDR","A","광주광역시 동구 백서로 136-4 (학동)","1"
"12","전남광주통합특별시","22","통합상사","광주광역시 동구 제봉로 70 (서석동)","062-232-1717","전동휠체어(가군, 나군) | 의료용 스쿠터 | 보청기","전남광주통합특별시 동구 제봉로 70","전남광주통합특별시 동구 서석동 83-2","61468","동구","126.921636293423","35.1446297243304","ROAD_ADDR","A","광주광역시 동구 제봉로 70 (서석동)","1"
"12","전남광주통합특별시","21","통합의수족","광주광역시 남구 대남대로181번길 18-1 (주월동, 송광방앗간)","062-232-1717","전동휠체어(가군, 나군) | 의료용 스쿠터","전남광주통합특별시 남구 대남대로181번길 18-1","전남광주통합특별시 남구 봉선동 1106-15","61687","남구","126.905265900668","35.1318379741854","ROAD_ADDR","A","광주광역시 남구 대남대로181번길 18-1 (주월동, 송광방앗간)","1"
"12","전남광주통합특별시","20","평화의료기","전라남도 목포시 중화길 10 (상동, 2층)","061-278-0241","전동휠체어(가군, 나군) | 의료용 스쿠터 | 욕창예방방석 | 욕창예방매트리스 | 이동식전동리프트 | 전방보행차 | 후방보행차 | 수동휠체어","전남광주통합특별시 목포시 중화길 10","전남광주통합특별시 목포시 상동 146-6","58643","목포시","126.416191895778","34.8087079006687","ROAD_ADDR","A","전라남도 목포시 중화길 10 (상동, 2층)","1"
"12","전남광주통합특별시","19","한광메디칼(순천점)","전라남도 순천시 원가곡길 17 (가곡동)","010-4401-3421","전동휠체어(가군, 나군) | 의료용 스쿠터 | 자세보조용구 | 욕창예방방석 | 욕창예방매트리스 | 이동식전동리프트 | 전방보행차 | 수동휠체어","전남광주통합특별시 순천시 원가곡길 17","전남광주통합특별시 순천시 가곡동 1039-2","57924","순천시","127.485422235765","34.9844354980883","ROAD_ADDR","A","전라남도 순천시 원가곡길 17 (가곡동)","1"
"12","전남광주통합특별시","18","한국의료기","전라남도 목포시 산정로 155 (산정동)","061-276-6935","전동휠체어(가군, 나군) | 의료용 스쿠터 | 수동휠체어","전남광주통합특별시 목포시 산정로 155","전남광주통합특별시 목포시 산정동 1041-26","58654","목포시","126.392256486832","34.8024761952148","ROAD_ADDR","A","전라남도 목포시 산정로 155 (산정동)","1"
"12","전남광주통합특별시","17","한마음돌봄사회서비스협동조합","전라남도 나주시 영강길 14-4, 2층 105호 (삼영동)","061-334-5567","전동휠체어(가군, 나군) | 의료용 스쿠터","전남광주통합특별시 나주시 영강길 14-4","전남광주통합특별시 나주시 삼영동 95-5","58253","나주시","126.711486375712","35.006019878198","ROAD_ADDR","A","전라남도 나주시 영강길 14-4, 2층 105호 (삼영동)","1"
"12","전남광주통합특별시","16","한솔전동차","전라남도 나주시 영산로 5434 (성북동, 효성스즈끼대림혼다)","061-337-7954","전동휠체어(가군, 나군) | 의료용 스쿠터","전남광주통합특별시 나주시 영산로 5434","전남광주통합특별시 나주시 성북동 104-4","58255","나주시","126.722967939344","35.0355856420469","ROAD_ADDR","A","전라남도 나주시 영산로 5434 (성북동, 효성스즈끼대림혼다)","1"
"12","전남광주통합특별시","15","한영의료기","전라남도 여수시 좌수영로 40 (서교동)","061-642-7020","전동휠체어(가군, 나군) | 의료용 스쿠터","전남광주통합특별시 여수시 좌수영로 40","전남광주통합특별시 여수시 서교동 93","59752","여수시","127.728518362994","34.7438827686217","ROAD_ADDR","A","전라남도 여수시 좌수영로 40 (서교동)","1"
"12","전남광주통합특별시","14","한일의수족보조기","전라남도 목포시 영산로 375, 1층 (용해동)","010-3604-1350","전동휠체어(가군, 나군) | 의료용 스쿠터 | 욕창예방방석 | 욕창예방매트리스 | 이동식전동리프트 | 수동휠체어","전남광주통합특별시 목포시 영산로 375","전남광주통합특별시 목포시 용해동 228-22","58645","목포시","126.406650567476","34.8065865597378","ROAD_ADDR","A","전라남도 목포시 영산로 375, 1층 (용해동)","1"
"12","전남광주통합특별시","13","한진상사 의료기기","전라남도 함평군 내바람길 60 (함평읍)","010-3414-4260","전동휠체어(가군, 나군) | 의료용 스쿠터 | 욕창예방방석 | 욕창예방매트리스 | 이동식전동리프트 | 전방보행차 | 후방보행차 | 수동휠체어","전남광주통합특별시 함평군 함평읍 내바람길 60","전남광주통합특별시 함평군 함평읍 내교리 192-5","57153","함평군","126.521976283502","35.0626066178692","ROAD_ADDR","A","전라남도 함평군 내바람길 60 (함평읍)","1"
"12","전남광주통합특별시","12","해남의료기보청기상사","전라남도 해남군 해남읍 남부순환로 156","061-536-6576","전동휠체어(가군, 나군) | 의료용 스쿠터 | 보청기 | 욕창예방방석 | 욕창예방매트리스 | 이동식전동리프트 | 전방보행차 | 후방보행차 | 수동휠체어","전남광주통합특별시 해남군 해남읍 남부순환로 156","전남광주통합특별시 해남군 해남읍 고도리 401-45","59042","해남군","126.594876272449","34.5657984753347","ROAD_ADDR","A","전라남도 해남군 해남읍 남부순환로 156","1"
"12","전남광주통합특별시","11","해림의료기","광주광역시 북구 군왕로18번길 15 (풍향동, 금성맨션)","062-223-0491","전동휠체어(가군, 나군) | 의료용 스쿠터 | 수동휠체어","전남광주통합특별시 북구 군왕로18번길 15","전남광주통합특별시 북구 풍향동 23-93","61163","북구","126.931420861044","35.1625349613658","ROAD_ADDR","A","광주광역시 북구 군왕로18번길 15 (풍향동, 금성맨션)","1"
"12","전남광주통합특별시","10","현대메디칼","전라남도 목포시 중화길 1 (상동)","061-281-6911","전동휠체어(가군, 나군) | 의료용 스쿠터 | 욕창예방방석 | 욕창예방매트리스 | 이동식전동리프트 | 전방보행차 | 후방보행차 | 수동휠체어","전남광주통합특별시 목포시 중화길 1","전남광주통합특별시 목포시 상동 144-9","58643","목포시","126.415927680441","34.8079429705277","ROAD_ADDR","A","전라남도 목포시 중화길 1 (상동)","1"
"12","전남광주통합특별시","9","현대전동차","전라남도 무안군 면성1길 10 (무안읍, 대양건설)","010-5033-2392","전동휠체어(가군, 나군) | 의료용 스쿠터","전남광주통합특별시 무안군 무안읍 면성1길 10","전남광주통합특별시 무안군 무안읍 성동리 906","58523","무안군","126.479888338448","34.9910259194558","ROAD_ADDR","A","전라남도 무안군 면성1길 10 (무안읍, 대양건설)","1"
"12","전남광주통합특별시","8","형제의료기","전라남도 고흥군 녹동남촌3길 3-18 (도양읍)","061-842-3324","전동휠체어(가군, 나군) | 의료용 스쿠터 | 수동휠체어","전남광주통합특별시 고흥군 도양읍 녹동남촌3길 3-18","전남광주통합특별시 고흥군 도양읍 봉암리 2699-173","59559","고흥군","127.139008723496","34.5283488437565","ROAD_ADDR","A","전라남도 고흥군 녹동남촌3길 3-18 (도양읍)","1"
"12","전남광주통합특별시","7","혜성","전라남도 순천시 장명1길 4 (장천동)","061-741-8085","의지·보조기(교정형신발 등) | 전동휠체어(가군, 나군) | 의료용 스쿠터 | 자세보조용구 | 욕창예방방석 | 욕창예방매트리스 | 이동식전동리프트 | 후방보행차 | 수동휠체어","전남광주통합특별시 순천시 장명1길 4","전남광주통합특별시 순천시 장천동 56-14","57956","순천시","127.484970017185","34.9513610032269","ROAD_ADDR","A","전라남도 순천시 장명1길 4 (장천동)","1"
"12","전남광주통합특별시","6","호남의수족","광주광역시 동구 서남로 8 (서석동)","062-222-6878","의지·보조기(교정형신발 등) | 전동휠체어(가군, 나군) | 의료용 스쿠터 | 보청기 | 욕창예방방석 | 욕창예방매트리스 | 이동식전동리프트 | 전방보행차 | 수동휠체어","전남광주통합특별시 동구 서남로 8","전남광주통합특별시 동구 서석동 31-5","61468","동구","126.922627580878","35.145286822983","ROAD_ADDR","A","광주광역시 동구 서남로 8 (서석동)","1"
"12","전남광주통합특별시","5","효도의료기","광주광역시 동구 제봉로 47, 1층 (남동)","062-224-6111","전동휠체어(가군, 나군) | 의료용 스쿠터 | 욕창예방방석 | 욕창예방매트리스 | 전방보행차 | 수동휠체어","","","","","","","","NONE","","4"
"12","전남광주통합특별시","4","효성 의료기","전라남도 순천시 순광로 220 (해룡면, 성모약국)","061-724-4884","전동휠체어(가군, 나군) | 의료용 스쿠터 | 욕창예방방석 | 욕창예방매트리스 | 이동식전동리프트 | 전방보행차 | 수동휠체어","전남광주통합특별시 순천시 해룡면 순광로 220","전남광주통합특별시 순천시 해룡면 복성리 595","57972","순천시","127.542668257891","34.9630958601215","ROAD_ADDR","A","전라남도 순천시 순광로 220 (해룡면, 성모약국)","1"
"12","전남광주통합특별시","3","휠앤스","전라남도 나주시 학생운동길 18 (남외동, 나주장애인자립생활센터)","070-4036-1580","전동휠체어(가군, 나군) | 의료용 스쿠터 | 자세보조용구 | 욕창예방방석 | 욕창예방매트리스 | 이동식전동리프트 | 전방보행차 | 후방보행차 | 수동휠체어","전남광주통합특별시 나주시 학생운동길 18","전남광주통합특별시 나주시 남외동 70","58260","나주시","126.7216030336","35.0279792391079","ROAD_ADDR","A","전라남도 나주시 학생운동길 18 (남외동, 나주장애인자립생활센터)","1"
"12","전남광주통합특별시","2","휴헬스케어","광주광역시 서구 금호운천길 102, 102호 (쌍촌동)","062-381-2530","전동휠체어(가군, 나군) | 의료용 스쿠터 | 이동식전동리프트 | 수동휠체어","전남광주통합특별시 서구 금호운천길 102","전남광주통합특별시 서구 쌍촌동 908-30","62002","서구","126.856361532108","35.1439022931871","ROAD_ADDR","A","광주광역시 서구 금호운천길 102, 102호 (쌍촌동)","1"
"12","전남광주통합특별시","1","희망의지센터","광주광역시 남구 대남대로 259-2, 1층 (백운동, 아름다운산행)","062-412-9091","의지·보조기(교정형신발 등) | 전동휠체어(가군, 나군) | 의료용 스쿠터 | 자세보조용구 | 수동휠체어","전남광주통합특별시 남구 대남대로 259-2","전남광주통합특별시 남구 백운동 652-3","61616","남구","126.897703924273","35.1358757927343","ROAD_ADDR","A","광주광역시 남구 대남대로 259-2, 1층 (백운동, 아름다운산행)","1"
"26","부산광역시","189","(주)가가호호시니어비전","부산광역시 남구 수영로 248 , 201호 (대연동, 메트로타워)","051-612-7655","전동휠체어(가군, 나군) | 의료용 스쿠터 | 욕창예방방석 | 욕창예방매트리스 | 이동식전동리프트 | 수동휠체어","부산 남구 수영로 248","부산 남구 대연동 1729-3","48496","남구","129.09370227999","35.1349465282292","ROAD_ADDR","A","부산광역시 남구 수영로 248 , 201호 (대연동, 메트로타워)","1"
"26","부산광역시","188","(주)대성홈메디케어","부산광역시 북구 효열로203번가길 50, 1층 (금곡동, 우방하이츠빌라)","051-365-2233","전동휠체어(가군, 나군) | 의료용 스쿠터 | 욕창예방방석 | 욕창예방매트리스 | 이동식전동리프트 | 전방보행차 | 후방보행차 | 수동휠체어","부산 북구 효열로203번가길 50","부산 북구 금곡동 259-3","46506","북구","129.017792914448","35.2649082275002","ROAD_ADDR","A","부산광역시 북구 효열로203번가길 50, 1층 (금곡동, 우방하이츠빌라)","1"
"26","부산광역시","187","(주)동래클린케어","부산광역시 동래구 아시아드대로171번길 19 (사직동)","051-504-9924","전동휠체어(가군, 나군) | 의료용 스쿠터 | 욕창예방방석 | 욕창예방매트리스 | 이동식전동리프트 | 수동휠체어","부산 동래구 아시아드대로171번길 19","부산 동래구 사직동 70-14","47858","동래구","129.063892662219","35.1991901959168","ROAD_ADDR","A","부산광역시 동래구 아시아드대로171번길 19 (사직동)","1"
"26","부산광역시","186","(주)보필 북부산센터","부산광역시 북구 의성로115번길 70, 1층 (덕천동)","051-331-9924","전동휠체어(가군, 나군) | 의료용 스쿠터 | 욕창예방방석 | 욕창예방매트리스 | 이동식전동리프트 | 전방보행차 | 후방보행차 | 수동휠체어","부산 북구 의성로115번길 70","부산 북구 덕천동 420-19","46574","북구","129.014738184999","35.2111474497097","ROAD_ADDR","A","부산광역시 북구 의성로115번길 70, 1층 (덕천동)","1"
"26","부산광역시","185","(주)삼우티에스","부산광역시 강서구 대저로235번길 35-1 (대저1동, 부산지방법원 강서등기소)","051-852-7888","전동휠체어(가군, 나군) | 의료용 스쿠터 | 욕창예방방석 | 욕창예방매트리스 | 이동식전동리프트 | 수동휠체어","부산 강서구 대저로235번길 35-1","부산 강서구 대저1동 665-4","46702","강서구","128.978687988297","35.2161126072421","ROAD_ADDR","A","부산광역시 강서구 대저로235번길 35-1 (대저1동, 부산지방법원 강서등기소)","1"
"26","부산광역시","184","(주)선일의료기","부산광역시 동래구 충렬대로272번길 11, 1층 (낙민동)","0000-1544-4877","전동휠체어(가군, 나군) | 의료용 스쿠터 | 보청기 | 욕창예방방석 | 욕창예방매트리스 | 이동식전동리프트 | 전방보행차 | 후방보행차 | 수동휠체어","부산 동래구 충렬대로272번길 11","부산 동래구 낙민동 223-21","47879","동래구","129.089212716521","35.2002565939688","ROAD_ADDR","A","부산광역시 동래구 충렬대로272번길 11, 1층 (낙민동)","1"
"26","부산광역시","183","(주)세영메디칼","부산광역시 동구 고관로 164, 101호 (좌천동)","051-463-4601","전동휠체어(가군, 나군) | 의료용 스쿠터 | 보청기","부산 동구 고관로 164","부산 동구 좌천동 668-2","48775","동구","129.050703259412","35.1315750947702","ROAD_ADDR","A","부산광역시 동구 고관로 164, 101호 (좌천동)","1"
"26","부산광역시","182","(주)위드휠","부산광역시 강서구 대저로255번길 29 (대저1동)","051-868-5090","전동휠체어(가군, 나군) | 의료용 스쿠터 | 욕창예방방석 | 욕창예방매트리스 | 이동식전동리프트 | 전방보행차 | 후방보행차 | 수동휠체어","부산 강서구 대저로255번길 29","부산 강서구 대저1동 2377-21","46702","강서구","128.980736576167","35.2150671727018","ROAD_ADDR","A","부산광역시 강서구 대저로255번길 29 (대저1동)","1"
"26","부산광역시","181","(주)이노코리아","부산광역시 북구 효열로 76-1, 110호 (금곡동, 주공아파트)","051-468-7368","전동휠체어(가군, 나군) | 의료용 스쿠터 | 수동휠체어","부산 북구 효열로 76-1","부산 북구 금곡동 1108","46514","북구","129.014238020527","35.2527872557815","ROAD_ADDR","A","부산광역시 북구 효열로 76-1, 110호 (금곡동, 주공아파트)","1"
"26","부산광역시","180","(주)해오름케어","부산광역시 북구 금곡대로616번길 109 (금곡동)","051-363-5608","전동휠체어(가군, 나군) | 의료용 스쿠터 | 욕창예방방석 | 욕창예방매트리스 | 이동식전동리프트 | 전방보행차 | 후방보행차 | 수동휠체어","부산 북구 금곡대로616번길 109","부산 북구 금곡동 65-4","46505","북구","129.016812894045","35.2655050081436","ROAD_ADDR","A","부산광역시 북구 금곡대로616번길 109 (금곡동)","1"
"26","부산광역시","179","MS메디칼","부산광역시 중구 중앙대로 119-1, 1층 (대창동1가)","051-256-7575","전동휠체어(가군, 나군) | 의료용 스쿠터 | 욕창예방방석 | 욕창예방매트리스 | 전방보행차 | 후방보행차 | 수동휠체어","부산 중구 중앙대로 119-1","부산 중구 대창동1가 23-2","48924","중구","129.036433823372","35.1084185056747","ROAD_ADDR","A","부산광역시 중구 중앙대로 119-1, 1층 (대창동1가)","1"
"26","부산광역시","178","강남의료기상사","부산광역시 북구 금곡대로 10 (덕천동)","051-341-2121","전동휠체어(가군, 나군) | 의료용 스쿠터","부산 북구 금곡대로 10","부산 북구 덕천동 396-8","46548","북구","129.005250377371","35.210891475492","ROAD_ADDR","A","부산광역시 북구 금곡대로 10 (덕천동)","1"
"26","부산광역시","177","건강의료기","부산광역시 중구 보수대로 22 (부평동2가)","051-241-5017","전동휠체어(가군, 나군) | 의료용 스쿠터 | 보청기 | 욕창예방방석 | 욕창예방매트리스 | 이동식전동리프트 | 전방보행차 | 후방보행차 | 수동휠체어","부산 중구 보수대로 22","부산 중구 부평동2가 47-8","48980","중구","129.025168155156","35.0988883900476","ROAD_ADDR","A","부산광역시 중구 보수대로 22 (부평동2가)","1"
"26","부산광역시","176","건강한의료기","부산광역시 동구 중앙대로 393 (수정동)","051-633-1601","전동휠체어(가군, 나군) | 의료용 스쿠터 | 욕창예방방석 | 욕창예방매트리스 | 이동식전동리프트 | 전방보행차 | 후방보행차 | 수동휠체어","부산 동구 중앙대로 393","부산 동구 수정동 229-6","48775","동구","129.049873182813","35.1301832316761","ROAD_ADDR","A","부산광역시 동구 중앙대로 393 (수정동)","1"
"26","부산광역시","175","경남의료기","부산광역시 동구 고관로 69 (수정동)","051-467-4441","전동휠체어(가군, 나군) | 의료용 스쿠터 | 보청기 | 욕창예방방석 | 욕창예방매트리스 | 이동식전동리프트 | 전방보행차 | 후방보행차 | 수동휠체어","부산 동구 고관로 69","부산 동구 수정동 336-2","48793","동구","129.04414729184","35.125444128006","ROAD_ADDR","A","부산광역시 동구 고관로 69 (수정동)","1"
"26","부산광역시","174","고려의료기","부산광역시 사상구 주례로10번길 57 고려의료기, 1층 (주례동, 장수이용원)","051-327-2257","전동휠체어(가군, 나군) | 의료용 스쿠터 | 욕창예방방석 | 욕창예방매트리스 | 이동식전동리프트 | 전방보행차 | 후방보행차 | 수동휠체어","부산 사상구 주례로10번길 57","부산 사상구 주례동 139-9","47007","사상구","129.008171825881","35.1499049074212","ROAD_ADDR","A","부산광역시 사상구 주례로10번길 57 고려의료기, 1층 (주례동, 장수이용원)","1"
"26","부산광역시","173","곰두리의료기","부산광역시 동래구 충렬대로395번길 55 (안락동)","051-531-1277","전동휠체어(가군, 나군) | 의료용 스쿠터 | 욕창예방방석 | 욕창예방매트리스 | 이동식전동리프트 | 수동휠체어","부산 동래구 충렬대로395번길 55","부산 동래구 안락동 441-9","47788","동래구","129.10242649582","35.1993954601981","ROAD_ADDR","A","부산광역시 동래구 충렬대로395번길 55 (안락동)","1"
"26","부산광역시","172","광복의료기상사","부산광역시 중구 광복로37번길 1 (창선동2가)","051-244-4748","전동휠체어(가군, 나군) | 의료용 스쿠터 | 보청기","부산 중구 광복로37번길 1","부산 중구 창선동2가 9-3","48946","중구","129.029110009299","35.0994935633577","ROAD_ADDR","A","부산광역시 중구 광복로37번길 1 (창선동2가)","1"
"26","부산광역시","171","구포부민매점","부산광역시 북구 사상로 607 (구포동)","051-303-3771","전동휠체어(가군, 나군) | 의료용 스쿠터","부산 북구 사상로 607","부산 북구 구포동 1121-1","46504","북구","128.990546635613","35.1983207466079","ROAD_ADDR","A","부산광역시 북구 사상로 607 (구포동)","1"
"26","부산광역시","170","구포의료기","부산광역시 북구 낙동대로 1790 (구포동)","010-8361-0509","전동휠체어(가군, 나군) | 의료용 스쿠터 | 욕창예방방석 | 욕창예방매트리스 | 이동식전동리프트 | 전방보행차 | 수동휠체어","부산 북구 낙동대로 1790","부산 북구 구포동 146-4","46581","북구","129.004973333544","35.2097614977631","ROAD_ADDR","A","부산광역시 북구 낙동대로 1790 (구포동)","1"
"26","부산광역시","169","그린팜의료기","부산광역시 부산진구 새싹로 198 (초읍동)","051-912-5100","전동휠체어(가군, 나군) | 의료용 스쿠터 | 욕창예방방석 | 욕창예방매트리스 | 전방보행차 | 후방보행차","부산 부산진구 새싹로 198","부산 부산진구 초읍동 269-9","47127","부산진구","129.049326911556","35.1738288617964","ROAD_ADDR","A","부산광역시 부산진구 새싹로 198 (초읍동)","1"
"26","부산광역시","168","금오메디칼","부산광역시 동구 중앙대로371번길 72 (수정동)","051-462-8707","전동휠체어(가군, 나군) | 의료용 스쿠터 | 보청기 | 욕창예방방석 | 욕창예방매트리스 | 이동식전동리프트 | 수동휠체어","부산 동구 중앙대로371번길 72","부산 동구 수정동 551-10","48780","동구","129.045460891571","35.1307056902928","ROAD_ADDR","A","부산광역시 동구 중앙대로371번길 72 (수정동)","1"
"26","부산광역시","167","금정의료기(복지용구전문점)","부산광역시 금정구 오륜대로 14-1, 1층 (부곡동)","051-581-5652","전동휠체어(가군, 나군) | 의료용 스쿠터 | 욕창예방방석 | 욕창예방매트리스 | 수동휠체어","부산 금정구 오륜대로 14-1","부산 금정구 부곡동 57-11","46265","금정구","129.094288520303","35.2411020542426","ROAD_ADDR","A","부산광역시 금정구 오륜대로 14-1, 1층 (부곡동)","1"
"26","부산광역시","166","기장종합의료기","부산광역시 기장군 대청로72번길 5 (기장읍, 정한약국)","051-722-0115","전동휠체어(가군, 나군) | 의료용 스쿠터 | 욕창예방방석 | 욕창예방매트리스 | 전방보행차 | 후방보행차 | 수동휠체어","부산 기장군 기장읍 대청로72번길 5","부산 기장군 기장읍 청강리 703-6","46072","기장군","129.216990840535","35.2359175622363","ROAD_ADDR","A","부산광역시 기장군 대청로72번길 5 (기장읍, 정한약국)","1"
"26","부산광역시","165","길 의료기","부산광역시 사상구 사상로 517, 상가동 (모라동)","051-302-6646","전동휠체어(가군, 나군) | 의료용 스쿠터 | 보청기","부산 사상구 사상로 517","부산 사상구 모라동 652-10","46917","사상구","128.988823773311","35.1905903459048","ROAD_ADDR","A","부산광역시 사상구 사상로 517, 상가동 (모라동)","1"
"26","부산광역시","164","나누리요","부산광역시 영도구 함지로 17 제비상가동, 106호 (동삼동, 반도보라비치타운)","051-404-1311","전동휠체어(가군, 나군) | 의료용 스쿠터 | 욕창예방방석 | 욕창예방매트리스 | 이동식전동리프트 | 수동휠체어","부산 영도구 함지로 17","부산 영도구 동삼동 1124-2","49120","영도구","129.060479127488","35.0712385896703","ROAD_ADDR","A","부산광역시 영도구 함지로 17 제비상가동, 106호 (동삼동, 반도보라비치타운)","1"
"26","부산광역시","163","나눔의료기","부산광역시 해운대구 아랫반송로5번길 216, 1층 (반송동, 디자인하우스)","051-542-6997","전동휠체어(가군, 나군) | 의료용 스쿠터 | 욕창예방방석 | 욕창예방매트리스 | 이동식전동리프트 | 전방보행차 | 후방보행차 | 수동휠체어","부산 해운대구 아랫반송로5번길 216","부산 해운대구 반송동 756-25","48014","해운대구","129.150001206546","35.2297639744087","ROAD_ADDR","A","부산광역시 해운대구 아랫반송로5번길 216, 1층 (반송동, 디자인하우스)","1"
"26","부산광역시","162","남북메디칼","부산광역시 수영구 수영로540번길 7 (광안동)","051-756-4164","전동휠체어(가군, 나군) | 의료용 스쿠터","부산 수영구 수영로540번길 7","부산 수영구 광안동 165-19","48300","수영구","129.112659039631","35.153987158862","ROAD_ADDR","A","부산광역시 수영구 수영로540번길 7 (광안동)","1"
"26","부산광역시","161","네발보조공학센터","부산광역시 북구 효열로 270, 상가동 105호 (금곡동, 금곡1단지주공아파트)","051-917-1009","전동휠체어(가군, 나군) | 의료용 스쿠터 | 수동휠체어","부산 북구 효열로 270","부산 북구 금곡동 53-1","46510","북구","129.019109191514","35.267310820205","ROAD_ADDR","A","부산광역시 북구 효열로 270, 상가동 105호 (금곡동, 금곡1단지주공아파트)","1"
"26","부산광역시","160","넥스트(NEXT)","부산광역시 동구 대영로 261, 1층 (초량동, 은성빌딩)","010-4471-3446","의지·보조기(교정형신발 등) | 전동휠체어(가군, 나군) | 의료용 스쿠터 | 보청기 | 수동휠체어","부산 동구 대영로 261","부산 동구 초량동 1212-11","48822","동구","129.039262989874","35.1118657649088","ROAD_ADDR","A","부산광역시 동구 대영로 261, 1층 (초량동, 은성빌딩)","1"
"26","부산광역시","159","넥스트이브이모빌리티","부산광역시 금정구 중앙대로 2061, 1동 101호 (남산동, 대박마을)","000-1588-5952","전동휠체어(가군, 나군) | 의료용 스쿠터 | 욕창예방방석 | 욕창예방매트리스 | 이동식전동리프트 | 수동휠체어","부산 금정구 중앙대로 2061","부산 금정구 남산동 55-25","46219","금정구","129.092505232989","35.2684353010741","ROAD_ADDR","A","부산광역시 금정구 중앙대로 2061, 1동 101호 (남산동, 대박마을)","1"
"26","부산광역시","158","다우의료기","부산광역시 서구 감천로 253 (암남동)","051-243-8284","전동휠체어(가군, 나군) | 의료용 스쿠터 | 욕창예방방석 | 욕창예방매트리스 | 이동식전동리프트 | 전방보행차 | 후방보행차 | 수동휠체어","부산 서구 감천로 253","부산 서구 암남동 62-17","49265","서구","129.0156838843","35.081640851888","ROAD_ADDR","A","부산광역시 서구 감천로 253 (암남동)","1"
"26","부산광역시","157","다정한 의료기","부산광역시 수영구 광서로10번길 65, 107호 (광안동, 로타리아파트)","010-8030-6047","전동휠체어(가군, 나군) | 욕창예방방석 | 수동휠체어","부산 수영구 광서로10번길 65","부산 수영구 광안동 1073-2","48243","수영구","129.113922153285","35.1668613141288","ROAD_ADDR","A","부산광역시 수영구 광서로10번길 65, 107호 (광안동, 로타리아파트)","1"
"26","부산광역시","156","대동의료기","부산광역시 동래구 충렬대로 180-4, 2층 (명륜동)","051-558-8805","전동휠체어(가군, 나군) | 의료용 스쿠터 | 보청기 | 욕창예방방석 | 욕창예방매트리스 | 이동식전동리프트 | 전방보행차 | 후방보행차 | 수동휠체어","부산 동래구 충렬대로 180-4","부산 동래구 명륜동 533-153","47815","동래구","129.079313149686","35.2036848173441","ROAD_ADDR","A","부산광역시 동래구 충렬대로 180-4, 2층 (명륜동)","1"
"26","부산광역시","155","대동의지 보조기 센터","부산광역시 동구 고관로 83 (수정동)","051-441-0679","의지·보조기(교정형신발 등) | 전동휠체어(가군, 나군) | 의료용 스쿠터 | 욕창예방방석 | 욕창예방매트리스 | 이동식전동리프트 | 전방보행차 | 후방보행차 | 수동휠체어","부산 동구 고관로 83","부산 동구 수정동 324-13","48784","동구","129.0447002055","35.1265971258748","ROAD_ADDR","A","부산광역시 동구 고관로 83 (수정동)","1"
"26","부산광역시","154","대동종합보조기","부산광역시 부산진구 성지로137번길 82, 1층 (초읍동)","051-891-3550","의지·보조기(교정형신발 등) | 전동휠체어(가군, 나군) | 의료용 스쿠터 | 욕창예방방석 | 욕창예방매트리스 | 수동휠체어","부산 부산진구 성지로137번길 82","부산 부산진구 초읍동 206-103","47125","부산진구","129.052267720467","35.1788839503877","ROAD_ADDR","A","부산광역시 부산진구 성지로137번길 82, 1층 (초읍동)","1"
"26","부산광역시","153","대세의료기","부산광역시 해운대구 아랫반송로21번길 83 (반송동, 도도헤어)","051-742-2217","전동휠체어(가군, 나군) | 의료용 스쿠터 | 전방보행차 | 수동휠체어","부산 해운대구 아랫반송로21번길 83","부산 해운대구 반송동 275-455","48014","해운대구","129.148427076113","35.2275733397549","ROAD_ADDR","A","부산광역시 해운대구 아랫반송로21번길 83 (반송동, 도도헤어)","1"
"26","부산광역시","152","대세홈케어","부산광역시 사상구 괘감로 37, 1동 2층 219호 (괘법동, 산업용품유통상가)","010-4524-3670","전동휠체어(가군, 나군) | 의료용 스쿠터 | 욕창예방방석 | 욕창예방매트리스 | 이동식전동리프트 | 전방보행차 | 후방보행차 | 수동휠체어","부산 사상구 괘감로 37","부산 사상구 괘법동 578","46977","사상구","128.980434351461","35.1597552228701","ROAD_ADDR","A","부산광역시 사상구 괘감로 37, 1동 2층 219호 (괘법동, 산업용품유통상가)","1"
"26","부산광역시","151","대일의료기","부산광역시 연제구 과정로 333 (연산동)","051-502-1530","전동휠체어(가군, 나군) | 의료용 스쿠터","부산 연제구 과정로 333","부산 연제구 연산동 313-33","47552","연제구","129.091329391469","35.1898431937678","ROAD_ADDR","A","부산광역시 연제구 과정로 333 (연산동)","1"
"26","부산광역시","150","대한복지용구센터","부산광역시 북구 만덕3로48번나길 30, 1층 (만덕동)","051-341-1588","전동휠체어(가군, 나군) | 의료용 스쿠터 | 보청기 | 욕창예방방석 | 욕창예방매트리스 | 이동식전동리프트 | 수동휠체어","부산 북구 만덕3로48번나길 30","부산 북구 만덕동 909-14","46571","북구","129.027076419075","35.2112357463754","ROAD_ADDR","A","부산광역시 북구 만덕3로48번나길 30, 1층 (만덕동)","1"
"26","부산광역시","149","동국의료기","부산광역시 사상구 새벽로 182 (감전동, 가야정)","051-311-8826","전동휠체어(가군, 나군) | 의료용 스쿠터 | 보청기 | 욕창예방방석 | 욕창예방매트리스 | 수동휠체어","부산 사상구 새벽로 182","부산 사상구 감전동 121-6","46981","사상구","128.983795605234","35.157282624149","ROAD_ADDR","A","부산광역시 사상구 새벽로 182 (감전동, 가야정)","1"
"26","부산광역시","148","동래의료기","부산광역시 동래구 안연로109번길 24, 1층 2호 (안락동)","051-531-2661","전동휠체어(가군, 나군) | 의료용 스쿠터 | 보청기 | 욕창예방방석 | 욕창예방매트리스 | 수동휠체어","부산 동래구 안연로109번길 24","부산 동래구 안락동 765-1","47889","동래구","129.096621402882","35.1971801077988","ROAD_ADDR","A","부산광역시 동래구 안연로109번길 24, 1층 2호 (안락동)","1"
"26","부산광역시","147","동서의료기","부산광역시 사하구 낙동대로 184, 1층 (괴정동)","051-293-9366","전동휠체어(가군, 나군) | 의료용 스쿠터 | 보청기 | 욕창예방방석 | 욕창예방매트리스 | 전방보행차 | 후방보행차 | 수동휠체어","부산 사하구 낙동대로 184","부산 사하구 괴정동 262-1","49338","사하구","128.996395964093","35.1016675525219","ROAD_ADDR","A","부산광역시 사하구 낙동대로 184, 1층 (괴정동)","1"
"26","부산광역시","146","동성의료기","부산광역시 북구 낙동대로1780번길 42 (구포동)","051-243-2229","전동휠체어(가군, 나군) | 의료용 스쿠터 | 욕창예방방석 | 욕창예방매트리스 | 수동휠체어","부산 북구 낙동대로1780번길 42","부산 북구 구포동 596-18","46581","북구","129.004696851673","35.2081851622681","ROAD_ADDR","A","부산광역시 북구 낙동대로1780번길 42 (구포동)","1"
"26","부산광역시","145","동양의료기","부산광역시 중구 광복로37번길 7-1 (창선동2가)","051-245-1131","전동휠체어(가군, 나군) | 의료용 스쿠터 | 보청기 | 전방보행차 | 수동휠체어","부산 중구 광복로37번길 7-1","부산 중구 창선동2가 16-1","48946","중구","129.029080210572","35.0999768220256","ROAD_ADDR","A","부산광역시 중구 광복로37번길 7-1 (창선동2가)","1"
"26","부산광역시","144","동원의료기 노인복지용구","부산광역시 사하구 사리로 2, 1층 (괴정동)","010-7757-3803","전동휠체어(가군, 나군) | 의료용 스쿠터 | 욕창예방방석 | 욕창예방매트리스 | 이동식전동리프트 | 전방보행차 | 수동휠체어","부산 사하구 사리로 2","부산 사하구 괴정동 378","49352","사하구","129.000026761009","35.1000461220753","ROAD_ADDR","A","부산광역시 사하구 사리로 2, 1층 (괴정동)","1"
"26","부산광역시","143","동인메디텍","부산광역시 해운대구 좌동순환로 275, 상가동 107호 (좌동, 대우2차아파트)","051-703-8522","전동휠체어(가군, 나군) | 의료용 스쿠터 | 욕창예방방석 | 욕창예방매트리스 | 이동식전동리프트 | 전방보행차 | 후방보행차 | 수동휠체어","부산 해운대구 좌동순환로 275","부산 해운대구 좌동 1438","48109","해운대구","129.183227515649","35.1724530764883","ROAD_ADDR","A","부산광역시 해운대구 좌동순환로 275, 상가동 107호 (좌동, 대우2차아파트)","1"
"26","부산광역시","142","동진의료기","부산광역시 서구 대신공원로 17 (동대신동3가)","051-247-3136","전동휠체어(가군, 나군) | 의료용 스쿠터 | 욕창예방방석 | 욕창예방매트리스 | 이동식전동리프트 | 전방보행차 | 후방보행차 | 수동휠체어","부산 서구 대신공원로 17","부산 서구 동대신동3가 13-8","49202","서구","129.016156646628","35.1195152655996","ROAD_ADDR","A","부산광역시 서구 대신공원로 17 (동대신동3가)","1"
"26","부산광역시","141","라이프헬스케어","부산광역시 남구 동명로 26 , 108동 202호 (용당동, 현대아이파크 상가)","051-611-1198","전동휠체어(가군, 나군) | 의료용 스쿠터 | 욕창예방방석 | 욕창예방매트리스 | 이동식전동리프트 | 전방보행차 | 후방보행차 | 수동휠체어","부산 남구 동명로 26","부산 남구 용당동 99-10","48559","남구","129.099496778368","35.1188530196986","ROAD_ADDR","A","부산광역시 남구 동명로 26 , 108동 202호 (용당동, 현대아이파크 상가)","1"
"26","부산광역시","140","메디아이","부산광역시 사상구 모덕로67번길 136, 103호 (모라동, 명신상가APT)","070-8688-8886","전동휠체어(가군, 나군) | 의료용 스쿠터 | 욕창예방방석 | 욕창예방매트리스 | 이동식전동리프트 | 전방보행차 | 수동휠체어","부산 사상구 모덕로67번길 136","부산 사상구 모라동 658-8","46921","사상구","128.985315672744","35.1876315245054","ROAD_ADDR","A","부산광역시 사상구 모덕로67번길 136, 103호 (모라동, 명신상가APT)","1"
"26","부산광역시","139","명진의료기상사","부산광역시 사상구 양지로 3, 2동 113호 (주례동, 대성상가)","051-324-9896","전동휠체어(가군, 나군) | 의료용 스쿠터 | 욕창예방방석 | 욕창예방매트리스 | 이동식전동리프트 | 전방보행차 | 후방보행차 | 수동휠체어","부산 사상구 양지로 3","부산 사상구 주례동 316","46994","사상구","129.004766175431","35.1529714248882","ROAD_ADDR","A","부산광역시 사상구 양지로 3, 2동 113호 (주례동, 대성상가)","1"
"26","부산광역시","138","모닝메디케어","부산광역시 사하구 다대로 403, 1층 (다대동)","010-2499-9708","전동휠체어(가군, 나군) | 의료용 스쿠터 | 욕창예방방석 | 욕창예방매트리스 | 이동식전동리프트 | 수동휠체어","부산 사하구 다대로 403","부산 사하구 다대동 84-5","49514","사하구","128.980078718633","35.0672049492769","ROAD_ADDR","A","부산광역시 사하구 다대로 403, 1층 (다대동)","1"
"26","부산광역시","137","모아메디칼상사","부산광역시 연제구 월드컵대로 359 (거제동, 부산의료원)","051-501-6569","전동휠체어(가군, 나군) | 의료용 스쿠터 | 욕창예방방석 | 욕창예방매트리스 | 전방보행차 | 후방보행차 | 수동휠체어","부산 연제구 월드컵대로 359","부산 연제구 거제동 1518","47527","연제구","129.060181218712","35.187431768268","ROAD_ADDR","A","부산광역시 연제구 월드컵대로 359 (거제동, 부산의료원)","1"
"26","부산광역시","136","모아의료기","부산광역시 연제구 월드컵대로 343 , 105호 (거제동, 대우그린아파트상가)","051-501-2210","전동휠체어(가군, 나군) | 의료용 스쿠터 | 욕창예방방석 | 욕창예방매트리스 | 전방보행차 | 후방보행차 | 수동휠체어","부산 연제구 월드컵대로 343","부산 연제구 거제동 1288-3","47527","연제구","129.061396772362","35.1878038008399","ROAD_ADDR","A","부산광역시 연제구 월드컵대로 343 , 105호 (거제동, 대우그린아파트상가)","1"
"26","부산광역시","135","미소 의료기","부산광역시 사하구 괴정로244번길 19 (괴정동)","051-292-9009","전동휠체어(가군, 나군) | 의료용 스쿠터 | 욕창예방방석 | 욕창예방매트리스 | 수동휠체어","부산 사하구 괴정로244번길 19","부산 사하구 괴정동 536-19","49386","사하구","128.987936051039","35.0956427017245","ROAD_ADDR","A","부산광역시 사하구 괴정로244번길 19 (괴정동)","1"
"26","부산광역시","134","바른의료기","부산광역시 북구 사상로 599 (구포동)","051-303-1702","전동휠체어(가군, 나군) | 의료용 스쿠터","부산 북구 사상로 599","부산 북구 구포동 1121-5","46504","북구","128.990650419768","35.1976564997648","ROAD_ADDR","A","부산광역시 북구 사상로 599 (구포동)","1"
"26","부산광역시","133","백산의료기","부산광역시 수영구 수영로 609-1 (광안동)","051-757-8096","전동휠체어(가군, 나군) | 의료용 스쿠터 | 보청기 | 욕창예방방석 | 욕창예방매트리스 | 이동식전동리프트 | 전방보행차 | 후방보행차 | 수동휠체어","부산 수영구 수영로 609-1","부산 수영구 광안동 595-3","48254","수영구","129.113424307068","35.160231675469","ROAD_ADDR","A","부산광역시 수영구 수영로 609-1 (광안동)","1"
"26","부산광역시","132","보배의료기","부산광역시 동래구 석사북로 8 (사직동)","051-503-6157","전동휠체어(가군, 나군) | 의료용 스쿠터 | 욕창예방방석 | 욕창예방매트리스 | 수동휠체어","부산 동래구 석사북로 8","부산 동래구 사직동 25-1","47859","동래구","129.060621524511","35.1997176829952","ROAD_ADDR","A","부산광역시 동래구 석사북로 8 (사직동)","1"
"26","부산광역시","131","보훈의료기","부산광역시 사상구 양지로 10 (주례동, 황금노래연습장)","051-322-2210","전동휠체어(가군, 나군) | 의료용 스쿠터 | 보청기 | 욕창예방방석 | 욕창예방매트리스 | 이동식전동리프트 | 전방보행차 | 후방보행차 | 수동휠체어","부산 사상구 양지로 10","부산 사상구 주례동 313-4","46994","사상구","129.005309160365","35.1534524036885","ROAD_ADDR","A","부산광역시 사상구 양지로 10 (주례동, 황금노래연습장)","1"
"26","부산광역시","130","복지메디칼세신","부산광역시 사하구 낙동대로 327, 1층 (괴정동)","051-206-8588","전동휠체어(가군, 나군) | 의료용 스쿠터 | 보청기 | 욕창예방방석 | 욕창예방매트리스 | 이동식전동리프트 | 수동휠체어","부산 사하구 낙동대로 327","부산 사하구 괴정동 1135-10","49399","사하구","128.98137694351","35.0999901797909","ROAD_ADDR","A","부산광역시 사하구 낙동대로 327, 1층 (괴정동)","1"
"26","부산광역시","129","부민메디칼","부산광역시 부산진구 백양대로34번길 21, 1층 (부암동)","051-867-2224","전동휠체어(가군, 나군) | 의료용 스쿠터 | 보청기","부산 부산진구 백양대로34번길 21","부산 부산진구 부암동 218-20","47188","부산진구","129.045777651724","35.1635715515819","ROAD_ADDR","A","부산광역시 부산진구 백양대로34번길 21, 1층 (부암동)","1"
"26","부산광역시","128","부산 메디칼(BS MEDICAL)","부산광역시 영도구 대교로2번길 15, 302호 (봉래동3가, 성우 펠리체 리움)","010-3162-5520","전동휠체어(가군, 나군) | 의료용 스쿠터 | 욕창예방방석 | 욕창예방매트리스 | 이동식전동리프트 | 수동휠체어","부산 영도구 대교로2번길 15","부산 영도구 봉래동3가 91-2","49005","영도구","129.044867206942","35.0938011374525","ROAD_ADDR","A","부산광역시 영도구 대교로2번길 15, 302호 (봉래동3가, 성우 펠리체 리움)","1"
"26","부산광역시","127","부산보조기","부산광역시 사상구 백양대로 716, 상가동 (덕포동, 덕포남영아파트)","051-898-9219","의지·보조기(교정형신발 등) | 전동휠체어(가군, 나군) | 의료용 스쿠터","부산 사상구 백양대로 716","부산 사상구 덕포동 789","46957","사상구","128.989051453797","35.1704770303418","ROAD_ADDR","A","부산광역시 사상구 백양대로 716, 상가동 (덕포동, 덕포남영아파트)","1"
"26","부산광역시","126","부산의료기","부산광역시 동래구 중앙대로 1329, 1층 (온천동)","051-558-7114","전동휠체어(가군, 나군) | 의료용 스쿠터 | 보청기 | 욕창예방방석 | 욕창예방매트리스 | 이동식전동리프트 | 전방보행차 | 후방보행차 | 수동휠체어","부산 동래구 중앙대로 1329","부산 동래구 온천동 1436-5","47734","동래구","129.077647746164","35.2058617643331","ROAD_ADDR","A","부산광역시 동래구 중앙대로 1329, 1층 (온천동)","1"
"26","부산광역시","125","부산의료기","부산광역시 사상구 가야대로 258 (주례동, 1층)","051-328-8371","전동휠체어(가군, 나군) | 의료용 스쿠터 | 보청기 | 수동휠체어","부산 사상구 가야대로 258","부산 사상구 주례동 1162-3","47012","사상구","129.000924352793","35.1500406246592","ROAD_ADDR","A","부산광역시 사상구 가야대로 258 (주례동, 1층)","1"
"26","부산광역시","124","부산의료용품","부산광역시 동구 중앙대로 415, 1층 (좌천동)","051-467-1600","전동휠체어(가군, 나군) | 의료용 스쿠터 | 보청기 | 욕창예방방석 | 욕창예방매트리스 | 이동식전동리프트 | 전방보행차 | 후방보행차 | 수동휠체어","부산 동구 중앙대로 415","부산 동구 좌천동 637-1","48775","동구","129.051363600956","35.1318233609529","ROAD_ADDR","A","부산광역시 동구 중앙대로 415, 1층 (좌천동)","1"
"26","부산광역시","123","부영의료기","부산광역시 부산진구 중앙대로 795 (부전동)","051-804-3322","전동휠체어(가군, 나군) | 의료용 스쿠터 | 수동휠체어","부산 부산진구 중앙대로 795","부산 부산진구 부전동 58-2","47250","부산진구","129.062865486546","35.1627966642864","ROAD_ADDR","A","부산광역시 부산진구 중앙대로 795 (부전동)","1"
"26","부산광역시","122","부전의료기","부산광역시 부산진구 중앙대로 789 (부전동)","051-818-7223","전동휠체어(가군, 나군) | 의료용 스쿠터 | 보청기 | 욕창예방방석 | 욕창예방매트리스 | 전방보행차 | 수동휠체어","부산 부산진구 중앙대로 789","부산 부산진구 부전동 57-2","47250","부산진구","129.062658474656","35.1625340776677","ROAD_ADDR","A","부산광역시 부산진구 중앙대로 789 (부전동)","1"
"26","부산광역시","121","사단법인 누리복지회","부산광역시 북구 금곡대로616번길 99-1, 1층 (금곡동)","051-364-0400","전동휠체어(가군, 나군) | 의료용 스쿠터 | 수동휠체어","부산 북구 금곡대로616번길 99-1","부산 북구 금곡동 70-6","46505","북구","129.016572644641","35.2651302581047","ROAD_ADDR","A","부산광역시 북구 금곡대로616번길 99-1, 1층 (금곡동)","1"
"26","부산광역시","120","사단법인 안심생활 남부지점","부산광역시 수영구 수영로 457 (남천동, 1층)","051-611-9488","전동휠체어(가군, 나군) | 의료용 스쿠터 | 욕창예방방석 | 욕창예방매트리스 | 이동식전동리프트 | 수동휠체어","부산 수영구 수영로 457","부산 수영구 남천동 52-10","48316","수영구","129.109899954658","35.1467827755391","ROAD_ADDR","A","부산광역시 수영구 수영로 457 (남천동, 1층)","1"
"26","부산광역시","119","삼에스개발(주)","부산광역시 연제구 월드컵대로 83 (연산동)","051-851-8701","전동휠체어(가군, 나군) | 의료용 스쿠터 | 욕창예방방석 | 욕창예방매트리스 | 이동식전동리프트 | 수동휠체어","부산 연제구 월드컵대로 83","부산 연제구 연산동 717-14","47598","연제구","129.083297952425","35.1817727043172","ROAD_ADDR","A","부산광역시 연제구 월드컵대로 83 (연산동)","1"
"26","부산광역시","118","삼정의료기","부산광역시 기장군 무양2길 11 (기장읍)","051-721-9996","전동휠체어(가군, 나군) | 의료용 스쿠터 | 욕창예방방석 | 욕창예방매트리스 | 전방보행차 | 수동휠체어","부산 기장군 기장읍 무양2길 11","부산 기장군 기장읍 대변리 440-14","46079","기장군","129.227097585419","35.225576044022","ROAD_ADDR","A","부산광역시 기장군 무양2길 11 (기장읍)","1"
"26","부산광역시","117","삼흥의료기","부산광역시 남구 유엔평화로4번길 4 (대연동, 수복장여관)","051-627-7241","전동휠체어(가군, 나군) | 의료용 스쿠터 | 보청기 | 욕창예방방석 | 욕창예방매트리스 | 이동식전동리프트 | 전방보행차 | 후방보행차 | 수동휠체어","","","","","","","","NONE","","3"
"26","부산광역시","116","상도의료기","부산광역시 서구 망양로 5 (서대신동3가)","051-257-0996","전동휠체어(가군, 나군) | 의료용 스쿠터","부산 서구 망양로 5","부산 서구 서대신동3가 465-8","49210","서구","129.012258431974","35.1113877411217","ROAD_ADDR","A","부산광역시 서구 망양로 5 (서대신동3가)","1"
"26","부산광역시","115","샘물 의료기 판매사","부산광역시 북구 만덕3로16번길 11, 4동 8호 (만덕동, 벽산라인훼미리타운)","010-6600-3549","전동휠체어(가군, 나군) | 의료용 스쿠터 | 욕창예방방석 | 욕창예방매트리스 | 이동식전동리프트 | 전방보행차 | 수동휠체어","부산 북구 만덕3로16번길 11","부산 북구 만덕동 761-1","46570","북구","129.025068626343","35.2121400606293","ROAD_ADDR","A","부산광역시 북구 만덕3로16번길 11, 4동 8호 (만덕동, 벽산라인훼미리타운)","1"
"26","부산광역시","114","서면의료기","부산광역시 부산진구 중앙대로783번길 8 (부전동)","051-806-6996","전동휠체어(가군, 나군) | 의료용 스쿠터 | 보청기 | 욕창예방방석 | 욕창예방매트리스 | 이동식전동리프트 | 전방보행차 | 후방보행차 | 수동휠체어","부산 부산진구 중앙대로783번길 8","부산 부산진구 부전동 55-2","47250","부산진구","129.062361351657","35.1623576443501","ROAD_ADDR","A","부산광역시 부산진구 중앙대로783번길 8 (부전동)","1"
"26","부산광역시","113","서부산의료기보청기","부산광역시 사하구 제석로 22, 1층 (하단동)","051-207-0333","전동휠체어(가군, 나군) | 의료용 스쿠터 | 보청기 | 욕창예방방석 | 욕창예방매트리스 | 이동식전동리프트 | 전방보행차 | 후방보행차 | 수동휠체어","부산 사하구 제석로 22","부산 사하구 하단동 623-2","49410","사하구","128.971708202381","35.1038296591903","ROAD_ADDR","A","부산광역시 사하구 제석로 22, 1층 (하단동)","1"
"26","부산광역시","112","성림메디칼","부산광역시 금정구 중앙대로 2044 3층 (남산동, 남산주유소)","051-581-5896","전동휠체어(가군, 나군) | 의료용 스쿠터 | 보청기 | 욕창예방방석 | 욕창예방매트리스 | 수동휠체어","부산 금정구 중앙대로 2044","부산 금정구 남산동 251-4","46215","금정구","129.093121167507","35.2665845114693","ROAD_ADDR","A","부산광역시 금정구 중앙대로 2044 3층 (남산동, 남산주유소)","1"
"26","부산광역시","111","성림의료기","부산광역시 금정구 중앙대로 1907 (구서동)","051-512-3777","전동휠체어(가군, 나군) | 의료용 스쿠터 | 보청기 | 욕창예방방석 | 욕창예방매트리스 | 수동휠체어","부산 금정구 중앙대로 1907","부산 금정구 구서동 194-7","46230","금정구","129.091133271565","35.2546907424085","ROAD_ADDR","A","부산광역시 금정구 중앙대로 1907 (구서동)","1"
"26","부산광역시","110","세명메디칼상사","부산광역시 부산진구 가야대로 763 (부전동)","051-818-0170","전동휠체어(가군, 나군) | 의료용 스쿠터 | 보청기 | 욕창예방방석 | 욕창예방매트리스 | 이동식전동리프트 | 수동휠체어","부산 부산진구 가야대로 763","부산 부산진구 부전동 467-11","47257","부산진구","129.054985205172","35.1578919750704","ROAD_ADDR","A","부산광역시 부산진구 가야대로 763 (부전동)","1"
"26","부산광역시","109","세영의료기","부산광역시 동구 고관로 164 일신빌딩, 1층 (좌천동)","070-8657-3119","전동휠체어(가군, 나군) | 의료용 스쿠터 | 욕창예방방석 | 욕창예방매트리스 | 이동식전동리프트 | 전방보행차 | 후방보행차 | 수동휠체어","부산 동구 고관로 164","부산 동구 좌천동 668-2","48775","동구","129.050703259412","35.1315750947702","ROAD_ADDR","A","부산광역시 동구 고관로 164 일신빌딩, 1층 (좌천동)","1"
"26","부산광역시","108","세진의료기상사","부산광역시 동구 고관로 73 (수정동)","051-467-9942","전동휠체어(가군, 나군) | 의료용 스쿠터 | 보청기 | 욕창예방방석 | 욕창예방매트리스 | 이동식전동리프트 | 전방보행차 | 후방보행차 | 수동휠체어","부산 동구 고관로 73","부산 동구 수정동 331-1","48793","동구","129.04430350148","35.1257562707434","ROAD_ADDR","A","부산광역시 동구 고관로 73 (수정동)","1"
"26","부산광역시","107","소정의료기","부산광역시 해운대구 아랫반송로21번길 123 (반송동, 외)","051-544-7156","전동휠체어(가군, 나군) | 의료용 스쿠터","부산 해운대구 아랫반송로21번길 123","부산 해운대구 반송동 275-371","48014","해운대구","129.148527775224","35.228618220876","ROAD_ADDR","A","부산광역시 해운대구 아랫반송로21번길 123 (반송동, 외)","1"
"26","부산광역시","106","소정의료기","부산광역시 해운대구 해운대로61번길 110-1 (반여동)","051-781-7736","전동휠체어(가군, 나군) | 의료용 스쿠터 | 보청기 | 욕창예방방석 | 욕창예방매트리스 | 이동식전동리프트 | 전방보행차 | 후방보행차 | 수동휠체어","부산 해운대구 해운대로61번길 110-1","부산 해운대구 반여동 1291-1026","48051","해운대구","129.130300470482","35.1946006247882","ROAD_ADDR","A","부산광역시 해운대구 해운대로61번길 110-1 (반여동)","1"
"26","부산광역시","105","수영의료기","부산광역시 수영구 연수로401번길 3 (수영동)","051-754-9959","전동휠체어(가군, 나군) | 의료용 스쿠터 | 보청기","부산 수영구 연수로401번길 3","부산 수영구 수영동 451-9","48232","수영구","129.113342324015","35.1689235349992","ROAD_ADDR","A","부산광역시 수영구 연수로401번길 3 (수영동)","1"
"26","부산광역시","104","신기의료기","부산광역시 동래구 명장로48번길 8, 1층 (명장동)","051-528-1015","전동휠체어(가군, 나군) | 의료용 스쿠터 | 욕창예방방석 | 욕창예방매트리스 | 이동식전동리프트 | 전방보행차 | 수동휠체어","부산 동래구 명장로48번길 8","부산 동래구 명장동 135-65","47774","동래구","129.106143576134","35.2044315140158","ROAD_ADDR","A","부산광역시 동래구 명장로48번길 8, 1층 (명장동)","1"
"26","부산광역시","103","신기의료기 괴정점","부산광역시 사하구 사하로 137-1 (괴정동)","010-4577-1839","전동휠체어(가군, 나군) | 의료용 스쿠터 | 욕창예방방석 | 욕창예방매트리스 | 이동식전동리프트 | 수동휠체어","부산 사하구 사하로 137-1","부산 사하구 괴정동 493-18","49394","사하구","128.992857755935","35.0941888344496","ROAD_ADDR","A","부산광역시 사하구 사하로 137-1 (괴정동)","1"
"26","부산광역시","102","신기의료기 구포점","부산광역시 북구 백양대로 1125, 1층 (구포동)","051-393-4994","전동휠체어(가군, 나군) | 의료용 스쿠터 | 욕창예방방석 | 욕창예방매트리스 | 이동식전동리프트 | 전방보행차 | 수동휠체어","부산 북구 백양대로 1125","부산 북구 구포동 718-23","46587","북구","129.001343597378","35.204652210232","ROAD_ADDR","A","부산광역시 북구 백양대로 1125, 1층 (구포동)","1"
"26","부산광역시","101","신기의료기 금정점","부산광역시 금정구 중앙대로1959번길 8, 1층 (구서동)","051-516-1255","전동휠체어(가군, 나군) | 의료용 스쿠터 | 욕창예방방석 | 욕창예방매트리스 | 이동식전동리프트 | 수동휠체어","부산 금정구 중앙대로1959번길 8","부산 금정구 구서동 162-12","46229","금정구","129.0908723525","35.2593857038901","ROAD_ADDR","A","부산광역시 금정구 중앙대로1959번길 8, 1층 (구서동)","1"
"26","부산광역시","100","신기의료기 기장점","부산광역시 기장군 차성로326번길 8, 1층 (기장읍, 클라라음악학원)","051-723-6244","전동휠체어(가군, 나군) | 의료용 스쿠터 | 욕창예방방석 | 욕창예방매트리스 | 이동식전동리프트 | 전방보행차 | 수동휠체어","부산 기장군 기장읍 차성로326번길 8","부산 기장군 기장읍 동부리 126-6","46061","기장군","129.214722804753","35.2465495246291","ROAD_ADDR","A","부산광역시 기장군 차성로326번길 8, 1층 (기장읍, 클라라음악학원)","1"
"26","부산광역시","99","신기의료기 대연점","부산광역시 남구 수영로219번길 39, 1층 (대연동)","051-917-1690","전동휠체어(가군, 나군) | 의료용 스쿠터 | 욕창예방방석 | 욕창예방매트리스 | 이동식전동리프트 | 전방보행차 | 후방보행차 | 수동휠체어","부산 남구 수영로219번길 39","부산 남구 대연동 1364-4","48439","남구","129.090303733314","35.1369297351819","ROAD_ADDR","A","부산광역시 남구 수영로219번길 39, 1층 (대연동)","1"
"26","부산광역시","98","신기의료기 덕천점","부산광역시 북구 덕천로 62, 1층 (덕천동)","051-361-4600","전동휠체어(가군, 나군) | 의료용 스쿠터 | 욕창예방방석 | 욕창예방매트리스 | 이동식전동리프트 | 전방보행차 | 수동휠체어","부산 북구 덕천로 62","부산 북구 덕천동 295-10","46594","북구","129.011483912173","35.2085248505448","ROAD_ADDR","A","부산광역시 북구 덕천로 62, 1층 (덕천동)","1"
"26","부산광역시","97","신기의료기 동구점","부산광역시 동구 고관로 112 (수정동)","051-711-3973","전동휠체어(가군, 나군) | 의료용 스쿠터 | 욕창예방방석 | 욕창예방매트리스 | 이동식전동리프트 | 수동휠체어","부산 동구 고관로 112","부산 동구 수정동 270-1","48790","동구","129.046461444697","35.1285988930541","ROAD_ADDR","A","부산광역시 동구 고관로 112 (수정동)","1"
"26","부산광역시","96","신기의료기 동래점","부산광역시 동래구 여고북로 102, 1층 (사직동)","051-978-8500","전동휠체어(가군, 나군) | 의료용 스쿠터 | 욕창예방방석 | 욕창예방매트리스 | 이동식전동리프트 | 전방보행차 | 수동휠체어","부산 동래구 여고북로 102","부산 동래구 사직동 138-1","47829","동래구","129.07074578568","35.2008706830196","ROAD_ADDR","A","부산광역시 동래구 여고북로 102, 1층 (사직동)","1"
"26","부산광역시","95","신기의료기 만덕점","부산광역시 북구 상리로 79, 1층 (만덕동)","051-343-6300","전동휠체어(가군, 나군) | 의료용 스쿠터 | 욕창예방방석 | 욕창예방매트리스 | 이동식전동리프트 | 전방보행차 | 수동휠체어","부산 북구 상리로 79","부산 북구 만덕동 886-11","46609","북구","129.042241444642","35.2077224775384","ROAD_ADDR","A","부산광역시 북구 상리로 79, 1층 (만덕동)","1"
"26","부산광역시","94","신기의료기 반송점","부산광역시 해운대구 반송로924번길 20-1, 1층 (반송동)","051-989-3615","전동휠체어(가군, 나군) | 의료용 스쿠터 | 욕창예방방석 | 욕창예방매트리스 | 이동식전동리프트 | 전방보행차 | 후방보행차 | 수동휠체어","부산 해운대구 반송로924번길 20-1","부산 해운대구 반송동 40-586","48007","해운대구","129.156126802021","35.2317263161766","ROAD_ADDR","A","부산광역시 해운대구 반송로924번길 20-1, 1층 (반송동)","1"
"26","부산광역시","93","신기의료기 부곡점","부산광역시 금정구 가마실로 25, 1층 (부곡동)","010-8157-6500","전동휠체어(가군, 나군) | 의료용 스쿠터 | 욕창예방방석 | 욕창예방매트리스 | 이동식전동리프트 | 수동휠체어","부산 금정구 가마실로 25","부산 금정구 부곡동 305-18","46303","금정구","129.091702139792","35.2247542280112","ROAD_ADDR","A","부산광역시 금정구 가마실로 25, 1층 (부곡동)","1"
"26","부산광역시","92","신기의료기 부산 남구점","부산광역시 남구 용호로 157 (용호동)","051-921-7956","전동휠체어(가군, 나군) | 의료용 스쿠터 | 욕창예방방석 | 욕창예방매트리스 | 이동식전동리프트 | 전방보행차 | 후방보행차 | 수동휠체어","부산 남구 용호로 157","부산 남구 용호동 394-9","48585","남구","129.111791416592","35.1182360855269","ROAD_ADDR","A","부산광역시 남구 용호로 157 (용호동)","1"
"26","부산광역시","91","신기의료기 부산점","부산광역시 북구 금곡대로616번길 117, 1층 (금곡동)","051-363-0909","전동휠체어(가군, 나군) | 의료용 스쿠터 | 욕창예방방석 | 욕창예방매트리스 | 이동식전동리프트 | 전방보행차 | 수동휠체어","부산 북구 금곡대로616번길 117","부산 북구 금곡동 65-2","46505","북구","129.016988610844","35.2658915576145","ROAD_ADDR","A","부산광역시 북구 금곡대로616번길 117, 1층 (금곡동)","1"
"26","부산광역시","90","신기의료기 부산진구점","부산광역시 부산진구 백양대로 34, 에이동동 (부암동)","051-809-8848","전동휠체어(가군, 나군) | 의료용 스쿠터 | 욕창예방방석 | 욕창예방매트리스 | 이동식전동리프트 | 전방보행차 | 수동휠체어","부산 부산진구 백양대로 34","부산 부산진구 부암동 214-18","47188","부산진구","129.045637642384","35.1630421398036","ROAD_ADDR","A","부산광역시 부산진구 백양대로 34, 에이동동 (부암동)","1"
"26","부산광역시","89","신기의료기 사상점","부산광역시 사상구 운산로 74 신기의료기 사상점, 1층 (괘법동, 돈나드리생고기)","051-710-9986","전동휠체어(가군, 나군) | 의료용 스쿠터 | 욕창예방방석 | 욕창예방매트리스 | 이동식전동리프트 | 전방보행차 | 수동휠체어","부산 사상구 운산로 74","부산 사상구 괘법동 928-22","46966","사상구","128.984307647187","35.1671978936213","ROAD_ADDR","A","부산광역시 사상구 운산로 74 신기의료기 사상점, 1층 (괘법동, 돈나드리생고기)","1"
"26","부산광역시","88","신기의료기 사하점","부산광역시 사하구 윤공단로14번길 25, 1층 (다대동)","051-266-6506","전동휠체어(가군, 나군) | 의료용 스쿠터 | 욕창예방방석 | 욕창예방매트리스 | 이동식전동리프트 | 전방보행차 | 수동휠체어","부산 사하구 윤공단로14번길 25","부산 사하구 다대동 956-29","49494","사하구","128.969053985656","35.0561493357091","ROAD_ADDR","A","부산광역시 사하구 윤공단로14번길 25, 1층 (다대동)","1"
"26","부산광역시","87","신기의료기 수영점","부산광역시 수영구 과정로 38 신기의료기 수영점 (망미동)","051-757-7274","전동휠체어(가군, 나군) | 의료용 스쿠터 | 욕창예방방석 | 욕창예방매트리스 | 이동식전동리프트 | 전방보행차 | 후방보행차 | 수동휠체어","부산 수영구 과정로 38","부산 수영구 망미동 416-18","48219","수영구","129.107904867536","35.1747562130934","ROAD_ADDR","A","부산광역시 수영구 과정로 38 신기의료기 수영점 (망미동)","1"
"26","부산광역시","86","신기의료기 연산점","부산광역시 연제구 거제천로230번길 53, 1층 101호 (연산동, 연산센터빌)","051-863-3232","전동휠체어(가군, 나군) | 의료용 스쿠터 | 욕창예방방석 | 욕창예방매트리스 | 이동식전동리프트 | 전방보행차 | 수동휠체어","부산 연제구 거제천로230번길 53","부산 연제구 연산동 585-6","47519","연제구","129.083223112246","35.189430467261","ROAD_ADDR","A","부산광역시 연제구 거제천로230번길 53, 1층 101호 (연산동, 연산센터빌)","1"
"26","부산광역시","85","신기의료기 연제점","부산광역시 연제구 과정로 219 (연산동)","051-752-5119","전동휠체어(가군, 나군) | 의료용 스쿠터 | 욕창예방방석 | 욕창예방매트리스 | 이동식전동리프트 | 전방보행차 | 수동휠체어","부산 연제구 과정로 219","부산 연제구 연산동 406-8","47558","연제구","129.103226222465","35.1875572282858","ROAD_ADDR","A","부산광역시 연제구 과정로 219 (연산동)","1"
"26","부산광역시","84","신기의료기 영도점","부산광역시 영도구 동삼서로 33 (동삼동)","051-915-6564","전동휠체어(가군, 나군) | 의료용 스쿠터 | 욕창예방방석 | 욕창예방매트리스 | 이동식전동리프트 | 전방보행차 | 수동휠체어","부산 영도구 동삼서로 33","부산 영도구 동삼동 229-145","49099","영도구","129.069010450811","35.0819194206907","ROAD_ADDR","A","부산광역시 영도구 동삼서로 33 (동삼동)","1"
"26","부산광역시","83","신기의료기 온천장점","부산광역시 동래구 금강로 70, 1층 (온천동, 참조은빌딩)","051-556-3193","전동휠체어(가군, 나군) | 의료용 스쿠터 | 욕창예방방석 | 욕창예방매트리스 | 이동식전동리프트 | 전방보행차 | 수동휠체어","부산 동래구 금강로 70","부산 동래구 온천동 442-11","47713","동래구","129.077679648988","35.215303305895","ROAD_ADDR","A","부산광역시 동래구 금강로 70, 1층 (온천동, 참조은빌딩)","1"
"26","부산광역시","82","신기의료기 정관점","부산광역시 기장군 정관로 607, 1층 103호 (정관읍, 정관 그리나 오피스텔)","010-2352-3265","전동휠체어(가군, 나군) | 의료용 스쿠터 | 욕창예방방석 | 욕창예방매트리스 | 이동식전동리프트 | 전방보행차 | 수동휠체어","부산 기장군 정관읍 정관로 607","부산 기장군 정관읍 매학리 749-3","46023","기장군","129.180163123302","35.3202518658025","ROAD_ADDR","A","부산광역시 기장군 정관로 607, 1층 103호 (정관읍, 정관 그리나 오피스텔)","1"
"26","부산광역시","81","신기의료기 주례점","부산광역시 사상구 백양대로 438, 1동 1층 104-1호 (주례동, 대성아파트)","051-714-2720","전동휠체어(가군, 나군) | 의료용 스쿠터 | 욕창예방방석 | 욕창예방매트리스 | 이동식전동리프트 | 전방보행차 | 수동휠체어","부산 사상구 백양대로 438","부산 사상구 주례동 316","46994","사상구","129.004065890194","35.1528274718528","ROAD_ADDR","A","부산광역시 사상구 백양대로 438, 1동 1층 104-1호 (주례동, 대성아파트)","1"
"26","부산광역시","80","신기의료기 중구점","부산광역시 중구 초량상로7번길 4, 102호 (영주동)","051-950-9110","전동휠체어(가군, 나군) | 의료용 스쿠터 | 욕창예방방석 | 욕창예방매트리스 | 이동식전동리프트 | 전방보행차 | 수동휠체어","부산 중구 초량상로7번길 4","부산 중구 영주동 5-53","48906","중구","129.035018106695","35.1129579763667","ROAD_ADDR","A","부산광역시 중구 초량상로7번길 4, 102호 (영주동)","1"
"26","부산광역시","79","신기의료기 초읍점","부산광역시 부산진구 성지로137번길 92 (초읍동)","051-803-0122","전동휠체어(가군, 나군) | 의료용 스쿠터 | 욕창예방방석 | 욕창예방매트리스 | 이동식전동리프트 | 수동휠체어","부산 부산진구 성지로137번길 92","부산 부산진구 초읍동 206-119","47125","부산진구","129.052606978415","35.1784778135523","ROAD_ADDR","A","부산광역시 부산진구 성지로137번길 92 (초읍동)","1"
"26","부산광역시","78","신기의료기 하단점","부산광역시 사하구 낙동남로1357번길 46, 상가동 102호 (하단동, 하단 지오피아)","051-711-7287","전동휠체어(가군, 나군) | 의료용 스쿠터 | 욕창예방방석 | 욕창예방매트리스 | 이동식전동리프트 | 전방보행차 | 수동휠체어","부산 사하구 낙동남로1357번길 46","부산 사하구 하단동 520-1","49314","사하구","128.960497797435","35.1085409864523","ROAD_ADDR","A","부산광역시 사하구 낙동남로1357번길 46, 상가동 102호 (하단동, 하단 지오피아)","1"
"26","부산광역시","77","신기의료기 해운대신도시점","부산광역시 해운대구 우동1로20번길 79 1층 일부호, 1층 (우동, 스마트)","051-747-5788","전동휠체어(가군, 나군) | 의료용 스쿠터 | 욕창예방방석 | 욕창예방매트리스 | 이동식전동리프트 | 전방보행차 | 수동휠체어","부산 해운대구 우동1로20번길 79","부산 해운대구 우동 564-8","48087","해운대구","129.160388547158","35.1657176019726","ROAD_ADDR","A","부산광역시 해운대구 우동1로20번길 79 1층 일부호, 1층 (우동, 스마트)","1"
"26","부산광역시","76","신기의료기해운대점","부산광역시 해운대구 재반로104번길 22 제지하층 제2호 (재송동, 상록빌라)","051-781-7773","전동휠체어(가군, 나군) | 의료용 스쿠터 | 욕창예방방석 | 욕창예방매트리스 | 이동식전동리프트 | 수동휠체어","부산 해운대구 재반로104번길 22","부산 해운대구 재송동 1125-5","48053","해운대구","129.126729042811","35.1868650081002","ROAD_ADDR","A","부산광역시 해운대구 재반로104번길 22 제지하층 제2호 (재송동, 상록빌라)","1"
"26","부산광역시","75","신도시의료기","부산광역시 해운대구 좌동순환로 252, 109호 (좌동, 대원아파트상가)","051-702-0073","전동휠체어(가군, 나군) | 의료용 스쿠터 | 보청기 | 욕창예방방석 | 욕창예방매트리스 | 전방보행차 | 후방보행차 | 수동휠체어","부산 해운대구 좌동순환로 252","부산 해운대구 좌동 1307","48107","해운대구","129.18000766071","35.1728563187354","ROAD_ADDR","A","부산광역시 해운대구 좌동순환로 252, 109호 (좌동, 대원아파트상가)","1"
"26","부산광역시","74","신창의료기","부산광역시 중구 광복로 20-2 (부평동1가)","051-244-0052","전동휠체어(가군, 나군) | 의료용 스쿠터 | 보청기 | 욕창예방방석 | 수동휠체어","부산 중구 광복로 20-2","부산 중구 부평동1가 37-16","48980","중구","129.02728242132","35.0993073252064","ROAD_ADDR","A","부산광역시 중구 광복로 20-2 (부평동1가)","1"
"26","부산광역시","73","양지복지센터","부산광역시 해운대구 송정중앙로 19, 201호 (송정동, 코스마아파트)","051-703-6650","전동휠체어(가군, 나군) | 의료용 스쿠터 | 보청기 | 수동휠체어","부산 해운대구 송정중앙로 19","부산 해운대구 송정동 199-17","48070","해운대구","129.202969337475","35.183229142642","ROAD_ADDR","A","부산광역시 해운대구 송정중앙로 19, 201호 (송정동, 코스마아파트)","1"
"26","부산광역시","72","어르신이 행복한세상","부산광역시 연제구 과정로208번길 21, 2층 (연산동)","051-758-3987","전동휠체어(가군, 나군) | 의료용 스쿠터 | 욕창예방방석 | 욕창예방매트리스 | 이동식전동리프트 | 수동휠체어","부산 연제구 과정로208번길 21","부산 연제구 연산동 397-13","47565","연제구","129.104349044715","35.1888677222561","ROAD_ADDR","A","부산광역시 연제구 과정로208번길 21, 2층 (연산동)","1"
"26","부산광역시","71","에이블테크","부산광역시 남구 고동골로78번길 64, 2층 (문현동, 케이트리영어학원)","070-4866-3814","전동휠체어(가군, 나군) | 의료용 스쿠터 | 자세보조용구 | 욕창예방방석 | 욕창예방매트리스 | 이동식전동리프트 | 전방보행차 | 후방보행차 | 수동휠체어","부산 남구 고동골로78번길 64","부산 남구 문현동 119-2","48417","남구","129.075042113283","35.1437903419847","ROAD_ADDR","A","부산광역시 남구 고동골로78번길 64, 2층 (문현동, 케이트리영어학원)","1"
"26","부산광역시","70","엠파츠(M-PARTS)","부산광역시 해운대구 해운대로61번길 35, 1층 (재송동)","0507-1363-6081","전동휠체어(가군, 나군) | 의료용 스쿠터","부산 해운대구 해운대로61번길 35","부산 해운대구 재송동 179-48","48041","해운대구","129.123093672582","35.1931004053948","ROAD_ADDR","A","부산광역시 해운대구 해운대로61번길 35, 1층 (재송동)","1"
"26","부산광역시","69","연세종합의료기","부산광역시 수영구 수영로 612 (광안동)","051-751-2963","전동휠체어(가군, 나군) | 의료용 스쿠터 | 보청기","부산 수영구 수영로 612","부산 수영구 광안동 118-5","48293","수영구","129.113976590759","35.1602783576708","ROAD_ADDR","A","부산광역시 수영구 수영로 612 (광안동)","1"
"26","부산광역시","68","영도의료기","부산광역시 영도구 태종로 76 (대교동1가)","051-412-8353","전동휠체어(가군, 나군) | 의료용 스쿠터 | 보청기 | 욕창예방방석 | 욕창예방매트리스 | 전방보행차 | 수동휠체어","부산 영도구 태종로 76","부산 영도구 대교동1가 148","49045","영도구","129.039218634609","35.0922160659275","ROAD_ADDR","A","부산광역시 영도구 태종로 76 (대교동1가)","1"
"26","부산광역시","67","영신의료기","부산광역시 서구 보수대로280번길 39-3 (서대신동3가)","051-247-4108","전동휠체어(가군, 나군) | 의료용 스쿠터 | 욕창예방방석 | 욕창예방매트리스 | 이동식전동리프트 | 전방보행차 | 후방보행차 | 수동휠체어","부산 서구 보수대로280번길 39-3","부산 서구 서대신동3가 61-52","49202","서구","129.016084600761","35.1198451230876","ROAD_ADDR","A","부산광역시 서구 보수대로280번길 39-3 (서대신동3가)","1"
"26","부산광역시","66","오스오슬림보조기","부산광역시 해운대구 재반로125번길 19 (재송동)","051-782-3590","의지·보조기(교정형신발 등) | 전동휠체어(가군, 나군) | 의료용 스쿠터 | 욕창예방방석 | 욕창예방매트리스 | 이동식전동리프트 | 전방보행차 | 후방보행차 | 수동휠체어","부산 해운대구 재반로125번길 19","부산 해운대구 재송동 1057-2","48054","해운대구","129.125489750367","35.1894346720824","ROAD_ADDR","A","부산광역시 해운대구 재반로125번길 19 (재송동)","1"
"26","부산광역시","65","온의료기","부산광역시 부산진구 가야대로 719 지하 2층 (당감동)","051-607-0070","전동휠체어(가군, 나군) | 의료용 스쿠터 | 보청기 | 욕창예방방석 | 욕창예방매트리스 | 전방보행차 | 수동휠체어","부산 부산진구 가야대로 719","부산 부산진구 당감동 967","47261","부산진구","129.050060583921","35.1576767929921","ROAD_ADDR","A","부산광역시 부산진구 가야대로 719 지하 2층 (당감동)","1"
"26","부산광역시","64","와이지메디케어","부산광역시 사상구 백양대로934번길 52-30, 상가동 103호 (모라동, 우성2차아파트)","070-8234-9361","전동휠체어(가군, 나군) | 의료용 스쿠터 | 욕창예방방석 | 욕창예방매트리스 | 이동식전동리프트 | 수동휠체어","부산 사상구 백양대로934번길 52-30","부산 사상구 모라동 313","46928","사상구","128.995028973027","35.1900069299791","ROAD_ADDR","A","부산광역시 사상구 백양대로934번길 52-30, 상가동 103호 (모라동, 우성2차아파트)","1"
"26","부산광역시","63","우리메디텍","부산광역시 부산진구 복지로 83 (개금동)","051-896-7601","전동휠체어(가군, 나군) | 의료용 스쿠터 | 보청기 | 전방보행차 | 수동휠체어","부산 부산진구 복지로 83","부산 부산진구 개금동 633-176","47392","부산진구","129.019985310938","35.1458825410045","ROAD_ADDR","A","부산광역시 부산진구 복지로 83 (개금동)","1"
"26","부산광역시","62","우리보조기","부산광역시 수영구 연수로 260, 3층 (망미동)","051-464-5999","의지·보조기(교정형신발 등) | 전동휠체어(가군, 나군) | 의료용 스쿠터 | 욕창예방방석 | 욕창예방매트리스 | 수동휠체어","부산 수영구 연수로 260","부산 수영구 망미동 824-4","48233","수영구","129.099134572983","35.1729889474802","ROAD_ADDR","A","부산광역시 수영구 연수로 260, 3층 (망미동)","1"
"26","부산광역시","61","우정보조기","부산광역시 동구 고관로 51 (수정동)","051-466-1702","의지·보조기(교정형신발 등) | 전동휠체어(가군, 나군) | 의료용 스쿠터 | 보청기 | 욕창예방방석 | 욕창예방매트리스 | 수동휠체어","부산 동구 고관로 51","부산 동구 수정동 360-1","48793","동구","129.043373558574","35.1239120347144","ROAD_ADDR","A","부산광역시 동구 고관로 51 (수정동)","1"
"26","부산광역시","60","원메딕스","부산광역시 사상구 사상로 290 (덕포동)","051-305-7111","전동휠체어(가군, 나군) | 의료용 스쿠터","부산 사상구 사상로 290","부산 사상구 덕포동 426-2","46954","사상구","128.982936962356","35.1705836223451","ROAD_ADDR","A","부산광역시 사상구 사상로 290 (덕포동)","1"
"26","부산광역시","59","유창의료기 중부지사","부산광역시 중구 해관로 81-2, 2층 (중앙동4가)","051-244-0982","전동휠체어(가군, 나군) | 의료용 스쿠터 | 보청기 | 욕창예방방석 | 욕창예방매트리스 | 수동휠체어","부산 중구 해관로 81-2","부산 중구 중앙동4가 52-14","48928","중구","129.035293202167","35.1062579101367","ROAD_ADDR","A","부산광역시 중구 해관로 81-2, 2층 (중앙동4가)","1"
"26","부산광역시","58","은해보조기","부산광역시 동구 고관로 43 (수정동)","051-464-6040","의지·보조기(교정형신발 등) | 전동휠체어(가군, 나군) | 의료용 스쿠터 | 수동휠체어","부산 동구 고관로 43","부산 동구 수정동 397-6","48795","동구","129.043018363752","35.1231993418011","ROAD_ADDR","A","부산광역시 동구 고관로 43 (수정동)","1"
"26","부산광역시","57","이레엠 케어","부산광역시 강서구 대저로221번나길 112 (대저1동)","051-625-8589","전동휠체어(가군, 나군) | 의료용 스쿠터 | 욕창예방방석 | 욕창예방매트리스 | 이동식전동리프트 | 전방보행차 | 후방보행차 | 수동휠체어","부산 강서구 대저로221번나길 112","부산 강서구 대저1동 431-4","46702","강서구","128.981316829309","35.2158043835238","ROAD_ADDR","A","부산광역시 강서구 대저로221번나길 112 (대저1동)","1"
"26","부산광역시","56","이레의료기","부산광역시 동래구 충렬대로 391, 1층 (안락동)","051-521-2779","전동휠체어(가군, 나군) | 의료용 스쿠터 | 욕창예방방석 | 욕창예방매트리스 | 이동식전동리프트 | 수동휠체어","부산 동래구 충렬대로 391","부산 동래구 안락동 525-5","47797","동래구","129.10119175624","35.197252701568","ROAD_ADDR","A","부산광역시 동래구 충렬대로 391, 1층 (안락동)","1"
"26","부산광역시","55","이선의료기","부산광역시 사하구 다대로 328, 103동 108호 (장림동, 사하 리버팰리스)","051-266-1772","전동휠체어(가군, 나군) | 의료용 스쿠터 | 보청기 | 욕창예방방석 | 욕창예방매트리스 | 전방보행차 | 수동휠체어","부산 사하구 다대로 328","부산 사하구 장림동 435","49469","사하구","128.976074584387","35.0734210729467","ROAD_ADDR","A","부산광역시 사하구 다대로 328, 103동 108호 (장림동, 사하 리버팰리스)","1"
"26","부산광역시","54","이원건강의료기 동부산점","부산광역시 해운대구 해운대로 637, 1층 (우동)","051-731-1333","전동휠체어(가군, 나군) | 의료용 스쿠터 | 보청기 | 욕창예방방석 | 욕창예방매트리스 | 이동식전동리프트","부산 해운대구 해운대로 637","부산 해운대구 우동 553-4","48087","해운대구","129.159897501403","35.164482606378","ROAD_ADDR","A","부산광역시 해운대구 해운대로 637, 1층 (우동)","1"
"26","부산광역시","53","이원의료기 부산대학병원점","부산광역시 서구 구덕로 188-1 (토성동3가)","051-256-2125","전동휠체어(가군, 나군) | 의료용 스쿠터 | 욕창예방방석 | 욕창예방매트리스 | 전방보행차 | 후방보행차 | 수동휠체어","부산 서구 구덕로 188-1","부산 서구 토성동3가 3-42","49224","서구","129.020006913245","35.1014776339541","ROAD_ADDR","A","부산광역시 서구 구덕로 188-1 (토성동3가)","1"
"26","부산광역시","52","이원의료기해운대백병원","부산광역시 해운대구 해운대로 875, 지하1층 (좌동, 인제대학교해운대백병원)","051-701-5888","전동휠체어(가군, 나군) | 의료용 스쿠터 | 보청기 | 욕창예방방석 | 욕창예방매트리스 | 이동식전동리프트 | 전방보행차 | 후방보행차 | 수동휠체어","부산 해운대구 해운대로 875","부산 해운대구 좌동 1435","48108","해운대구","129.182163894191","35.1732594832579","ROAD_ADDR","A","부산광역시 해운대구 해운대로 875, 지하1층 (좌동, 인제대학교해운대백병원)","1"
"26","부산광역시","51","인메드","부산광역시 중구 보수대로118번길 21 (보수동2가)","051-253-9703","전동휠체어(가군, 나군) | 의료용 스쿠터 | 보청기 | 욕창예방방석 | 욕창예방매트리스","부산 중구 보수대로118번길 21","부산 중구 보수동2가 65-15","48964","중구","129.022338497519","35.1055375695608","ROAD_ADDR","A","부산광역시 중구 보수대로118번길 21 (보수동2가)","1"
"26","부산광역시","50","인생복지","부산광역시 남구 동명로132번길 90 B1 (용호동)","051-623-7888","전동휠체어(가군, 나군) | 욕창예방방석 | 욕창예방매트리스 | 수동휠체어","부산 남구 동명로132번길 90","부산 남구 용호동 485-6","48569","남구","129.110098015974","35.1158761693159","ROAD_ADDR","A","부산광역시 남구 동명로132번길 90 B1 (용호동)","1"
"26","부산광역시","49","장산의료기","부산광역시 해운대구 좌동순환로 436 (중동)","051-747-6643","전동휠체어(가군, 나군) | 의료용 스쿠터 | 보청기 | 욕창예방방석 | 욕창예방매트리스 | 이동식전동리프트 | 전방보행차 | 후방보행차 | 수동휠체어","부산 해운대구 좌동순환로 436","부산 해운대구 중동 923","48105","해운대구","129.173108306703","35.1618534476411","ROAD_ADDR","A","부산광역시 해운대구 좌동순환로 436 (중동)","1"
"26","부산광역시","48","장수의료기","부산광역시 동래구 명안로18번길 90, 1층 (안락동)","010-2805-6182","전동휠체어(가군, 나군) | 의료용 스쿠터 | 욕창예방방석 | 욕창예방매트리스 | 이동식전동리프트 | 전방보행차 | 후방보행차 | 수동휠체어","부산 동래구 명안로18번길 90","부산 동래구 안락동 463-1","47793","동래구","129.109203534768","35.1975404144078","ROAD_ADDR","A","부산광역시 동래구 명안로18번길 90, 1층 (안락동)","1"
"26","부산광역시","47","장수케어","부산광역시 해운대구 반송로 920-1, 1층 (반송동)","051-715-2848","전동휠체어(가군, 나군) | 의료용 스쿠터 | 욕창예방방석 | 욕창예방매트리스 | 수동휠체어","부산 해운대구 반송로 920-1","부산 해운대구 반송동 20-42","48004","해운대구","129.154251949295","35.2324161890834","ROAD_ADDR","A","부산광역시 해운대구 반송로 920-1, 1층 (반송동)","1"
"26","부산광역시","46","장수케어영도","부산광역시 영도구 태종로 498, 1층 (동삼동)","051-404-1019","전동휠체어(가군, 나군) | 의료용 스쿠터 | 욕창예방방석 | 욕창예방매트리스 | 이동식전동리프트 | 전방보행차 | 후방보행차 | 수동휠체어","부산 영도구 태종로 498","부산 영도구 동삼동 221-20","49092","영도구","129.071858214757","35.0853587569037","ROAD_ADDR","A","부산광역시 영도구 태종로 498, 1층 (동삼동)","1"
"26","부산광역시","45","정우의료기","부산광역시 동구 초량중로 114, 104동 B1층 128호 (초량동, 범양레우스센트럴베이)","051-467-8444","전동휠체어(가군, 나군) | 의료용 스쿠터 | 보청기 | 욕창예방방석 | 욕창예방매트리스 | 이동식전동리프트 | 전방보행차 | 후방보행차 | 수동휠체어","부산 동구 초량중로 114","부산 동구 초량동 1226","48795","동구","129.041661018536","35.121213153349","ROAD_ADDR","A","부산광역시 동구 초량중로 114, 104동 B1층 128호 (초량동, 범양레우스센트럴베이)","1"
"26","부산광역시","44","정우티엠","부산광역시 동래구 쇠미로119번길 85, 상가동 지하2호 (사직동, 유원아파트)","","전동휠체어(가군, 나군) | 의료용 스쿠터 | 욕창예방방석 | 욕창예방매트리스 | 이동식전동리프트 | 전방보행차 | 후방보행차 | 수동휠체어","부산 동래구 쇠미로119번길 85","부산 동래구 사직동 632-94","47871","동래구","129.055055798796","35.2041753489932","ROAD_ADDR","A","부산광역시 동래구 쇠미로119번길 85, 상가동 지하2호 (사직동, 유원아파트)","1"
"26","부산광역시","43","좋은의료기","부산광역시 금정구 서동중심로 46-10, 1층 (서동)","051-524-0713","전동휠체어(가군, 나군) | 의료용 스쿠터 | 욕창예방방석 | 욕창예방매트리스 | 이동식전동리프트 | 수동휠체어","부산 금정구 서동중심로 46-10","부산 금정구 서동 201-1","46327","금정구","129.104333684621","35.2139480167538","ROAD_ADDR","A","부산광역시 금정구 서동중심로 46-10, 1층 (서동)","1"
"26","부산광역시","42","주식회사 경서메디","부산광역시 연제구 중앙대로1235번길 41, 102-1호 (거제동, 양지빌딩)","051-863-7326","전동휠체어(가군, 나군) | 의료용 스쿠터 | 욕창예방방석 | 욕창예방매트리스","부산 연제구 중앙대로1235번길 41","부산 연제구 거제동 92-4","47505","연제구","129.076908254085","35.1966013190054","ROAD_ADDR","A","부산광역시 연제구 중앙대로1235번길 41","2"
"26","부산광역시","41","주식회사 대세엠케어","부산광역시 부산진구 엄광로 123, 2층 (가야동)","051-302-3670","전동휠체어(가군, 나군) | 의료용 스쿠터 | 욕창예방방석 | 욕창예방매트리스 | 이동식전동리프트 | 전방보행차 | 후방보행차 | 수동휠체어","부산 부산진구 엄광로 123","부산 부산진구 가야동 496-3","47382","부산진구","129.028677295483","35.147996145547","ROAD_ADDR","A","부산광역시 부산진구 엄광로 123, 2층 (가야동)","1"
"26","부산광역시","40","주식회사 사랑모아도건","부산광역시 북구 금곡대로92번길 48 (덕천동)","","전동휠체어(가군, 나군) | 의료용 스쿠터 | 욕창예방방석 | 수동휠체어","부산 북구 금곡대로92번길 48","부산 북구 덕천동 524-8","46545","북구","129.008190320897","35.218894814492","ROAD_ADDR","A","부산광역시 북구 금곡대로92번길 48 (덕천동)","1"
"26","부산광역시","39","주식회사 영광플러스","부산광역시 사하구 낙동대로 368, 1층 2호 (당리동)","051-294-0691","전동휠체어(가군, 나군) | 의료용 스쿠터 | 욕창예방방석 | 욕창예방매트리스 | 수동휠체어","부산 사하구 낙동대로 368","부산 사하구 당리동 341-13","49330","사하구","128.977857413498","35.1021523854084","ROAD_ADDR","A","부산광역시 사하구 낙동대로 368, 1층 2호 (당리동)","1"
"26","부산광역시","38","주식회사 이레엠케어","부산광역시 강서구 대저로221번나길 112, 2층 (대저1동)","","전동휠체어(가군, 나군) | 의료용 스쿠터 | 자세보조용구 | 욕창예방방석 | 욕창예방매트리스 | 이동식전동리프트 | 전방보행차 | 후방보행차 | 수동휠체어","부산 강서구 대저로221번나길 112","부산 강서구 대저1동 431-4","46702","강서구","128.981316829309","35.2158043835238","ROAD_ADDR","A","부산광역시 강서구 대저로221번나길 112, 2층 (대저1동)","1"
"26","부산광역시","37","주식회사 착한","부산광역시 사하구 사리로7번길 22, 1층 (괴정동)","051-203-1690","전동휠체어(가군, 나군) | 의료용 스쿠터 | 욕창예방방석 | 욕창예방매트리스 | 이동식전동리프트 | 전방보행차 | 후방보행차 | 수동휠체어","부산 사하구 사리로7번길 22","부산 사하구 괴정동 403-2","49351","사하구","128.99847153145","35.100149188809","ROAD_ADDR","A","부산광역시 사하구 사리로7번길 22, 1층 (괴정동)","1"
"26","부산광역시","36","중앙의지보조기","부산광역시 동래구 반송로175번길 4, 1,2,지하층 (낙민동)","051-866-6236","의지·보조기(교정형신발 등) | 전동휠체어(가군, 나군) | 의료용 스쿠터 | 자세보조용구 | 욕창예방방석 | 욕창예방매트리스 | 이동식전동리프트 | 전방보행차 | 후방보행차 | 수동휠체어","부산 동래구 반송로175번길 4","부산 동래구 낙민동 16-5","47882","동래구","129.095112282833","35.197297794863","ROAD_ADDR","A","부산광역시 동래구 반송로175번길 4, 1,2,지하층 (낙민동)","1"
"26","부산광역시","35","지원의료기","부산광역시 부산진구 당감서로 21, 120동 11호 (당감동, 무궁화아파트)","051-898-1232","전동휠체어(가군, 나군) | 의료용 스쿠터 | 욕창예방방석 | 욕창예방매트리스 | 이동식전동리프트 | 전방보행차 | 수동휠체어","부산 부산진구 당감서로 21","부산 부산진구 당감동 480-12","47178","부산진구","129.035940472942","35.1627658810193","ROAD_ADDR","A","부산광역시 부산진구 당감서로 21, 120동 11호 (당감동, 무궁화아파트)","1"
"26","부산광역시","34","진 메디케어","부산광역시 남구 동명로112번길 3 (용호동)","010-4502-8565","전동휠체어(가군, 나군) | 의료용 스쿠터 | 욕창예방방석 | 욕창예방매트리스 | 수동휠체어","부산 남구 동명로112번길 3","부산 남구 용호동 409-2","48565","남구","129.109201103019","35.1200527011936","ROAD_ADDR","A","부산광역시 남구 동명로112번길 3 (용호동)","1"
"26","부산광역시","33","진영의료기","부산광역시 서구 구덕로 188-1 (토성동3가)","051-247-1145","전동휠체어(가군, 나군) | 의료용 스쿠터 | 보청기 | 욕창예방방석 | 욕창예방매트리스 | 이동식전동리프트 | 전방보행차 | 후방보행차 | 수동휠체어","부산 서구 구덕로 188-1","부산 서구 토성동3가 3-42","49224","서구","129.020006913245","35.1014776339541","ROAD_ADDR","A","부산광역시 서구 구덕로 188-1 (토성동3가)","1"
"26","부산광역시","32","참좋은 보조기","부산광역시 동구 진성로28번길 15 (좌천동)","051-462-0980","의지·보조기(교정형신발 등) | 전동휠체어(가군, 나군) | 의료용 스쿠터 | 욕창예방방석 | 전방보행차 | 수동휠체어","부산 동구 진성로28번길 15","부산 동구 좌천동 692-17","48774","동구","129.047644122669","35.1306964744011","ROAD_ADDR","A","부산광역시 동구 진성로28번길 15 (좌천동)","1"
"26","부산광역시","31","참좋은메디칼","부산광역시 동구 수정중로 8-1 (수정동)","051-441-2522","전동휠체어(가군, 나군) | 의료용 스쿠터 | 욕창예방방석 | 욕창예방매트리스 | 이동식전동리프트 | 전방보행차 | 후방보행차 | 수동휠체어","부산 동구 수정중로 8-1","부산 동구 수정동 813-9","48782","동구","129.043989636653","35.1293088383868","ROAD_ADDR","A","부산광역시 동구 수정중로 8-1 (수정동)","1"
"26","부산광역시","30","참편한 보조기","부산광역시 북구 만덕대로65번길 55 (덕천동)","010-9543-0071","의지·보조기(교정형신발 등) | 전동휠체어(가군, 나군) | 의료용 스쿠터 | 욕창예방방석 | 욕창예방매트리스 | 수동휠체어","부산 북구 만덕대로65번길 55","부산 북구 덕천동 321-22","46552","북구","129.011035061156","35.2142002730535","ROAD_ADDR","A","부산광역시 북구 만덕대로65번길 55 (덕천동)","1"
"26","부산광역시","29","초량의수족","부산광역시 동구 고관로 69 (수정동)","051-468-2071","의지·보조기(교정형신발 등) | 전동휠체어(가군, 나군) | 의료용 스쿠터 | 보청기","부산 동구 고관로 69","부산 동구 수정동 336-2","48793","동구","129.04414729184","35.125444128006","ROAD_ADDR","A","부산광역시 동구 고관로 69 (수정동)","1"
"26","부산광역시","28","커뮤니티 숲 - 정관의료기","부산광역시 기장군 정관5로 12, 228동 141호 (정관읍, 동원로얄듀크2차아파트)","051-728-8878","전동휠체어(가군, 나군) | 의료용 스쿠터 | 욕창예방방석 | 욕창예방매트리스 | 이동식전동리프트 | 수동휠체어","부산 기장군 정관읍 정관5로 12","부산 기장군 정관읍 매학리 723","46017","기장군","129.174541443359","35.3194888818563","ROAD_ADDR","A","부산광역시 기장군 정관5로 12, 228동 141호 (정관읍, 동원로얄듀크2차아파트)","1"
"26","부산광역시","27","큰솔병원매점","부산광역시 사상구 대동로 141 (학장동, 학장 큰솔병원)","051-326-9710","전동휠체어(가군, 나군) | 의료용 스쿠터 | 욕창예방방석 | 욕창예방매트리스 | 이동식전동리프트 | 전방보행차 | 후방보행차 | 수동휠체어","부산 사상구 대동로 141","부산 사상구 학장동 574-1","47050","사상구","128.982475863857","35.140726706923","ROAD_ADDR","A","부산광역시 사상구 대동로 141 (학장동, 학장 큰솔병원)","1"
"26","부산광역시","26","탑메디","부산광역시 기장군 청강로 60 (기장읍)","051-635-8802","전동휠체어(가군, 나군) | 의료용 스쿠터 | 보청기 | 욕창예방방석 | 욕창예방매트리스 | 이동식전동리프트 | 전방보행차 | 후방보행차 | 수동휠체어","부산 기장군 기장읍 청강로 60","부산 기장군 기장읍 청강리 146-4","46080","기장군","129.221740578596","35.2373088963513","ROAD_ADDR","A","부산광역시 기장군 청강로 60 (기장읍)","1"
"26","부산광역시","25","터닝포인트","부산광역시 수영구 광안해변로 311, 19층 1931호 (민락동, 서희스타힐스 센텀프리모)","051-513-1119","전동휠체어(가군, 나군) | 의료용 스쿠터 | 보청기 | 욕창예방방석 | 욕창예방매트리스 | 이동식전동리프트 | 전방보행차 | 후방보행차 | 수동휠체어","부산 수영구 광안해변로 311","부산 수영구 민락동 135","48290","수영구","129.127433756525","35.1573315862525","ROAD_ADDR","A","부산광역시 수영구 광안해변로 311, 19층 1931호 (민락동, 서희스타힐스 센텀프리모)","1"
"26","부산광역시","24","튼튼 복지용구","부산광역시 해운대구 우동2로 28, 1층 (우동)","051-747-8188","전동휠체어(가군, 나군) | 의료용 스쿠터 | 욕창예방방석 | 욕창예방매트리스 | 수동휠체어","부산 해운대구 우동2로 28","부산 해운대구 우동 443-1","48086","해운대구","129.159823511614","35.1671076896627","ROAD_ADDR","A","부산광역시 해운대구 우동2로 28, 1층 (우동)","1"
"26","부산광역시","23","편한의료기 안락지점","부산광역시 동래구 충렬대로457번길 10, 103호 (안락동)","051-900-1670","전동휠체어(가군, 나군) | 의료용 스쿠터 | 수동휠체어","부산 동래구 충렬대로457번길 10","부산 동래구 안락동 462-76","47795","동래구","129.108641187976","35.195916791863","ROAD_ADDR","A","부산광역시 동래구 충렬대로457번길 10, 103호 (안락동)","1"
"26","부산광역시","22","하나메디칼","부산광역시 사하구 하신번영로167번길 54 (신평동)","051-202-1581","전동휠체어(가군, 나군) | 의료용 스쿠터 | 수동휠체어","부산 사하구 하신번영로167번길 54","부산 사하구 신평동 610-8","49431","사하구","128.95706610873","35.0977584007671","ROAD_ADDR","A","부산광역시 사하구 하신번영로167번길 54 (신평동)","1"
"26","부산광역시","21","한국메디칼","부산광역시 연제구 거제대로214번길 6, 2층 (거제동, 경남)","051-853-5071","전동휠체어(가군, 나군) | 의료용 스쿠터","부산 연제구 거제대로214번길 6","부산 연제구 거제동 38-45","47537","연제구","129.074371753941","35.1867936578779","ROAD_ADDR","A","부산광역시 연제구 거제대로214번길 6, 2층 (거제동, 경남)","1"
"26","부산광역시","20","한국의료보장구","부산광역시 사상구 사상로 109 (감전동, 세원기업사)","051-328-4534","의지·보조기(교정형신발 등) | 전동휠체어(가군, 나군) | 의료용 스쿠터 | 보청기 | 욕창예방방석 | 욕창예방매트리스 | 수동휠체어","부산 사상구 사상로 109","부산 사상구 감전동 117-7","46982","사상구","128.989890658006","35.1563875257287","ROAD_ADDR","A","부산광역시 사상구 사상로 109 (감전동, 세원기업사)","1"
"26","부산광역시","19","한독의료기","부산광역시 중구 광복로35번길 7, 1층 (창선동2가, 서울양행)","051-246-2945","전동휠체어(가군, 나군) | 의료용 스쿠터 | 보청기 | 욕창예방방석 | 욕창예방매트리스 | 이동식전동리프트 | 수동휠체어","부산 중구 광복로35번길 7","부산 중구 창선동2가 19-1","48946","중구","129.028785298299","35.0998905602471","ROAD_ADDR","A","부산광역시 중구 광복로35번길 7, 1층 (창선동2가, 서울양행)","1"
"26","부산광역시","18","한독의료기상사","부산광역시 중구 광복로37번길 8 (창선동2가)","051-246-2945","전동휠체어(가군, 나군) | 의료용 스쿠터 | 보청기 | 수동휠체어","부산 중구 광복로37번길 8","부산 중구 창선동2가 1-6","48946","중구","129.029234072025","35.0998935005798","ROAD_ADDR","A","부산광역시 중구 광복로37번길 8 (창선동2가)","1"
"26","부산광역시","17","한마음복지센터","부산광역시 남구 용호로216번가길 40, 203호 (용호동, 용호동 성모프라자)","051-622-5545","전동휠체어(가군, 나군) | 의료용 스쿠터 | 욕창예방방석 | 욕창예방매트리스 | 이동식전동리프트 | 수동휠체어","부산 남구 용호로216번가길 40","부산 남구 용호동 556-1","48574","남구","129.110034841162","35.1112368459308","ROAD_ADDR","A","부산광역시 남구 용호로216번가길 40, 203호 (용호동, 용호동 성모프라자)","1"
"26","부산광역시","16","한일의료기","부산광역시 부산진구 중앙대로 795 (부전동, 4호)","051-809-2407","전동휠체어(가군, 나군) | 의료용 스쿠터 | 보청기 | 욕창예방방석 | 욕창예방매트리스","부산 부산진구 중앙대로 795","부산 부산진구 부전동 58-2","47250","부산진구","129.062865486546","35.1627966642864","ROAD_ADDR","A","부산광역시 부산진구 중앙대로 795 (부전동, 4호)","1"
"26","부산광역시","15","한창의료기","부산광역시 서구 구덕로 198 (부민동1가)","051-242-7599","전동휠체어(가군, 나군) | 의료용 스쿠터 | 보청기 | 욕창예방방석 | 욕창예방매트리스 | 수동휠체어","부산 서구 구덕로 198","부산 서구 부민동1가 32-2","49224","서구","129.020078981622","35.1022472995302","ROAD_ADDR","A","부산광역시 서구 구덕로 198 (부민동1가)","1"
"26","부산광역시","14","해동의료기","부산광역시 영도구 절영로13번길 72 (영선동1가)","051-412-2270","전동휠체어(가군, 나군) | 의료용 스쿠터 | 욕창예방방석 | 욕창예방매트리스 | 이동식전동리프트 | 전방보행차 | 후방보행차 | 수동휠체어","부산 영도구 절영로13번길 72","부산 영도구 영선동1가 10-1","49036","영도구","129.043785913157","35.0916584513182","ROAD_ADDR","A","부산광역시 영도구 절영로13번길 72 (영선동1가)","1"
"26","부산광역시","13","해오름복지용구","부산광역시 북구 모분재로15번길 103 (덕천동)","051-338-1254","전동휠체어(가군, 나군) | 의료용 스쿠터 | 보청기 | 욕창예방방석 | 욕창예방매트리스 | 수동휠체어","부산 북구 모분재로15번길 103","부산 북구 덕천동 799-14","46594","북구","129.011644411784","35.207469081908","ROAD_ADDR","A","부산광역시 북구 모분재로15번길 103 (덕천동)","1"
"26","부산광역시","12","현대메디칼","부산광역시 북구 모분재로149번길 18 1층, 101층 (구포동)","051-331-0923","전동휠체어(가군, 나군) | 의료용 스쿠터 | 욕창예방방석 | 욕창예방매트리스 | 이동식전동리프트 | 수동휠체어","부산 북구 모분재로149번길 18","부산 북구 구포동 1239-31","46625","북구","129.012876723832","35.1974320522001","ROAD_ADDR","A","부산광역시 북구 모분재로149번길 18 1층, 101층 (구포동)","1"
"26","부산광역시","11","현대의료기","부산광역시 북구 만덕대로 46-1 (덕천동, 현대의료기)","051-342-2282","전동휠체어(가군, 나군) | 의료용 스쿠터 | 보청기","부산 북구 만덕대로 46-1","부산 북구 덕천동 384-14","46577","북구","129.010131120187","35.2110963603589","ROAD_ADDR","A","부산광역시 북구 만덕대로 46-1 (덕천동, 현대의료기)","1"
"26","부산광역시","10","현대의료기","부산광역시 동래구 충렬대로 179 (명륜동)","051-557-4875","전동휠체어(가군, 나군) | 수동휠체어","부산 동래구 충렬대로 179","부산 동래구 명륜동 533-43","47736","동래구","129.079578599506","35.2039506926303","ROAD_ADDR","A","부산광역시 동래구 충렬대로 179 (명륜동)","1"
"26","부산광역시","9","현대의료기","부산광역시 북구 만덕대로 46-1 (덕천동)","051-342-2282","전동휠체어(가군, 나군) | 의료용 스쿠터 | 보청기","부산 북구 만덕대로 46-1","부산 북구 덕천동 384-14","46577","북구","129.010131120187","35.2110963603589","ROAD_ADDR","A","부산광역시 북구 만덕대로 46-1 (덕천동)","1"
"26","부산광역시","8","현대의료기상사","부산광역시 중구 광복로 23 (부평동1가)","051-245-3051","전동휠체어(가군, 나군) | 의료용 스쿠터 | 보청기","부산 중구 광복로 23","부산 중구 부평동1가 36-10","48979","중구","129.02761464679","35.0995189508536","ROAD_ADDR","A","부산광역시 중구 광복로 23 (부평동1가)","1"
"26","부산광역시","7","협동조합 소풍","부산광역시 기장군 차성로277번길 17 (기장읍)","051-722-6566","전동휠체어(가군, 나군) | 의료용 스쿠터 | 욕창예방방석 | 욕창예방매트리스 | 수동휠체어","부산 기장군 기장읍 차성로277번길 17","부산 기장군 기장읍 대라리 1017-1","46067","기장군","129.211515838553","35.2421174614632","ROAD_ADDR","A","부산광역시 기장군 차성로277번길 17 (기장읍)","1"
"26","부산광역시","6","호림의료기상사","부산광역시 동구 망양로 893, 1층 (범일동)","051-462-0856","전동휠체어(가군, 나군) | 의료용 스쿠터","부산 동구 망양로 893","부산 동구 범일동 1445-56","48702","동구","129.048808082993","35.1401814956425","ROAD_ADDR","A","부산광역시 동구 망양로 893, 1층 (범일동)","1"
"26","부산광역시","5","호림의수족","부산광역시 동구 중앙대로349번길 18 (수정동)","051-464-0011","의지·보조기(교정형신발 등) | 전동휠체어(가군, 나군) | 의료용 스쿠터 | 보청기 | 수동휠체어","부산 동구 중앙대로349번길 18","부산 동구 수정동 64-7","48791","동구","129.046109696036","35.1268598112229","ROAD_ADDR","A","부산광역시 동구 중앙대로349번길 18 (수정동)","1"
"26","부산광역시","4","효성의료기","부산광역시 동구 고관로 172-1, 302호 (좌천동, 그린아일)","051-442-4052","전동휠체어(가군, 나군) | 의료용 스쿠터 | 보청기","부산 동구 고관로 172-1","부산 동구 좌천동 630","48775","동구","129.051574649418","35.132207829597","ROAD_ADDR","A","부산광역시 동구 고관로 172-1, 302호 (좌천동, 그린아일)","1"
"26","부산광역시","3","휠체어 맞춤공학","부산광역시 북구 효열로 270, 상가동 105호 (금곡동, 금곡1단지주공아파트)","051-303-0100","전동휠체어(가군, 나군) | 의료용 스쿠터 | 욕창예방방석 | 욕창예방매트리스 | 수동휠체어","부산 북구 효열로 270","부산 북구 금곡동 53-1","46510","북구","129.019109191514","35.267310820205","ROAD_ADDR","A","부산광역시 북구 효열로 270, 상가동 105호 (금곡동, 금곡1단지주공아파트)","1"
"26","부산광역시","2","휴먼서버","부산광역시 사하구 까치고개로 50-5, 1층 (괴정동)","051-291-2810","전동휠체어(가군, 나군) | 의료용 스쿠터 | 욕창예방방석 | 욕창예방매트리스 | 이동식전동리프트 | 수동휠체어","부산 사하구 까치고개로 50-5","부산 사하구 괴정동 10-2","49347","사하구","129.00722183854","35.1043710672127","ROAD_ADDR","A","부산광역시 사하구 까치고개로 50-5, 1층 (괴정동)","1"
"26","부산광역시","1","희망담은 휠체어수리센터","부산광역시 금정구 서부로42번길 2, 1층 (서동)","051-529-8801","전동휠체어(가군, 나군) | 의료용 스쿠터 | 수동휠체어","부산 금정구 서부로42번길 2","부산 금정구 서동 171-11","46313","금정구","129.102178674907","35.2172865496581","ROAD_ADDR","A","부산광역시 금정구 서부로42번길 2, 1층 (서동)","1"
"27","대구광역시","111","(주)대세 엠.케어","대구광역시 달서구 호산로 14 (호산동)","053-1544-1224","전동휠체어(가군, 나군) | 의료용 스쿠터 | 욕창예방방석 | 욕창예방매트리스 | 이동식전동리프트 | 전방보행차 | 후방보행차 | 수동휠체어","대구 달서구 호산로 14","대구 달서구 호산동 702-14","42712","달서구","128.478347574163","35.8409826998414","ROAD_ADDR","A","대구광역시 달서구 호산로 14 (호산동)","1"
"27","대구광역시","110","(주)디에스메디텍","대구광역시 달성군 비슬로 2642 (화원읍, 권능교회)","053-642-5700","전동휠체어(가군, 나군) | 의료용 스쿠터 | 욕창예방방석 | 욕창예방매트리스 | 이동식전동리프트 | 전방보행차 | 후방보행차 | 수동휠체어","대구 달성군 화원읍 비슬로 2642","대구 달성군 화원읍 본리리 15-1","42964","달성군","128.505415989803","35.8057084689673","ROAD_ADDR","A","대구광역시 달성군 비슬로 2642 (화원읍, 권능교회)","1"
"27","대구광역시","109","(주)디에스아이","대구광역시 달서구 성서공단로58길 56 (월암동)","053-584-5561","전동휠체어(가군, 나군) | 의료용 스쿠터 | 수동휠체어","대구 달서구 성서공단로58길 56","대구 달서구 월암동 1048","42721","달서구","128.513366525255","35.8311053624114","ROAD_ADDR","A","대구광역시 달서구 성서공단로58길 56 (월암동)","1"
"27","대구광역시","108","(주)비앤티코리아","대구광역시 남구 명덕로 46, 1,4,5층 (대명동)","053-623-7621","의지·보조기(교정형신발 등) | 전동휠체어(가군, 나군) | 의료용 스쿠터 | 자세보조용구 | 욕창예방방석 | 욕창예방매트리스 | 이동식전동리프트 | 전방보행차 | 후방보행차 | 수동휠체어","대구 남구 명덕로 46-1","대구 남구 대명동 2275-11","42400","남구","128.575919906957","35.8590316868055","ROAD_ADDR","A","대구광역시 남구 명덕로 46, 1,4,5층 (대명동)","1"
"27","대구광역시","107","(주)연세의료기","대구광역시 동구 경안로 771, 3층 (동호동)","02-836-0181","전동휠체어(가군, 나군) | 의료용 스쿠터","대구 동구 경안로 771","대구 동구 동호동 110-23","41111","동구","128.713557589378","35.8711606770572","ROAD_ADDR","A","대구광역시 동구 경안로 771, 3층 (동호동)","1"
"27","대구광역시","106","(주)위블루씨엘","대구광역시 남구 성당로62길 20, 1층 (대명동)","053-525-0999","전동휠체어(가군, 나군) | 의료용 스쿠터 | 자세보조용구 | 욕창예방방석 | 욕창예방매트리스 | 이동식전동리프트 | 전방보행차 | 후방보행차 | 수동휠체어","대구 남구 성당로62길 20","대구 남구 대명동 2278-16","42400","남구","128.575563466629","35.8587862041301","ROAD_ADDR","A","대구광역시 남구 성당로62길 20, 1층 (대명동)","1"
"27","대구광역시","105","(주)포트","대구광역시 수성구 수성로 272, 4층 (중동, k빌딩)","053-768-8397","전동휠체어(가군, 나군) | 의료용 스쿠터 | 자세보조용구 | 욕창예방방석 | 욕창예방매트리스 | 이동식전동리프트 | 전방보행차 | 후방보행차 | 수동휠체어","대구 수성구 수성로 272","대구 수성구 중동 29-5","42133","수성구","128.613528483837","35.8497298519885","ROAD_ADDR","A","대구광역시 수성구 수성로 272, 4층 (중동, k빌딩)","1"
"27","대구광역시","104","(주)한빛의료기","대구광역시 동구 율하서로 62, 1층 (율하동)","053-742-2922","전동휠체어(가군, 나군) | 의료용 스쿠터 | 수동휠체어","대구 동구 율하서로 62","대구 동구 율하동 1297","41108","동구","128.690507542675","35.8641659329801","ROAD_ADDR","A","대구광역시 동구 율하서로 62, 1층 (율하동)","1"
"27","대구광역시","103","(주)한우리건강","대구광역시 북구 학정로 534 , 4동 (학정동, 태성빌딩)","053-551-7588","전동휠체어(가군, 나군) | 의료용 스쿠터 | 자세보조용구 | 욕창예방방석 | 욕창예방매트리스 | 이동식전동리프트 | 전방보행차 | 후방보행차 | 수동휠체어","대구 북구 학정로 534","대구 북구 학정동 926-8","41415","북구","128.565680591417","35.9522937452314","ROAD_ADDR","A","대구광역시 북구 학정로 534 , 4동 (학정동, 태성빌딩)","1"
"27","대구광역시","102","(주)혜성의료기","대구광역시 달서구 달구벌대로243길 42, 1층 (이곡동)","053-584-4431","전동휠체어(가군, 나군) | 의료용 스쿠터 | 욕창예방방석 | 욕창예방매트리스 | 이동식전동리프트 | 전방보행차 | 후방보행차 | 수동휠체어","대구 달서구 달구벌대로243길 42","대구 달서구 이곡동 1210","42612","달서구","128.502303322128","35.8530863971811","ROAD_ADDR","A","대구광역시 달서구 달구벌대로243길 42, 1층 (이곡동)","1"
"27","대구광역시","101","SH 의지센터","대구광역시 북구 호국로57길 36, 1층 (서변동)","053-955-4969","의지·보조기(교정형신발 등) | 전동휠체어(가군, 나군) | 의료용 스쿠터 | 욕창예방방석 | 욕창예방매트리스 | 이동식전동리프트 | 전방보행차 | 후방보행차 | 수동휠체어","대구 북구 호국로57길 36","대구 북구 서변동 860-6","41474","북구","128.594908268483","35.9270313239206","ROAD_ADDR","A","대구광역시 북구 호국로57길 36, 1층 (서변동)","1"
"27","대구광역시","100","가야의료기","대구광역시 서구 평리로 152 (중리동)","053-562-8541","전동휠체어(가군, 나군) | 의료용 스쿠터 | 욕창예방방석 | 욕창예방매트리스 | 수동휠체어","대구 서구 평리로 152","대구 서구 중리동 702-5","41846","서구","128.541108523946","35.8586787098332","ROAD_ADDR","A","대구광역시 서구 평리로 152 (중리동)","1"
"27","대구광역시","99","가톨릭의료기","대구광역시 남구 두류공원로 91 (대명동)","053-625-5449","전동휠체어(가군, 나군) | 의료용 스쿠터 | 욕창예방방석 | 욕창예방매트리스 | 전방보행차 | 수동휠체어","대구 남구 두류공원로 91","대구 남구 대명동 3049-1","42471","남구","128.568809962562","35.8446250861875","ROAD_ADDR","A","대구광역시 남구 두류공원로 91 (대명동)","1"
"27","대구광역시","98","계명메디케어","대구광역시 달서구 야외음악당로11길 26 (성당동)","010-9683-6636","전동휠체어(가군, 나군) | 의료용 스쿠터 | 욕창예방방석 | 욕창예방매트리스 | 이동식전동리프트 | 전방보행차 | 수동휠체어","대구 달서구 야외음악당로11길 26","대구 달서구 성당동 552-9","42678","달서구","128.551412431571","35.8416752529583","ROAD_ADDR","A","대구광역시 달서구 야외음악당로11길 26 (성당동)","1"
"27","대구광역시","97","국민의료기","대구광역시 북구 침산로40길 3, 1층 (침산동)","010-2525-5088","전동휠체어(가군, 나군) | 의료용 스쿠터 | 이동식전동리프트 | 수동휠체어","대구 북구 침산로40길 3","대구 북구 침산동 543-12","41549","북구","128.590111317347","35.8939941878493","ROAD_ADDR","A","대구광역시 북구 침산로40길 3, 1층 (침산동)","1"
"27","대구광역시","96","군위의료기(군위유통)","경상북도 군위군 도군로 2712 (군위읍)","010-9353-4924","전동휠체어(가군, 나군) | 의료용 스쿠터 | 보청기 | 욕창예방방석 | 욕창예방매트리스 | 수동휠체어","대구 군위군 군위읍 도군로 2712","대구 군위군 군위읍 서부리 6-2","43115","군위군","128.567072321318","36.2410811119955","ROAD_ADDR","A","경상북도 군위군 도군로 2712 (군위읍)","1"
"27","대구광역시","95","군위종합의료기","대구광역시 군위군 군청로 141, 1층 1호 (군위읍)","054-383-5399","전동휠체어(가군, 나군) | 의료용 스쿠터 | 수동휠체어","대구 군위군 군위읍 군청로 141","대구 군위군 군위읍 동부리 103-2","43119","군위군","128.572509381242","36.2354311670189","ROAD_ADDR","A","대구광역시 군위군 군청로 141, 1층 1호 (군위읍)","1"
"27","대구광역시","94","굿모닝의료기","대구광역시 서구 달서로 42, 1층 (내당동, 대구 굿모닝병원)","053-620-9148","전동휠체어(가군, 나군) | 의료용 스쿠터 | 욕창예방방석 | 욕창예방매트리스 | 전방보행차 | 수동휠체어","대구 서구 달서로 42","대구 서구 내당동 965","41810","서구","128.571404420435","35.8660826638799","ROAD_ADDR","A","대구광역시 서구 달서로 42, 1층 (내당동, 대구 굿모닝병원)","1"
"27","대구광역시","93","근로복지공단 재활공학연구소 대구서비스센터","대구광역시 북구 학정로 515 (학정동) 근로복지공단 대구병원","053-715-7739","의지·보조기(교정형신발 등) | 전동휠체어(가군, 나군) | 의료용 스쿠터 | 욕창예방방석 | 욕창예방매트리스 | 이동식전동리프트 | 수동휠체어","대구 북구 학정로 515","대구 북구 학정동 533","41405","북구","128.564015033083","35.9508260685431","ROAD_ADDR","A","대구광역시 북구 학정로 515 (학정동) 근로복지공단 대구병원","1"
"27","대구광역시","92","금아의수족보조기","대구광역시 동구 송라로 40, 1층 (신천동)","053-751-5430","의지·보조기(교정형신발 등) | 전동휠체어(가군, 나군) | 의료용 스쿠터 | 보청기 | 수동휠체어","대구 동구 송라로 40","대구 동구 신천동 179-4","41259","동구","128.619842046743","35.8709410976222","ROAD_ADDR","A","대구광역시 동구 송라로 40, 1층 (신천동)","1"
"27","대구광역시","91","남도의료기","대구광역시 중구 경상감영길 21 (서문로1가, 동성과학)","053-256-5412","전동휠체어(가군, 나군) | 의료용 스쿠터 | 보청기 | 욕창예방방석 | 욕창예방매트리스 | 수동휠체어","대구 중구 경상감영길 21","대구 중구 서문로1가 26-1","41919","중구","128.588581680711","35.8713487289632","ROAD_ADDR","A","대구광역시 중구 경상감영길 21 (서문로1가, 동성과학)","1"
"27","대구광역시","90","남북의과상사","대구광역시 남구 중앙대로29길 26 (대명동)","053-651-6622","전동휠체어(가군, 나군) | 의료용 스쿠터 | 욕창예방방석 | 욕창예방매트리스 | 전방보행차 | 수동휠체어","대구 남구 중앙대로29길 26","대구 남구 대명동 51-3","42417","남구","128.58891587853","35.8462957113975","ROAD_ADDR","A","대구광역시 남구 중앙대로29길 26 (대명동)","1"
"27","대구광역시","89","남북의료기상사","대구광역시 남구 중앙대로29길 26 (대명동)","053-424-3133","전동휠체어(가군, 나군) | 의료용 스쿠터 | 보청기 | 욕창예방방석 | 욕창예방매트리스 | 수동휠체어","대구 남구 중앙대로29길 26","대구 남구 대명동 51-3","42417","남구","128.58891587853","35.8462957113975","ROAD_ADDR","A","대구광역시 남구 중앙대로29길 26 (대명동)","1"
"27","대구광역시","88","남산웰빙","대구광역시 중구 남산로13길 9 지하1층 (남산동, 남산병원)","053-252-7322","전동휠체어(가군, 나군) | 의료용 스쿠터 | 욕창예방방석 | 욕창예방매트리스 | 이동식전동리프트 | 전방보행차 | 후방보행차 | 수동휠체어","대구 중구 남산로13길 9","대구 중구 남산동 2466-92","41978","중구","128.581902033737","35.8614735611621","ROAD_ADDR","A","대구광역시 중구 남산로13길 9 지하1층 (남산동, 남산병원)","1"
"27","대구광역시","87","다모아의료기","대구광역시 북구 연암로 98 (산격동)","053-939-4361","전동휠체어(가군, 나군) | 의료용 스쿠터 | 욕창예방방석 | 욕창예방매트리스 | 이동식전동리프트 | 전방보행차 | 후방보행차 | 수동휠체어","대구 북구 연암로 98","대구 북구 산격동 848-31","41540","북구","128.594344714115","35.893328970145","ROAD_ADDR","A","대구광역시 북구 연암로 98 (산격동)","1"
"27","대구광역시","86","대경의료기","대구광역시 달서구 월배로 409 (송현동)","053-625-4401","전동휠체어(가군, 나군) | 의료용 스쿠터 | 욕창예방방석 | 욕창예방매트리스 | 전방보행차 | 수동휠체어","대구 달서구 월배로 409","대구 달서구 송현동 187-3","42739","달서구","128.551432314729","35.8310745462776","ROAD_ADDR","A","대구광역시 달서구 월배로 409 (송현동)","1"
"27","대구광역시","85","대구보조기","대구광역시 중구 동덕로 108 (삼덕동2가)","053-422-0302","의지·보조기(교정형신발 등) | 전동휠체어(가군, 나군) | 의료용 스쿠터 | 보청기 | 욕창예방방석 | 욕창예방매트리스 | 이동식전동리프트 | 전방보행차 | 후방보행차 | 수동휠체어","대구 중구 동덕로 108","대구 중구 삼덕동2가 267-6","41948","중구","128.603092599644","35.8642157727768","ROAD_ADDR","A","대구광역시 중구 동덕로 108 (삼덕동2가)","1"
"27","대구광역시","84","대구복지용구의료기","대구광역시 남구 이천로12길 33, 1층 (봉덕동)","053-475-3233","전동휠체어(가군, 나군) | 의료용 스쿠터 | 욕창예방방석 | 욕창예방매트리스 | 이동식전동리프트 | 전방보행차 | 수동휠체어","대구 남구 이천로12길 33","대구 남구 봉덕동 542-8","42438","남구","128.600244698021","35.8457681249103","ROAD_ADDR","A","대구광역시 남구 이천로12길 33, 1층 (봉덕동)","1"
"27","대구광역시","83","대구제일보조기.의수족","대구광역시 서구 국채보상로 415 (비산동)","053-561-0220","의지·보조기(교정형신발 등) | 전동휠체어(가군, 나군) | 의료용 스쿠터 | 욕창예방방석 | 욕창예방매트리스 | 이동식전동리프트 | 전방보행차 | 후방보행차 | 수동휠체어","대구 서구 국채보상로 415","대구 서구 비산동 402-17","41801","서구","128.57636462385","35.8720839998397","ROAD_ADDR","A","대구광역시 서구 국채보상로 415 (비산동)","1"
"27","대구광역시","82","대명의료기보조기상사","대구광역시 남구 대명로20길 38, 2층 (대명동)","010-2821-2729","의지·보조기(교정형신발 등) | 전동휠체어(가군, 나군) | 의료용 스쿠터 | 욕창예방방석 | 욕창예방매트리스 | 이동식전동리프트 | 수동휠체어","대구 남구 대명로20길 38","대구 남구 대명동 1042-1","42484","남구","128.567879414482","35.8375428347488","ROAD_ADDR","A","대구광역시 남구 대명로20길 38, 2층 (대명동)","1"
"27","대구광역시","81","대세","대구시 달서구 월성1동(대천동) 635 (성서공단 514-128호)","053-584-5651","전동휠체어(가군, 나군) | 의료용 스쿠터 | 욕창예방방석 | 욕창예방매트리스 | 이동식전동리프트 | 전방보행차 | 수동휠체어","","","","","","","","NONE","","2"
"27","대구광역시","80","대세엠케어","대구시 달서구 월성1동(대천동) 635번지","053-584-5651","전동휠체어(가군, 나군) | 의료용 스쿠터 | 보청기","","","","","","","","NONE","","2"
"27","대구광역시","79","대세엠케어","대구광역시 달성군 대실역북로5길 46-20, 1층 (다사읍)","053-383-0124","전동휠체어(가군, 나군) | 의료용 스쿠터 | 욕창예방방석 | 욕창예방매트리스 | 이동식전동리프트 | 수동휠체어","대구 달성군 다사읍 대실역북로5길 46-20","대구 달성군 다사읍 매곡리 1525-7","42911","달성군","128.465767802273","35.8642647123021","ROAD_ADDR","A","대구광역시 달성군 대실역북로5길 46-20, 1층 (다사읍)","1"
"27","대구광역시","78","대영의료기","대구광역시 서구 국채보상로 34, 217호 (중리동)","053-527-4082","전동휠체어(가군, 나군) | 의료용 스쿠터 | 욕창예방방석 | 욕창예방매트리스 | 이동식전동리프트 | 전방보행차 | 수동휠체어","대구 서구 국채보상로 34","대구 서구 중리동 1030","41755","서구","128.534725131167","35.8681910821372","ROAD_ADDR","A","대구광역시 서구 국채보상로 34, 217호 (중리동)","1"
"27","대구광역시","77","대학의료기","대구광역시 남구 두류공원로17길 16 (대명동)","053-624-6844","전동휠체어(가군, 나군) | 의료용 스쿠터 | 욕창예방방석 | 욕창예방매트리스 | 이동식전동리프트 | 전방보행차 | 수동휠체어","대구 남구 두류공원로17길 16","대구 남구 대명동 3049-9","42471","남구","128.568930731046","35.8439124115611","ROAD_ADDR","A","대구광역시 남구 두류공원로17길 16 (대명동)","1"
"27","대구광역시","76","동성의료기","대구시 남구 대명5동(대명동) 50-14 2호점","053-624-3202","전동휠체어(가군, 나군) | 의료용 스쿠터","대구 남구 중앙대로29길 22","대구 남구 대명동 50-14","42417","남구","128.589055574664","35.846302064162","REGION_ADDR","A","대구시 남구 대명5동(대명동) 50-14 2호점","1"
"27","대구광역시","75","동아열쇠동아스쿠터","대구광역시 북구 동암로 12-1 (읍내동)","053-325-1389","전동휠체어(가군, 나군) | 의료용 스쿠터 | 욕창예방방석 | 욕창예방매트리스 | 이동식전동리프트 | 수동휠체어","대구 북구 동암로 12-1","대구 북구 읍내동 812-13","41433","북구","128.552881387699","35.9467550543393","ROAD_ADDR","A","대구광역시 북구 동암로 12-1 (읍내동)","1"
"27","대구광역시","74","동진보조기","대구광역시 달서구 감삼북길 75, 1층 (감삼동)","053-257-4983","의지·보조기(교정형신발 등) | 전동휠체어(가군, 나군) | 의료용 스쿠터 | 수동휠체어","대구 달서구 감삼북길 75","대구 달서구 감삼동 128-7","42644","달서구","128.544498802651","35.8520140431171","ROAD_ADDR","A","대구광역시 달서구 감삼북길 75, 1층 (감삼동)","1"
"27","대구광역시","73","두손메디칼","대구광역시 동구 팔공로 131 (불로동)","053-983-9660","전동휠체어(가군, 나군) | 의료용 스쿠터","대구 동구 팔공로 131","대구 동구 불로동 443-3","41035","동구","128.640785583748","35.9106294707473","ROAD_ADDR","A","대구광역시 동구 팔공로 131 (불로동)","1"
"27","대구광역시","72","라인메디칼","대구광역시 달서구 선원로 53-1 (신당동)","053-587-5838","전동휠체어(가군, 나군) | 의료용 스쿠터 | 욕창예방방석 | 욕창예방매트리스 | 이동식전동리프트 | 수동휠체어","대구 달서구 선원로 53-1","대구 달서구 신당동 1677-10","42603","달서구","128.498319749502","35.8594164969271","ROAD_ADDR","A","대구광역시 달서구 선원로 53-1 (신당동)","1"
"27","대구광역시","71","메디바이스 의료기","대구광역시 수성구 범안로 60, 3층 (범물동)","053-784-6901","전동휠체어(가군, 나군) | 의료용 스쿠터 | 욕창예방방석 | 욕창예방매트리스 | 수동휠체어","대구 수성구 범안로 60","대구 수성구 범물동 1374-5","42242","수성구","128.644388092958","35.8176672934292","ROAD_ADDR","A","대구광역시 수성구 범안로 60, 3층 (범물동)","1"
"27","대구광역시","70","메디준","대구광역시 북구 학정로 9-6, 2층 (태전동)","053-323-7500","의지·보조기(교정형신발 등) | 전동휠체어(가군, 나군) | 의료용 스쿠터 | 욕창예방방석 | 욕창예방매트리스 | 이동식전동리프트 | 전방보행차 | 후방보행차 | 수동휠체어","대구 북구 학정로 9-6","대구 북구 태전동 687-28","41468","북구","128.543809092401","35.9138803291899","ROAD_ADDR","A","대구광역시 북구 학정로 9-6, 2층 (태전동)","1"
"27","대구광역시","69","모든의료기(통상)","대구광역시 동구 아양로57길 7 (지저동)","053-263-7080","전동휠체어(가군, 나군) | 의료용 스쿠터 | 욕창예방방석 | 욕창예방매트리스 | 이동식전동리프트 | 수동휠체어","대구 동구 아양로57길 7","대구 동구 지저동 870-14","41051","동구","128.642143386685","35.8908593507785","ROAD_ADDR","A","대구광역시 동구 아양로57길 7 (지저동)","1"
"27","대구광역시","68","미래보조기","대구광역시 동구 효동로 125-1 (효목동)","053-426-6658","의지·보조기(교정형신발 등) | 전동휠체어(가군, 나군) | 의료용 스쿠터 | 수동휠체어","대구 동구 효동로 125-1","대구 동구 효목동 83-10","41169","동구","128.640784299272","35.8871110100229","ROAD_ADDR","A","대구광역시 동구 효동로 125-1 (효목동)","1"
"27","대구광역시","67","미래전동","경상북도 군위군 중앙길 5 미래전동 (군위읍)","054-383-0111","전동휠체어(가군, 나군) | 의료용 스쿠터 | 욕창예방방석 | 욕창예방매트리스 | 전방보행차 | 수동휠체어","대구 군위군 군위읍 중앙길 5","대구 군위군 군위읍 동부리 674-3","43118","군위군","128.568484825047","36.2292964503903","ROAD_ADDR","A","경상북도 군위군 중앙길 5 미래전동 (군위읍)","1"
"27","대구광역시","66","미르 주식회사","대구광역시 북구 학정로 5, 3층 (태전동)","010-7760-6314","전동휠체어(가군, 나군) | 보청기 | 욕창예방방석 | 수동휠체어","대구 북구 학정로 5","대구 북구 태전동 686-7","41468","북구","128.54336966532","35.9137275583448","ROAD_ADDR","A","대구광역시 북구 학정로 5, 3층 (태전동)","1"
"27","대구광역시","65","바른 의수족 제작연구소","대구광역시 중구 국채보상로 496, 4층 (동산동)","053-426-2207","의지·보조기(교정형신발 등) | 전동휠체어(가군, 나군) | 의료용 스쿠터 | 자세보조용구 | 욕창예방방석 | 욕창예방매트리스 | 이동식전동리프트 | 전방보행차 | 후방보행차 | 수동휠체어","대구 중구 국채보상로 496","대구 중구 동산동 124","41931","중구","128.584802722085","35.8703433229849","ROAD_ADDR","A","대구광역시 중구 국채보상로 496, 4층 (동산동)","1"
"27","대구광역시","64","바이크아레나","대구광역시 달성군 테크노상업로 120, 150호 (유가읍, 엠스퀘어플러스)","053-617-8088","전동휠체어(가군, 나군) | 의료용 스쿠터 | 이동식전동리프트 | 수동휠체어","대구 달성군 유가읍 테크노상업로 120","대구 달성군 유가읍 봉리 619","43018","달성군","128.462900757148","35.6930633080128","ROAD_ADDR","A","대구광역시 달성군 테크노상업로 120, 150호 (유가읍, 엠스퀘어플러스)","1"
"27","대구광역시","63","백건스쿠터","대구광역시 북구 구리로36길 9 (국우동)","053-321-8522","전동휠체어(가군, 나군) | 의료용 스쿠터 | 이동식전동리프트 | 수동휠체어","대구 북구 구리로36길 9","대구 북구 국우동 1117-8","41418","북구","128.574662528041","35.9468425765587","ROAD_ADDR","A","대구광역시 북구 구리로36길 9 (국우동)","1"
"27","대구광역시","62","보훈의료기","대구광역시 달서구 월곡로 86 (도원동, 지하1층)","053-632-6334","전동휠체어(가군, 나군) | 의료용 스쿠터","대구 달서구 월곡로 86","대구 달서구 도원동 689-7","42835","달서구","128.550701184529","35.8056602949594","ROAD_ADDR","A","대구광역시 달서구 월곡로 86 (도원동, 지하1층)","1"
"27","대구광역시","61","사랑모아의료기","대구광역시 서구 북비산로74길 18-1 (비산동)","053-581-5114","전동휠체어(가군, 나군) | 의료용 스쿠터 | 욕창예방방석 | 욕창예방매트리스 | 이동식전동리프트 | 전방보행차 | 후방보행차 | 수동휠체어","대구 서구 북비산로74길 18-1","대구 서구 비산동 27-16","41795","서구","128.574885009906","35.8780749384491","ROAD_ADDR","A","대구광역시 서구 북비산로74길 18-1 (비산동)","1"
"27","대구광역시","60","삼성의료기","대구광역시 남구 두류공원로 86 (대명동)","053-653-0803","전동휠체어(가군, 나군) | 의료용 스쿠터 | 욕창예방방석 | 욕창예방매트리스 | 전방보행차 | 수동휠체어","대구 남구 두류공원로 86","대구 남구 대명동 3044-94","42461","남구","128.56959728691","35.84453270788","ROAD_ADDR","A","대구광역시 남구 두류공원로 86 (대명동)","1"
"27","대구광역시","59","새나무의료기","대구광역시 동구 효서로 22, 1층 (효목동)","053-269-7799","전동휠체어(가군, 나군) | 의료용 스쿠터 | 욕창예방방석 | 욕창예방매트리스 | 이동식전동리프트 | 전방보행차 | 후방보행차 | 수동휠체어","대구 동구 효서로 22","대구 동구 효목동 366-6","41233","동구","128.638700002276","35.8779107671975","ROAD_ADDR","A","대구광역시 동구 효서로 22, 1층 (효목동)","1"
"27","대구광역시","58","선진의료기","대구광역시 달서구 대천동(월성2동) 635 번지 성서공단51L/12B","053-584-5651","의지·보조기(교정형신발 등) | 전동휠체어(가군, 나군) | 의료용 스쿠터 | 수동휠체어","","","","","","","","NONE","","2"
"27","대구광역시","57","성민상사","대구광역시 서구 평리로29길 7, 1층 (중리동)","053-638-2560","전동휠체어(가군, 나군) | 의료용 스쿠터 | 욕창예방방석 | 욕창예방매트리스 | 수동휠체어","대구 서구 평리로29길 7","대구 서구 중리동 1164-27","41845","서구","128.539465181047","35.8594453048988","ROAD_ADDR","A","대구광역시 서구 평리로29길 7, 1층 (중리동)","1"
"27","대구광역시","56","성신의료기","대구광역시 동구 아양로 109 (신암동)","053-955-9277","전동휠체어(가군, 나군) | 의료용 스쿠터 | 욕창예방방석 | 수동휠체어","대구 동구 아양로 109","대구 동구 신암동 575-28","41199","동구","128.625451622508","35.8843829149072","ROAD_ADDR","A","대구광역시 동구 아양로 109 (신암동)","1"
"27","대구광역시","55","수메디칼","대구광역시 달서구 두류남3길 16, 1층 (두류동, 그레이스)","053-581-7344","전동휠체어(가군, 나군) | 의료용 스쿠터 | 욕창예방매트리스 | 수동휠체어","대구 달서구 두류남3길 16","대구 달서구 두류동 832-4","42664","달서구","128.572523016836","35.8568479361989","ROAD_ADDR","A","대구광역시 달서구 두류남3길 16, 1층 (두류동, 그레이스)","1"
"27","대구광역시","54","스텔라의료기","대구광역시 동구 아양로 99 (신암동, 파티마병원)","053-940-7491","전동휠체어(가군, 나군) | 의료용 스쿠터","대구 동구 아양로 99","대구 동구 신암동 576-31","41199","동구","128.622991290313","35.8838489268403","ROAD_ADDR","A","대구광역시 동구 아양로 99 (신암동, 파티마병원)","1"
"27","대구광역시","53","스텔라의료기","대구광역시 동구 율하동로15길 30-1, 1층 (율하동)","010-6689-2769","전동휠체어(가군, 나군) | 의료용 스쿠터 | 욕창예방방석 | 욕창예방매트리스 | 이동식전동리프트 | 수동휠체어","대구 동구 율하동로15길 30-1","대구 동구 율하동 983-4","41121","동구","128.698374385295","35.8676393711173","ROAD_ADDR","A","대구광역시 동구 율하동로15길 30-1, 1층 (율하동)","1"
"27","대구광역시","52","신기의료기 대구달서점","대구광역시 달서구 월곡로26안길 15, 1층 (상인동)","053-631-3827","전동휠체어(가군, 나군) | 의료용 스쿠터 | 욕창예방방석 | 욕창예방매트리스 | 이동식전동리프트 | 전방보행차 | 수동휠체어","대구 달서구 월곡로26안길 15","대구 달서구 상인동 1583","42815","달서구","128.550551638445","35.8092404512731","ROAD_ADDR","A","대구광역시 달서구 월곡로26안길 15, 1층 (상인동)","1"
"27","대구광역시","51","신용의수족보조기","대구광역시 서구 북비산로 389-1 (비산동)","053-565-2257","의지·보조기(교정형신발 등) | 전동휠체어(가군, 나군) | 의료용 스쿠터 | 욕창예방방석 | 욕창예방매트리스 | 이동식전동리프트 | 전방보행차 | 후방보행차 | 수동휠체어","대구 서구 북비산로 389-1","대구 서구 비산동 4-5","41736","서구","128.575882631964","35.8789626357356","ROAD_ADDR","A","대구광역시 서구 북비산로 389-1 (비산동)","1"
"27","대구광역시","50","신일휠체어.의료기","대구광역시 서구 문화로 256, 1층 (평리동)","053-558-2605","전동휠체어(가군, 나군) | 의료용 스쿠터 | 욕창예방방석 | 욕창예방매트리스 | 이동식전동리프트 | 전방보행차 | 후방보행차 | 수동휠체어","대구 서구 문화로 256","대구 서구 평리동 1037-4","41775","서구","128.560567976084","35.8755669549098","ROAD_ADDR","A","대구광역시 서구 문화로 256, 1층 (평리동)","1"
"27","대구광역시","49","신정의료기","대구광역시 중구 국채보상로 533-18, 1층 (서문로1가)","070-4248-2992","전동휠체어(가군, 나군) | 의료용 스쿠터 | 욕창예방방석 | 욕창예방매트리스 | 수동휠체어","대구 중구 국채보상로 533-18","대구 중구 서문로1가 68-2","41919","중구","128.588852341647","35.8710916569743","ROAD_ADDR","A","대구광역시 중구 국채보상로 533-18, 1층 (서문로1가)","1"
"27","대구광역시","48","신진의료기","대구광역시 중구 국채보상로 480 (동산동)","053-256-2456","전동휠체어(가군, 나군) | 의료용 스쿠터 | 보청기 | 욕창예방방석 | 욕창예방매트리스 | 이동식전동리프트 | 전방보행차 | 수동휠체어","대구 중구 국채보상로 480","대구 중구 동산동 77-1","41931","중구","128.583139450183","35.8704490650546","ROAD_ADDR","A","대구광역시 중구 국채보상로 480 (동산동)","1"
"27","대구광역시","47","신진의료기(성서점)","대구광역시 달서구 달구벌대로 1007 (호산동)","053-561-5555","전동휠체어(가군, 나군) | 의료용 스쿠터 | 욕창예방방석 | 욕창예방매트리스 | 전방보행차 | 수동휠체어","대구 달서구 달구벌대로 1007","대구 달서구 호산동 294","42602","달서구","128.477402382203","35.8533976471423","ROAD_ADDR","A","대구광역시 달서구 달구벌대로 1007 (호산동)","1"
"27","대구광역시","46","신화헬스앤드의료기","대구광역시 달서구 월배로 325 (송현동)","053-654-9352","전동휠체어(가군, 나군) | 의료용 스쿠터 | 욕창예방방석 | 욕창예방매트리스 | 전방보행차 | 수동휠체어","대구 달서구 월배로 325","대구 달서구 송현동 1914-3","42742","달서구","128.545959353209","35.8247257038751","ROAD_ADDR","A","대구광역시 달서구 월배로 325 (송현동)","1"
"27","대구광역시","45","씨엘(CL)메디칼","대구광역시 동구 아양로 113-25 (신암동)","053-219-3009","전동휠체어(가군, 나군) | 의료용 스쿠터 | 욕창예방방석 | 욕창예방매트리스 | 전방보행차 | 수동휠체어","대구 동구 아양로 113-25","대구 동구 신암동 575-36","41199","동구","128.625476673158","35.884920464305","ROAD_ADDR","A","대구광역시 동구 아양로 113-25 (신암동)","1"
"27","대구광역시","44","안심의료기","대구광역시 동구 율하동로 115 (신기동)","053-964-0124","전동휠체어(가군, 나군) | 의료용 스쿠터 | 보청기 | 욕창예방방석 | 욕창예방매트리스 | 이동식전동리프트 | 전방보행차 | 후방보행차 | 수동휠체어","대구 동구 율하동로 115","대구 동구 신기동 547-9","41119","동구","128.702087617181","35.8700066038821","ROAD_ADDR","A","대구광역시 동구 율하동로 115 (신기동)","1"
"27","대구광역시","43","알파 대구지부","대구광역시 북구 칠곡중앙대로 447, 1층 (관음동)","053-314-4082","전동휠체어(가군, 나군) | 의료용 스쿠터 | 욕창예방방석 | 욕창예방매트리스 | 이동식전동리프트 | 전방보행차 | 후방보행차 | 수동휠체어","대구 북구 칠곡중앙대로 447","대구 북구 관음동 1402-2","41447","북구","128.548601956657","35.9355887377555","ROAD_ADDR","A","대구광역시 북구 칠곡중앙대로 447, 1층 (관음동)","1"
"27","대구광역시","42","에이엔아이 코리아","대구광역시 달서구 성서공단북로77길 62, 1층 (장기동)","010-5142-2695","전동휠체어(가군, 나군) | 의료용 스쿠터 | 욕창예방방석 | 욕창예방매트리스 | 이동식전동리프트 | 전방보행차 | 수동휠체어","대구 달서구 성서공단북로77길 62","대구 달서구 장기동 180-20","42697","달서구","128.514830168502","35.8485492890034","ROAD_ADDR","A","대구광역시 달서구 성서공단북로77길 62, 1층 (장기동)","1"
"27","대구광역시","41","에이치메디컬","대구광역시 달성군 비슬로122길 31, 1층 (현풍읍)","053-201-6387","전동휠체어(가군, 나군) | 의료용 스쿠터 | 욕창예방방석 | 욕창예방매트리스 | 전방보행차 | 수동휠체어","대구 달성군 현풍읍 비슬로122길 31","대구 달성군 현풍읍 하리 206","43003","달성군","128.44546753893","35.693721203129","ROAD_ADDR","A","대구광역시 달성군 비슬로122길 31, 1층 (현풍읍)","1"
"27","대구광역시","40","엠엔에이치 헬스케어","대구광역시 달서구 두류공원로 242, 36호 (두류동)","010-5835-5857","전동휠체어(가군, 나군) | 의료용 스쿠터 | 욕창예방방석 | 욕창예방매트리스 | 이동식전동리프트 | 전방보행차 | 후방보행차 | 수동휠체어","대구 달서구 두류공원로 242","대구 달서구 두류동 147-7","42659","달서구","128.559830413126","35.8553269208206","ROAD_ADDR","A","대구광역시 달서구 두류공원로 242, 36호 (두류동)","1"
"27","대구광역시","39","연세의료기","대구광역시 북구 대동로1길 72, 블루2동 1층 (산격동)","053-622-2821","전동휠체어(가군, 나군) | 의료용 스쿠터 | 욕창예방방석 | 욕창예방매트리스 | 이동식전동리프트 | 전방보행차 | 후방보행차 | 수동휠체어","대구 북구 대동로1길 72","대구 북구 산격동 1282-14","41535","북구","128.612916166619","35.8969205039511","ROAD_ADDR","A","대구광역시 북구 대동로1길 72, 블루2동 1층 (산격동)","1"
"27","대구광역시","38","영인메디칼","대구광역시 달서구 상인로 37, 1층 (상인동)","053-561-0492","전동휠체어(가군, 나군) | 의료용 스쿠터 | 욕창예방방석 | 욕창예방매트리스 | 수동휠체어","대구 달서구 상인로 37","대구 달서구 상인동 1566-7","42815","달서구","128.549276624866","35.8109889180195","ROAD_ADDR","A","대구광역시 달서구 상인로 37, 1층 (상인동)","1"
"27","대구광역시","37","오성메디칼재활센터","대구광역시 중구 문우관길 23 (남산동)","053-254-4442","전동휠체어(가군, 나군) | 의료용 스쿠터 | 욕창예방방석 | 욕창예방매트리스 | 이동식전동리프트 | 후방보행차 | 수동휠체어","대구 중구 문우관길 23","대구 중구 남산동 625-5","41966","중구","128.590192284573","35.8644408731885","ROAD_ADDR","A","대구광역시 중구 문우관길 23 (남산동)","1"
"27","대구광역시","36","오케이노인복지센터","대구광역시 남구 봉덕로 97, 5층 (봉덕동)","053-628-2700","전동휠체어(가군, 나군) | 의료용 스쿠터 | 욕창예방방석 | 욕창예방매트리스 | 수동휠체어","대구 남구 봉덕로 97","대구 남구 봉덕동 535-14","42439","남구","128.601273383037","35.8448718364379","ROAD_ADDR","A","대구광역시 남구 봉덕로 97, 5층 (봉덕동)","1"
"27","대구광역시","35","우리메디칼","대구광역시 군위군 경북대로 2615 (효령면)","054-383-9292","전동휠체어(가군, 나군) | 의료용 스쿠터 | 수동휠체어","대구 군위군 효령면 경북대로 2615","대구 군위군 효령면 중구리 63-2","43130","군위군","128.590473687617","36.1503928771741","ROAD_ADDR","A","대구광역시 군위군 경북대로 2615 (효령면)","1"
"27","대구광역시","34","월페어숍","대구광역시 달서구 명덕로 24 (두류동)","070-7618-4195","전동휠체어(가군, 나군) | 의료용 스쿠터 | 수동휠체어","대구 달서구 명덕로 24","대구 달서구 두류동 1210-25","42662","달서구","128.573719789335","35.8603604360445","ROAD_ADDR","A","대구광역시 달서구 명덕로 24 (두류동)","1"
"27","대구광역시","33","윈메디","대구광역시 동구 이노밸리로46길 12, 1층 (각산동)","053-248-7883","전동휠체어(가군, 나군) | 의료용 스쿠터 | 욕창예방방석 | 욕창예방매트리스 | 전방보행차 | 후방보행차 | 수동휠체어","대구 동구 이노밸리로46길 12","대구 동구 각산동 1100-4","41067","동구","128.72254990528","35.8771956368747","ROAD_ADDR","A","대구광역시 동구 이노밸리로46길 12, 1층 (각산동)","1"
"27","대구광역시","32","윈메디칼","대구광역시 북구 산격로서9길 14 (산격동)","053-425-0223","전동휠체어(가군, 나군) | 의료용 스쿠터 | 욕창예방방석 | 욕창예방매트리스 | 전방보행차 | 수동휠체어","대구 북구 산격로서9길 14","대구 북구 산격동 1437-137","41537","북구","128.601446318615","35.8952293148163","ROAD_ADDR","A","대구광역시 북구 산격로서9길 14 (산격동)","1"
"27","대구광역시","31","유투케어","대구광역시 달서구 와룡로53길 72-9 (용산동)","053-525-5520","전동휠체어(가군, 나군) | 의료용 스쿠터 | 욕창예방방석 | 욕창예방매트리스 | 이동식전동리프트 | 전방보행차 | 후방보행차 | 수동휠체어","대구 달서구 와룡로53길 72-9","대구 달서구 용산동 864-7","42627","달서구","128.533124085591","35.8573045215697","ROAD_ADDR","A","대구광역시 달서구 와룡로53길 72-9 (용산동)","1"
"27","대구광역시","30","의료기백화점","대구광역시 북구 구암로15길 22 (읍내동, （１층일부）)","053-323-8877","전동휠체어(가군, 나군) | 의료용 스쿠터 | 욕창예방매트리스 | 전방보행차 | 후방보행차 | 수동휠체어","대구 북구 구암로15길 22","대구 북구 읍내동 1346","41438","북구","128.549778716838","35.9344249549195","ROAD_ADDR","A","대구광역시 북구 구암로15길 22 (읍내동, （１층일부）)","1"
"27","대구광역시","29","이원건강의료기","대구광역시 중구 동덕로 123 (삼덕동2가)","053-256-2512","전동휠체어(가군, 나군) | 의료용 스쿠터 | 보청기 | 욕창예방방석 | 욕창예방매트리스 | 이동식전동리프트 | 전방보행차 | 수동휠체어","대구 중구 동덕로 123","대구 중구 삼덕동2가 212-6","41940","중구","128.603044019298","35.8656347294096","ROAD_ADDR","A","대구광역시 중구 동덕로 123 (삼덕동2가)","1"
"27","대구광역시","28","정우메디칼","대구광역시 동구 화랑로 83 (효목동, 영남빌딩)","053-744-7654","전동휠체어(가군, 나군) | 의료용 스쿠터 | 욕창예방방석 | 욕창예방매트리스 | 수동휠체어","대구 동구 화랑로 83","대구 동구 효목동 512-4","41236","동구","128.635943668909","35.8725397253691","ROAD_ADDR","A","대구광역시 동구 화랑로 83 (효목동, 영남빌딩)","1"
"27","대구광역시","27","제이에스 메디텍","대구광역시 서구 서대구로 339 (비산동)","053-356-8518","의지·보조기(교정형신발 등) | 전동휠체어(가군, 나군) | 의료용 스쿠터 | 자세보조용구 | 욕창예방방석 | 욕창예방매트리스 | 이동식전동리프트 | 전방보행차 | 후방보행차 | 수동휠체어","대구 서구 서대구로 339","대구 서구 비산동 1336-4","41710","서구","128.558688052432","35.8878356032439","ROAD_ADDR","A","대구광역시 서구 서대구로 339 (비산동)","1"
"27","대구광역시","26","주식회사 동산메디케어","대구광역시 수성구 명덕로 386, 1층 (수성동1가)","053-765-8988","전동휠체어(가군, 나군) | 의료용 스쿠터 | 욕창예방방석 | 욕창예방매트리스 | 이동식전동리프트 | 전방보행차 | 수동휠체어","대구 수성구 명덕로 386","대구 수성구 수성동1가 273-13","42131","수성구","128.612335225145","35.8543727919937","ROAD_ADDR","A","대구광역시 수성구 명덕로 386, 1층 (수성동1가)","1"
"27","대구광역시","25","주식회사 메디바이스","대구광역시 수성구 범안로 60, 3층 (범물동)","053-784-6901","전동휠체어(가군, 나군) | 의료용 스쿠터 | 욕창예방방석 | 욕창예방매트리스 | 수동휠체어","대구 수성구 범안로 60","대구 수성구 범물동 1374-5","42242","수성구","128.644388092958","35.8176672934292","ROAD_ADDR","A","대구광역시 수성구 범안로 60, 3층 (범물동)","1"
"27","대구광역시","24","주식회사 미영(미래의료기)","대구광역시 달서구 월배로 97, 10층 (진천동, 나사렛종합병원)","053-639-6600","전동휠체어(가군, 나군) | 의료용 스쿠터 | 욕창예방매트리스 | 수동휠체어","대구 달서구 월배로 97","대구 달서구 진천동 576-4","42784","달서구","128.525094795643","35.8147002604042","ROAD_ADDR","A","대구광역시 달서구 월배로 97, 10층 (진천동, 나사렛종합병원)","1"
"27","대구광역시","23","주식회사신세계의료기","대구광역시 북구 칠성남로26길 45, 1층 (칠성동2가)","053-358-1858","전동휠체어(가군, 나군) | 의료용 스쿠터","대구 북구 칠성남로26길 45","대구 북구 칠성동2가 302-62","41588","북구","128.58984092354","35.8778287672428","ROAD_ADDR","A","대구광역시 북구 칠성남로26길 45, 1층 (칠성동2가)","1"
"27","대구광역시","22","주식회사유투케어","대구광역시 달성군 현풍읍 비슬로130길 16 1층 (현풍읍)","053-611-5527","전동휠체어(가군, 나군) | 의료용 스쿠터 | 욕창예방방석 | 욕창예방매트리스 | 전방보행차 | 수동휠체어","대구 달성군 현풍읍 비슬로130길 16","대구 달성군 현풍읍 원교리 93-3","43003","달성군","128.440308829811","35.694392161969","ROAD_ADDR","A","대구광역시 달성군 현풍읍 비슬로130길 16 1층 (현풍읍)","1"
"27","대구광역시","21","주연의료기","대구광역시 달서구 학산로7안길 73-8, 101호 (본동)","053-639-2368","전동휠체어(가군, 나군) | 의료용 스쿠터 | 욕창예방방석 | 욕창예방매트리스 | 이동식전동리프트 | 전방보행차 | 후방보행차 | 수동휠체어","대구 달서구 학산로7안길 73-8","대구 달서구 본동 641-24","42727","달서구","128.529171222032","35.8360825984264","ROAD_ADDR","A","대구광역시 달서구 학산로7안길 73-8, 101호 (본동)","1"
"27","대구광역시","20","중앙보조기","대구광역시 중구 달구벌대로 2206 (대봉동)","053-425-7018","의지·보조기(교정형신발 등) | 전동휠체어(가군, 나군) | 의료용 스쿠터 | 전방보행차 | 후방보행차 | 수동휠체어","대구 중구 달구벌대로 2206","대구 중구 대봉동 20-71","41951","중구","128.604348315593","35.8625615404916","ROAD_ADDR","A","대구광역시 중구 달구벌대로 2206 (대봉동)","1"
"27","대구광역시","19","지산의료기보청기","대구광역시 수성구 용학로 177 (지산동)","053-781-5557","전동휠체어(가군, 나군) | 의료용 스쿠터 | 보청기 | 욕창예방방석 | 욕창예방매트리스 | 전방보행차 | 수동휠체어","대구 수성구 용학로 177","대구 수성구 지산동 1250-10","42216","수성구","128.628326665157","35.8225844739581","ROAD_ADDR","A","대구광역시 수성구 용학로 177 (지산동)","1"
"27","대구광역시","18","지오메디텍","대구광역시 북구 학정로 5 (태전동)","053-313-7575","의지·보조기(교정형신발 등) | 전동휠체어(가군, 나군) | 의료용 스쿠터 | 자세보조용구 | 욕창예방방석 | 욕창예방매트리스 | 이동식전동리프트 | 전방보행차 | 후방보행차","대구 북구 학정로 5","대구 북구 태전동 686-7","41468","북구","128.54336966532","35.9137275583448","ROAD_ADDR","A","대구광역시 북구 학정로 5 (태전동)","1"
"27","대구광역시","17","지오메디텍주식회사","대구광역시 남구 대명로 156, 1층 (대명동)","053-353-7575","의지·보조기(교정형신발 등) | 전동휠체어(가군, 나군) | 의료용 스쿠터 | 욕창예방방석 | 욕창예방매트리스 | 이동식전동리프트 | 전방보행차 | 후방보행차 | 수동휠체어","대구 남구 대명로 156","대구 남구 대명동 900-1","42487","남구","128.57502660521","35.8382555252471","ROAD_ADDR","A","대구광역시 남구 대명로 156, 1층 (대명동)","1"
"27","대구광역시","16","진솔케어","대구광역시 수성구 수성로41길 14 진솔케어, 1층 (중동)","010-5405-4439","전동휠체어(가군, 나군) | 의료용 스쿠터 | 욕창예방방석 | 욕창예방매트리스 | 이동식전동리프트 | 전방보행차 | 후방보행차 | 수동휠체어","대구 수성구 수성로41길 14","대구 수성구 중동 343-9","42152","수성구","128.611707264564","35.8446167886193","ROAD_ADDR","A","대구광역시 수성구 수성로41길 14 진솔케어, 1층 (중동)","1"
"27","대구광역시","15","진의료기","대구광역시 서구 국채보상로 415 (비산동)","053-562-8489","전동휠체어(가군, 나군) | 의료용 스쿠터 | 욕창예방방석 | 욕창예방매트리스 | 이동식전동리프트 | 전방보행차 | 후방보행차 | 수동휠체어","대구 서구 국채보상로 415","대구 서구 비산동 402-17","41801","서구","128.57636462385","35.8720839998397","ROAD_ADDR","A","대구광역시 서구 국채보상로 415 (비산동)","1"
"27","대구광역시","14","청솔메디","대구광역시 수성구 무열로19길 11, 1층 (만촌동)","053-751-9947","전동휠체어(가군, 나군) | 의료용 스쿠터 | 수동휠체어","대구 수성구 무열로19길 11","대구 수성구 만촌동 979-12","42051","수성구","128.64867642233","35.8671462340152","ROAD_ADDR","A","대구광역시 수성구 무열로19길 11, 1층 (만촌동)","1"
"27","대구광역시","13","파티마의료기","대구광역시 동구 아양로 113 (신암동)","053-954-8881","전동휠체어(가군, 나군) | 의료용 스쿠터 | 보청기 | 욕창예방방석 | 욕창예방매트리스 | 이동식전동리프트 | 전방보행차 | 후방보행차 | 수동휠체어","대구 동구 아양로 113","대구 동구 신암동 575-30","41199","동구","128.625842136857","35.8845486640239","ROAD_ADDR","A","대구광역시 동구 아양로 113 (신암동)","1"
"27","대구광역시","12","팔공메디컬","대구광역시 북구 칠곡중앙대로77길 5-4, 1층 (태전동)","053-325-7780","전동휠체어(가군, 나군) | 의료용 스쿠터 | 욕창예방방석 | 욕창예방매트리스 | 이동식전동리프트 | 전방보행차 | 후방보행차 | 수동휠체어","대구 북구 칠곡중앙대로77길 5-4","대구 북구 태전동 959-21","41451","북구","128.547274490992","35.9305404570906","ROAD_ADDR","A","대구광역시 북구 칠곡중앙대로77길 5-4, 1층 (태전동)","1"
"27","대구광역시","11","편한의료기","대구광역시 달서구 계대동문로 41, 1층 (신당동)","0533-587-0030","전동휠체어(가군, 나군) | 의료용 스쿠터 | 욕창예방방석 | 욕창예방매트리스 | 이동식전동리프트 | 전방보행차 | 후방보행차 | 수동휠체어","대구 달서구 계대동문로 41","대구 달서구 신당동 1784-10","42609","달서구","128.496838895978","35.8557249819732","ROAD_ADDR","A","대구광역시 달서구 계대동문로 41, 1층 (신당동)","1"
"27","대구광역시","10","피포스","대구광역시 달서구 와룡로28길 13, 1층 101호 (감삼동)","070-4791-2813","전동휠체어(가군, 나군) | 의료용 스쿠터 | 욕창예방방석 | 이동식전동리프트 | 전방보행차 | 후방보행차 | 수동휠체어","대구 달서구 와룡로28길 13","대구 달서구 감삼동 282-15","42653","달서구","128.538152154402","35.8449197660326","ROAD_ADDR","A","대구광역시 달서구 와룡로28길 13, 1층 101호 (감삼동)","1"
"27","대구광역시","9","하이의료기","대구광역시 달서구 월배로 167, A동 1층 (진천동)","053-636-1147","전동휠체어(가군, 나군) | 의료용 스쿠터 | 수동휠체어","대구 달서구 월배로 167","대구 달서구 진천동 45-4","42783","달서구","128.532078700108","35.8171909113697","ROAD_ADDR","A","대구광역시 달서구 월배로 167, A동 1층 (진천동)","1"
"27","대구광역시","8","한결의료기","대구광역시 남구 명덕시장길 96, 108호 (대명동, 천호아파트)","053-624-4800","전동휠체어(가군, 나군) | 의료용 스쿠터 | 욕창예방방석 | 욕창예방매트리스 | 전방보행차 | 수동휠체어","대구 남구 명덕시장길 96","대구 남구 대명동 63-1","42418","남구","128.588307285627","35.845143622004","ROAD_ADDR","A","대구광역시 남구 명덕시장길 96, 108호 (대명동, 천호아파트)","1"
"27","대구광역시","7","한국보조기상사","대구광역시 중구 달구벌대로 2011-1 (동산동)","053-255-4580","의지·보조기(교정형신발 등) | 전동휠체어(가군, 나군) | 의료용 스쿠터 | 보청기 | 욕창예방방석 | 욕창예방매트리스 | 수동휠체어","대구 중구 달구벌대로 2011-1","대구 중구 동산동 714","41931","중구","128.58385348487","35.8656560141071","ROAD_ADDR","A","대구광역시 중구 달구벌대로 2011-1 (동산동)","1"
"27","대구광역시","6","한국의료기상사","대구광역시 중구 달구벌대로 2011-1 (동산동)","053-555-6789","전동휠체어(가군, 나군) | 의료용 스쿠터 | 보청기 | 이동식전동리프트","대구 중구 달구벌대로 2011-1","대구 중구 동산동 714","41931","중구","128.58385348487","35.8656560141071","ROAD_ADDR","A","대구광역시 중구 달구벌대로 2011-1 (동산동)","1"
"27","대구광역시","5","해인의료기","대구광역시 달서구 월배로75길 66 (송현동)","053-623-1541","전동휠체어(가군, 나군) | 의료용 스쿠터 | 욕창예방방석 | 욕창예방매트리스 | 이동식전동리프트 | 수동휠체어","대구 달서구 월배로75길 66","대구 달서구 송현동 575-2","42740","달서구","128.547447715768","35.830326602475","ROAD_ADDR","A","대구광역시 달서구 월배로75길 66 (송현동)","1"
"27","대구광역시","4","행복의료기","대구광역시 동구 신암로 120 (신암동)","053-959-9057","전동휠체어(가군, 나군) | 의료용 스쿠터 | 욕창예방방석 | 욕창예방매트리스 | 이동식전동리프트 | 전방보행차 | 후방보행차 | 수동휠체어","대구 동구 신암로 120","대구 동구 신암동 498-7","41200","동구","128.612464764362","35.8804846743998","ROAD_ADDR","A","대구광역시 동구 신암로 120 (신암동)","1"
"27","대구광역시","3","화신의료기","대구광역시 달서구 월곡로26안길 49, 1층 (상인동)","053-626-8991","전동휠체어(가군, 나군) | 의료용 스쿠터 | 욕창예방방석 | 욕창예방매트리스 | 이동식전동리프트 | 전방보행차 | 수동휠체어","대구 달서구 월곡로26안길 49","대구 달서구 상인동 1577-2","42815","달서구","128.549388247473","35.8103622560635","ROAD_ADDR","A","대구광역시 달서구 월곡로26안길 49, 1층 (상인동)","1"
"27","대구광역시","2","휴먼에어 동행의료기","대구광역시 달서구 달구벌대로 1019, 2층 (호산동)","053-584-9400","전동휠체어(가군, 나군) | 의료용 스쿠터 | 욕창예방방석 | 욕창예방매트리스 | 이동식전동리프트 | 전방보행차 | 후방보행차 | 수동휠체어","대구 달서구 달구벌대로 1019","대구 달서구 호산동 105-1","42602","달서구","128.478893627096","35.8534266993885","ROAD_ADDR","A","대구광역시 달서구 달구벌대로 1019, 2층 (호산동)","1"
"27","대구광역시","1","희망의료기","대구광역시 북구 동천로23길 30-3, 1층 (동천동)","053-215-4949","전동휠체어(가군, 나군) | 의료용 스쿠터 | 욕창예방방석 | 욕창예방매트리스 | 이동식전동리프트 | 전방보행차 | 후방보행차 | 수동휠체어","대구 북구 동천로23길 30-3","대구 북구 동천동 955-3","41422","북구","128.557061293583","35.9427805819407","ROAD_ADDR","A","대구광역시 북구 동천로23길 30-3, 1층 (동천동)","1"
"28","인천광역시","69","(주)란달유디케어스","인천광역시 서구 청라커낼로260번길 7-15, 3층 306호 (청라동, 반안프라자 3차)","032-563-1384","전동휠체어(가군, 나군) | 욕창예방방석 | 욕창예방매트리스 | 이동식전동리프트 | 수동휠체어","인천 서해구 청라커낼로260번길 7-15","인천 서해구 청라동 157-18","22762","서해구","126.646185435766","37.532612112787","ROAD_ADDR","A","인천광역시 서구 청라커낼로260번길 7-15, 3층 306호 (청라동, 반안프라자 3차)","1"
"28","인천광역시","68","(주)비즈너리","인천광역시 계양구 경명대로 1029, 27 지하1층층 (계산동)","010-3722-4185","전동휠체어(가군, 나군) | 의료용 스쿠터 | 욕창예방방석 | 욕창예방매트리스 | 이동식전동리프트","인천 계양구 경명대로 1029","인천 계양구 계산동 932-23","21037","계양구","126.721135373055","37.543900823943","ROAD_ADDR","A","인천광역시 계양구 경명대로 1029","2"
"28","인천광역시","67","(주)아이엘티","인천광역시 서구 승학로 515, 409호 (검암동, 대림프라자)","032-568-3323","전동휠체어(가군, 나군) | 의료용 스쿠터 | 욕창예방방석 | 욕창예방매트리스 | 수동휠체어","인천 서해구 승학로 515","인천 서해구 검암동 596-3","22695","서해구","126.676738854101","37.5657946814144","ROAD_ADDR","A","인천광역시 서구 승학로 515, 409호 (검암동, 대림프라자)","1"
"28","인천광역시","66","(주)원남메디칼 인천지사","인천시 미추홀구 주안8동(주안동) 1532","032-433-0102","의지·보조기(교정형신발 등) | 전동휠체어(가군, 나군) | 의료용 스쿠터 | 전방보행차 | 수동휠체어","인천 미추홀구 인주대로 458","인천 미추홀구 주안동 1532","22228","미추홀구","126.687554832945","37.4504628281142","REGION_ADDR","A","인천시 미추홀구 주안8동(주안동) 1532","1"
"28","인천광역시","65","(주)위코리아","인천광역시 부평구 원적로 471 26-6, 4층 (부평동)","032-710-5808","전동휠체어(가군, 나군) | 전방보행차 | 수동휠체어","","","","","","","","NONE","","4"
"28","인천광역시","64","(주)핸디케어","인천광역시 부평구 경인로 735 (십정동, 동서빌딩)","032-513-8852","전동휠체어(가군, 나군) | 의료용 스쿠터 | 욕창예방방석 | 욕창예방매트리스 | 이동식전동리프트 | 수동휠체어","인천 부평구 경인로 735","인천 부평구 십정동 578-5","21436","부평구","126.709162917181","37.4754633053491","ROAD_ADDR","A","인천광역시 부평구 경인로 735 (십정동, 동서빌딩)","1"
"28","인천광역시","63","100세건강의료기","인천광역시 계양구 장제로 925, 101호 (병방동)","032-548-1175","전동휠체어(가군, 나군) | 의료용 스쿠터 | 보청기 | 욕창예방방석 | 욕창예방매트리스 | 이동식전동리프트 | 전방보행차 | 후방보행차 | 수동휠체어","인천 계양구 장제로 925","인천 계양구 병방동 427","21027","계양구","126.741428099662","37.5489871782738","ROAD_ADDR","A","인천광역시 계양구 장제로 925, 101호 (병방동)","1"
"28","인천광역시","62","100세동안 남동구점","인천광역시 남동구 구월남로 172, 1층 107호 (구월동)","032-473-0100","전동휠체어(가군, 나군) | 의료용 스쿠터 | 욕창예방방석 | 욕창예방매트리스 | 이동식전동리프트 | 수동휠체어","인천 남동구 구월남로 172","인천 남동구 구월동 1199","21565","남동구","126.708411493644","37.4527515329406","ROAD_ADDR","A","인천광역시 남동구 구월남로 172, 1층 107호 (구월동)","1"
"28","인천광역시","61","100세시대","인천광역시 미추홀구 경인로 497, 1층 1호 (주안동)","032-432-1266","전동휠체어(가군, 나군) | 의료용 스쿠터 | 보청기 | 욕창예방방석 | 욕창예방매트리스 | 수동휠체어","인천 미추홀구 경인로 497","인천 미추홀구 주안동 918-19","22144","미추홀구","126.69455629433","37.4601941037604","ROAD_ADDR","A","인천광역시 미추홀구 경인로 497, 1층 1호 (주안동)","1"
"28","인천광역시","60","가가호호성실복지용구","인천광역시 서구 심곡로56번길 18-2, 1층 (심곡동)","032-566-3044","전동휠체어(가군, 나군) | 의료용 스쿠터 | 욕창예방방석 | 욕창예방매트리스 | 전방보행차 | 후방보행차","인천 서해구 심곡로56번길 18-2","인천 서해구 심곡동 260-5","22730","서해구","126.675207299483","37.5405520076278","ROAD_ADDR","A","인천광역시 서구 심곡로56번길 18-2, 1층 (심곡동)","1"
"28","인천광역시","59","건강생활","인천광역시 부평구 시장로 33, 7층 (부평동, 한남시티프라자)","0507-1331-4752","전동휠체어(가군, 나군) | 의료용 스쿠터 | 욕창예방방석 | 욕창예방매트리스 | 이동식전동리프트 | 전방보행차 | 후방보행차 | 수동휠체어","인천 부평구 시장로 33","인천 부평구 부평동 192-6","21394","부평구","126.725715213582","37.4939963914734","ROAD_ADDR","A","인천광역시 부평구 시장로 33, 7층 (부평동, 한남시티프라자)","1"
"28","인천광역시","58","계양의료기","인천광역시 계양구 오조산로7번길 4 (작전동, 성우프라자)","070-7736-0157","전동휠체어(가군, 나군) | 의료용 스쿠터 | 보청기 | 욕창예방방석 | 욕창예방매트리스 | 이동식전동리프트 | 전방보행차 | 후방보행차 | 수동휠체어","인천 계양구 오조산로7번길 4","인천 계양구 작전동 910-8","21080","계양구","126.737601797569","37.5315589415923","ROAD_ADDR","A","인천광역시 계양구 오조산로7번길 4 (작전동, 성우프라자)","1"
"28","인천광역시","57","굿모닝메디칼","인천광역시 서구 청마로19번길 21, 5층 503호 (당하동, 성주빌딩)","032-561-2570","전동휠체어(가군, 나군) | 의료용 스쿠터 | 보청기 | 욕창예방방석 | 욕창예방매트리스 | 전방보행차 | 후방보행차 | 수동휠체어","인천 검단구 청마로19번길 21","인천 검단구 당하동 1077-11","23533","검단구","126.672737542553","37.5924578334318","ROAD_ADDR","A","인천광역시 서구 청마로19번길 21, 5층 503호 (당하동, 성주빌딩)","1"
"28","인천광역시","56","근로복지공단 재활공학연구소","인천광역시 부평구 경인로10번길 26 (구산동, 재활공학연구소)","032-509-5200","의지·보조기(교정형신발 등) | 전동휠체어(가군, 나군) | 의료용 스쿠터 | 욕창예방방석 | 욕창예방매트리스 | 이동식전동리프트 | 수동휠체어","인천 부평구 경인로10번길 26","인천 부평구 구산동 9-15","21417","부평구","126.754861927913","37.4821470076652","ROAD_ADDR","A","인천광역시 부평구 경인로10번길 26 (구산동, 재활공학연구소)","1"
"28","인천광역시","55","노노메디칼","인천광역시 부평구 장제로 24, 1층 (부평동)","032-362-5500","전동휠체어(가군, 나군) | 의료용 스쿠터 | 욕창예방방석 | 욕창예방매트리스 | 이동식전동리프트 | 수동휠체어","인천 부평구 장제로 24","인천 부평구 부평동 611-15","21414","부평구","126.729851341098","37.4875622952754","ROAD_ADDR","A","인천광역시 부평구 장제로 24, 1층 (부평동)","1"
"28","인천광역시","54","녹십자의료기","인천광역시 부평구 동수로 57-1 (부평동, 남부빌딩)","032-515-7177","전동휠체어(가군, 나군) | 의료용 스쿠터 | 보청기 | 욕창예방방석 | 욕창예방매트리스 | 수동휠체어","인천 부평구 동수로 57-1","인천 부평구 부평동 654-39","21425","부평구","126.725036761305","37.4855052751568","ROAD_ADDR","A","인천광역시 부평구 동수로 57-1 (부평동, 남부빌딩)","1"
"28","인천광역시","53","늘품의료기","인천광역시 남동구 남동대로 723, 201호 (구월동, 우주빌딩)","032-465-0982","전동휠체어(가군, 나군) | 의료용 스쿠터 | 보청기 | 욕창예방방석 | 욕창예방매트리스 | 이동식전동리프트 | 전방보행차 | 후방보행차 | 수동휠체어","인천 남동구 남동대로 723","인천 남동구 구월동 1156","21572","남동구","126.7069395368","37.4469890822759","ROAD_ADDR","A","인천광역시 남동구 남동대로 723, 201호 (구월동, 우주빌딩)","1"
"28","인천광역시","52","다솜메디칼","인천광역시 미추홀구 동산로 9 (숭의동)","032-777-3516","전동휠체어(가군, 나군) | 의료용 스쿠터 | 보청기 | 욕창예방방석 | 욕창예방매트리스 | 이동식전동리프트 | 수동휠체어","인천 미추홀구 동산로 9","인천 미추홀구 숭의동 105-1","22104","미추홀구","126.650242435002","37.4693146004519","ROAD_ADDR","A","인천광역시 미추홀구 동산로 9 (숭의동)","1"
"28","인천광역시","51","다우메디칼","인천광역시 남동구 호구포로 194 더마크원 2층 제스퀘어, 201호 (고잔동)","032-520-6123","전동휠체어(가군, 나군) | 의료용 스쿠터 | 욕창예방방석 | 욕창예방매트리스 | 이동식전동리프트 | 수동휠체어","인천 남동구 호구포로 194","인천 남동구 고잔동 649-3","21655","남동구","126.708634125027","37.3996370168562","ROAD_ADDR","A","인천광역시 남동구 호구포로 194 더마크원 2층 제스퀘어, 201호 (고잔동)","1"
"28","인천광역시","50","다인","인천광역시 미추홀구 경인로354번길 79, 1층 101호 (주안동, 광도흑판)","070-4045-0889","전동휠체어(가군, 나군) | 의료용 스쿠터 | 욕창예방방석 | 욕창예방매트리스 | 이동식전동리프트 | 전방보행차 | 후방보행차 | 수동휠체어","인천 미추홀구 경인로354번길 79","인천 미추홀구 주안동 490-1","22155","미추홀구","126.679219431104","37.4548326498212","ROAD_ADDR","A","인천광역시 미추홀구 경인로354번길 79, 1층 101호 (주안동, 광도흑판)","1"
"28","인천광역시","49","대한복지용구의료기","인천광역시 남동구 경인로 740 (간석동, 삼성방염필름)","032-215-0307","전동휠체어(가군, 나군) | 의료용 스쿠터 | 보청기 | 수동휠체어","인천 남동구 경인로 740","인천 남동구 간석동 773-16","21514","남동구","126.709760344728","37.4755648762139","ROAD_ADDR","A","인천광역시 남동구 경인로 740 (간석동, 삼성방염필름)","1"
"28","인천광역시","48","대한의료기","인천광역시 미추홀구 미추홀대로632번길 20, 1층 (주안동)","032-861-7575","전동휠체어(가군, 나군) | 의료용 스쿠터 | 보청기 | 욕창예방방석 | 욕창예방매트리스 | 이동식전동리프트 | 전방보행차 | 수동휠체어","인천 미추홀구 미추홀대로632번길 20","인천 미추홀구 주안동 1474-12","22151","미추홀구","126.681065427793","37.4536561523306","ROAD_ADDR","A","인천광역시 미추홀구 미추홀대로632번길 20, 1층 (주안동)","1"
"28","인천광역시","47","더드림의료기","인천광역시 미추홀구 경인로251번길 39, 1층 (도화동)","032-433-3342","전동휠체어(가군, 나군) | 의료용 스쿠터 | 욕창예방방석 | 욕창예방매트리스 | 이동식전동리프트 | 후방보행차 | 수동휠체어","인천 미추홀구 경인로251번길 39","인천 미추홀구 도화동 554-5","22120","미추홀구","126.672342556716","37.4636644801777","ROAD_ADDR","A","인천광역시 미추홀구 경인로251번길 39, 1층 (도화동)","1"
"28","인천광역시","46","동신의료기","인천광역시 부평구 동수로 49-2 (부평동)","032-526-8682","전동휠체어(가군, 나군) | 의료용 스쿠터 | 보청기 | 욕창예방방석 | 욕창예방매트리스 | 이동식전동리프트 | 수동휠체어","인천 부평구 동수로 49-2","인천 부평구 부평동 655-47","21424","부평구","126.724274891414","37.4853880807936","ROAD_ADDR","A","인천광역시 부평구 동수로 49-2 (부평동)","1"
"28","인천광역시","45","동화메디케어","인천광역시 서구 완정로65번안길 45-22, 2층 (왕길동)","032-212-5109","전동휠체어(가군, 나군) | 의료용 스쿠터 | 욕창예방방석 | 욕창예방매트리스 | 이동식전동리프트 | 수동휠체어","인천 검단구 완정로65번안길 45-22","인천 검단구 왕길동 211-5","23468","검단구","126.661210300917","37.5940258239546","ROAD_ADDR","A","인천광역시 서구 완정로65번안길 45-22, 2층 (왕길동)","1"
"28","인천광역시","44","두리하나","인천광역시 부평구 대보로24번길 14, 3동 1층 102호 (삼산동, 서광아트빌)","010-2539-6152","전동휠체어(가군, 나군) | 의료용 스쿠터 | 욕창예방방석 | 욕창예방매트리스 | 이동식전동리프트 | 전방보행차 | 후방보행차 | 수동휠체어","인천 부평구 대보로24번길 14","인천 부평구 삼산동 167-101","21321","부평구","126.739989505107","37.5189908599451","ROAD_ADDR","A","인천광역시 부평구 대보로24번길 14, 3동 1층 102호 (삼산동, 서광아트빌)","1"
"28","인천광역시","43","드림의료기","인천광역시 강화군 충렬사로 25 남산빌딩, 102호 (강화읍)","032-933-9390","전동휠체어(가군, 나군) | 의료용 스쿠터 | 수동휠체어","인천 강화군 강화읍 충렬사로 25","인천 강화군 강화읍 남산리 303-1","23037","강화군","126.485979476172","37.7367060810129","ROAD_ADDR","A","인천광역시 강화군 충렬사로 25 남산빌딩, 102호 (강화읍)","1"
"28","인천광역시","42","땡큐시니어건강의료기","인천광역시 서구 완정로 198, 1층 (마전동, 노른자빌딩)","032-565-8119","전동휠체어(가군, 나군) | 의료용 스쿠터 | 보청기 | 욕창예방방석 | 욕창예방매트리스 | 이동식전동리프트 | 수동휠체어","인천 검단구 완정로 198","인천 검단구 마전동 904-8","23412","검단구","126.65457965897","37.6032704615124","ROAD_ADDR","A","인천광역시 서구 완정로 198, 1층 (마전동, 노른자빌딩)","1"
"28","인천광역시","41","땡큐시니어건강의료기 연수점","인천광역시 연수구 앵고개로246번길 10, 104호 (동춘동, 대산프라자)","032-815-9770","전동휠체어(가군, 나군) | 의료용 스쿠터 | 욕창예방방석 | 욕창예방매트리스 | 전방보행차 | 후방보행차 | 수동휠체어","인천 연수구 앵고개로246번길 10","인천 연수구 동춘동 937-1","21972","연수구","126.67060441392","37.4084167115333","ROAD_ADDR","A","인천광역시 연수구 앵고개로246번길 10, 104호 (동춘동, 대산프라자)","1"
"28","인천광역시","40","사과나무 토탈케어","인천광역시 계양구 오조산로7번길 6-14 , 101호 (작전동, 람세스빌2)","032-555-9844","전동휠체어(가군, 나군) | 욕창예방방석 | 욕창예방매트리스 | 이동식전동리프트 | 수동휠체어","인천 계양구 오조산로7번길 6-14","인천 계양구 작전동 910-11","21080","계양구","126.737667734825","37.5320819376821","ROAD_ADDR","A","인천광역시 계양구 오조산로7번길 6-14 , 101호 (작전동, 람세스빌2)","1"
"28","인천광역시","39","사랑돌봄재가복지센터,복지용구","인천광역시 연수구 용담로 60 , 201호 (청학동)","032-821-0129","전동휠체어(가군, 나군) | 의료용 스쿠터 | 욕창예방방석 | 욕창예방매트리스 | 이동식전동리프트 | 수동휠체어","인천 연수구 용담로 60","인천 연수구 청학동 469-4","21917","연수구","126.673597092077","37.4186656828557","ROAD_ADDR","A","인천광역시 연수구 용담로 60 , 201호 (청학동)","1"
"28","인천광역시","38","서인천 의료기","인천광역시 서구 서달로105번길 4, 1층 (석남동)","010-8972-3588","전동휠체어(가군, 나군) | 의료용 스쿠터 | 욕창예방방석 | 욕창예방매트리스 | 이동식전동리프트 | 수동휠체어","인천 서해구 서달로105번길 4","인천 서해구 석남동 488-11","22802","서해구","126.678089244377","37.5080356478948","ROAD_ADDR","A","인천광역시 서구 서달로105번길 4, 1층 (석남동)","1"
"28","인천광역시","37","성모의료기","인천광역시 서구 심곡로100번길 7-8, 1층 (심곡동)","032-207-0307","전동휠체어(가군, 나군) | 보청기 | 욕창예방방석 | 욕창예방매트리스 | 수동휠체어","인천 서해구 심곡로100번길 7-8","인천 서해구 심곡동 293","22711","서해구","126.682143708015","37.5423493584609","ROAD_ADDR","A","인천광역시 서구 심곡로100번길 7-8, 1층 (심곡동)","1"
"28","인천광역시","36","세광바이오테크","인천광역시 계양구 아나지로 175, 1층 (효성동)","032-547-1936","전동휠체어(가군, 나군) | 의료용 스쿠터 | 보청기 | 욕창예방방석 | 욕창예방매트리스 | 수동휠체어","인천 계양구 아나지로 175","인천 계양구 효성동 273-90","21112","계양구","126.711260403551","37.5255006088404","ROAD_ADDR","A","인천광역시 계양구 아나지로 175, 1층 (효성동)","1"
"28","인천광역시","35","세우의료기","인천광역시 남동구 남동대로774번길 36 (구월동)","032-469-8125","전동휠체어(가군, 나군) | 의료용 스쿠터 | 욕창예방방석 | 전방보행차 | 후방보행차 | 수동휠체어","인천 남동구 남동대로774번길 36","인천 남동구 구월동 1204-1","21565","남동구","126.710072814574","37.4511233496511","ROAD_ADDR","A","인천광역시 남동구 남동대로774번길 36 (구월동)","1"
"28","인천광역시","34","수메디칼","인천광역시 남동구 인주대로 839, 지층 (만수동)","032-461-3038","전동휠체어(가군, 나군) | 의료용 스쿠터 | 보청기","인천 남동구 인주대로 839","인천 남동구 만수동 982-6","21540","남동구","126.730619518519","37.448757438196","ROAD_ADDR","A","인천광역시 남동구 인주대로 839, 지층 (만수동)","1"
"28","인천광역시","33","신기의료기 인천만수점","인천광역시 남동구 인주대로 847, 1층 일부호 (만수동, 신성빌딩)","032-235-7300","전동휠체어(가군, 나군) | 의료용 스쿠터 | 욕창예방방석 | 욕창예방매트리스 | 이동식전동리프트 | 전방보행차 | 수동휠체어","인천 남동구 인주대로 847","인천 남동구 만수동 982","21540","남동구","126.731587403974","37.4487118866862","ROAD_ADDR","A","인천광역시 남동구 인주대로 847, 1층 일부호 (만수동, 신성빌딩)","1"
"28","인천광역시","32","신기의료기 인천점","인천광역시 미추홀구 인주대로 194, 1층 (용현동)","032-872-2407","전동휠체어(가군, 나군) | 의료용 스쿠터 | 욕창예방방석 | 욕창예방매트리스 | 이동식전동리프트 | 전방보행차 | 수동휠체어","인천 미추홀구 인주대로 194","인천 미추홀구 용현동 140-9","22182","미추홀구","126.658264267646","37.4549899749652","ROAD_ADDR","A","인천광역시 미추홀구 인주대로 194, 1층 (용현동)","1"
"28","인천광역시","31","신아의료기","인천광역시 부평구 부평대로 173 (청천동)","032-528-4064","전동휠체어(가군, 나군) | 의료용 스쿠터 | 욕창예방방석 | 욕창예방매트리스 | 이동식전동리프트 | 수동휠체어","인천 부평구 부평대로 173","인천 부평구 청천동 302-13","21364","부평구","126.720504162022","37.5067631072411","ROAD_ADDR","A","인천광역시 부평구 부평대로 173 (청천동)","1"
"28","인천광역시","30","실버드림","인천광역시 남동구 남동대로 890, 지하층 B02호 (간석동, 탑메디칼빌딩)","032-523-7282","전동휠체어(가군, 나군) | 의료용 스쿠터 | 욕창예방방석 | 욕창예방매트리스 | 이동식전동리프트 | 전방보행차 | 후방보행차 | 수동휠체어","인천 남동구 남동대로 890","인천 남동구 간석동 206-1","21545","남동구","126.708655073325","37.4618350311566","ROAD_ADDR","A","인천광역시 남동구 남동대로 890, 지하층 B02호 (간석동, 탑메디칼빌딩)","1"
"28","인천광역시","29","썬의지보조기의료기","인천광역시 부평구 부평대로 337, 5층 526호 (청천동, 부평 제이타워3차 지식산업센터)","032-517-8982","의지·보조기(교정형신발 등) | 전동휠체어(가군, 나군) | 의료용 스쿠터 | 보청기 | 욕창예방방석 | 욕창예방매트리스 | 전방보행차 | 후방보행차 | 수동휠체어","인천 부평구 부평대로 337","인천 부평구 청천동 426-1","21315","부평구","126.721197188621","37.5216746925033","ROAD_ADDR","A","인천광역시 부평구 부평대로 337, 5층 526호 (청천동, 부평 제이타워3차 지식산업센터)","1"
"28","인천광역시","28","알파케어","인천광역시 남동구 백범로 203, 106-1호 (만수동)","032-464-1483","전동휠체어(가군, 나군) | 의료용 스쿠터 | 욕창예방방석 | 욕창예방매트리스 | 이동식전동리프트 | 전방보행차 | 후방보행차 | 수동휠체어","인천 남동구 백범로 203","인천 남동구 만수동 897-2","21543","남동구","126.726196793117","37.4594529007415","ROAD_ADDR","A","인천광역시 남동구 백범로 203","2"
"28","인천광역시","27","애플의료기","인천광역시 남동구 독점로29번길 30 (구월동, 후문약국)","032-862-3378","전동휠체어(가군, 나군) | 의료용 스쿠터 | 욕창예방방석 | 욕창예방매트리스 | 이동식전동리프트 | 전방보행차 | 후방보행차 | 수동휠체어","인천 남동구 독점로29번길 30","인천 남동구 구월동 1199-4","21565","남동구","126.709279906149","37.4525226532974","ROAD_ADDR","A","인천광역시 남동구 독점로29번길 30 (구월동, 후문약국)","1"
"28","인천광역시","26","어르신이 행복한 세상","인천광역시 부평구 충선로 309, 1층 (삼산동)","032-574-0002","전동휠체어(가군, 나군) | 의료용 스쿠터 | 욕창예방방석 | 욕창예방매트리스 | 전방보행차 | 후방보행차 | 수동휠체어","인천 부평구 충선로 309","인천 부평구 삼산동 432-2","21323","부평구","126.735215334277","37.5166295422537","ROAD_ADDR","A","인천광역시 부평구 충선로 309, 1층 (삼산동)","1"
"28","인천광역시","25","연세과학의료기","인천광역시 부평구 부흥로 246, 39동 19층 1903호 (부평동, 동아아파트)","02-2677-5560","전동휠체어(가군, 나군) | 의료용 스쿠터 | 보청기","인천 부평구 부흥로 246","인천 부평구 부평동 70-125","21387","부평구","126.718586255096","37.496840492758","ROAD_ADDR","A","인천광역시 부평구 부흥로 246, 39동 19층 1903호 (부평동, 동아아파트)","1"
"28","인천광역시","24","연수복지용구","인천광역시 연수구 원인재로 212 (연수동, 연수시영1차@단지내상가402동301호)","032-811-3051","전동휠체어(가군, 나군) | 의료용 스쿠터 | 욕창예방방석 | 욕창예방매트리스 | 이동식전동리프트 | 전방보행차 | 후방보행차 | 수동휠체어","인천 연수구 원인재로 212","인천 연수구 연수동 582-2","21932","연수구","126.687502992045","37.4150145020108","ROAD_ADDR","A","인천광역시 연수구 원인재로 212 (연수동, 연수시영1차@단지내상가402동301호)","1"
"28","인천광역시","23","예인의료기","인천광역시 계양구 향교로 11, 1층 (계산동)","010-7912-4415","전동휠체어(가군, 나군) | 의료용 스쿠터 | 욕창예방방석 | 욕창예방매트리스 | 이동식전동리프트 | 전방보행차 | 후방보행차 | 수동휠체어","인천 계양구 향교로 11","인천 계양구 계산동 982-10","21054","계양구","126.719988798156","37.5391122849945","ROAD_ADDR","A","인천광역시 계양구 향교로 11, 1층 (계산동)","1"
"28","인천광역시","22","원강메디텍","인천광역시 남동구 인주대로 878, 104호 (만수동, 광해빌딩)","032-461-7138","전동휠체어(가군, 나군) | 의료용 스쿠터 | 욕창예방방석 | 욕창예방매트리스 | 이동식전동리프트 | 수동휠체어","인천 남동구 인주대로 878","인천 남동구 만수동 1073-2","21591","남동구","126.734836000807","37.4480209359087","ROAD_ADDR","A","인천광역시 남동구 인주대로 878, 104호 (만수동, 광해빌딩)","1"
"28","인천광역시","21","웰러스코리아","인천광역시 미추홀구 아암대로29번길 86, 2층 (용현동, 백제당빌딩)","032-881-3965","전동휠체어(가군, 나군) | 의료용 스쿠터 | 보청기 | 수동휠체어","인천 미추홀구 아암대로29번길 86","인천 미추홀구 용현동 565-2","22175","미추홀구","126.640903617026","37.45631794274","ROAD_ADDR","A","인천광역시 미추홀구 아암대로29번길 86, 2층 (용현동, 백제당빌딩)","1"
"28","인천광역시","20","이레케어","인천광역시 계양구 장제로933번길 11, 1층 (방축동)","070-7797-8844","전동휠체어(가군, 나군) | 의료용 스쿠터 | 욕창예방방석 | 이동식전동리프트 | 수동휠체어","인천 계양구 장제로933번길 11","인천 계양구 방축동 117-2","21026","계양구","126.740738605895","37.5503564419051","ROAD_ADDR","A","인천광역시 계양구 장제로933번길 11, 1층 (방축동)","1"
"28","인천광역시","19","인천재가노인복지센터","인천광역시 동구 송림로 78, 6층 (송림동, 신협)","032-766-8881","전동휠체어(가군, 나군) | 의료용 스쿠터","인천 제물포구 송림로 78","인천 제물포구 송림동 57-2","22556","제물포구","126.643549512206","37.4752176323232","ROAD_ADDR","A","인천광역시 동구 송림로 78, 6층 (송림동, 신협)","1"
"28","인천광역시","18","장수의료기상사","인천광역시 미추홀구 경원대로 865, 102호 (, 메디프렌드주안센터)","032-503-1133","전동휠체어(가군, 나군) | 의료용 스쿠터 | 보청기 | 수동휠체어","인천 미추홀구 경원대로 865","인천 미추홀구 주안동 989-5","22134","미추홀구","126.689120394406","37.4600541479251","ROAD_ADDR","A","인천광역시 미추홀구 경원대로 865, 102호 (, 메디프렌드주안센터)","1"
"28","인천광역시","17","장수케어","인천광역시 서구 청라한내로100번길 10 ,411,412-A312호 (청라동, 청라 큐브시그니처 1차 오피스텔)","032-1800-9433","전동휠체어(가군, 나군) | 의료용 스쿠터 | 욕창예방방석 | 욕창예방매트리스 | 이동식전동리프트 | 수동휠체어","인천 서해구 청라한내로100번길 10","인천 서해구 청라동 95-1","22758","서해구","126.628558498776","37.533820552889","ROAD_ADDR","A","인천광역시 서구 청라한내로100번길 10","2"
"28","인천광역시","16","정다운노인요양센터 복지용구사업소","인천광역시 남동구 경인로 596 (간석동)","032-425-0530","전동휠체어(가군, 나군) | 의료용 스쿠터 | 보청기 | 욕창예방방석 | 욕창예방매트리스 | 이동식전동리프트 | 전방보행차 | 후방보행차 | 수동휠체어","인천 남동구 경인로 596","인천 남동구 간석동 432-4","21550","남동구","126.704034783247","37.4642738429109","ROAD_ADDR","A","인천광역시 남동구 경인로 596 (간석동)","1"
"28","인천광역시","15","종로의료기","인천광역시 중구 개항로 81-1 (경동, 종로의료기)","032-764-8282","전동휠체어(가군, 나군) | 의료용 스쿠터 | 보청기 | 욕창예방방석 | 욕창예방매트리스 | 수동휠체어","인천 제물포구 개항로 81-1","인천 제물포구 경동 213","22318","제물포구","126.631479991686","37.4720193384414","ROAD_ADDR","A","인천광역시 중구 개항로 81-1 (경동, 종로의료기)","1"
"28","인천광역시","14","주식회사 비즈너리","인천광역시 계양구 경명대로1029번길 27, 2층 (계산동)","02-569-5005","전동휠체어(가군, 나군) | 의료용 스쿠터 | 욕창예방방석 | 욕창예방매트리스 | 이동식전동리프트 | 수동휠체어","인천 계양구 경명대로1029번길 27","인천 계양구 계산동 897-42","21037","계양구","126.721307374212","37.5462704903019","ROAD_ADDR","A","인천광역시 계양구 경명대로1029번길 27, 2층 (계산동)","1"
"28","인천광역시","13","주식회사 시니어스코리아","인천광역시 부평구 항동로 149, A동 2층 (일신동)","032-527-4634","전동휠체어(가군, 나군) | 의료용 스쿠터 | 욕창예방방석 | 욕창예방매트리스 | 이동식전동리프트 | 전방보행차 | 수동휠체어","인천 부평구 항동로 149","인천 부평구 일신동 79-10","21418","부평구","126.750149089968","37.4815188648197","ROAD_ADDR","A","인천광역시 부평구 항동로 149, A동 2층 (일신동)","1"
"28","인천광역시","12","주식회사 웰케어","인천광역시 미추홀구 인하로330번길 5-3 (주안동)","032-422-0140","전동휠체어(가군, 나군) | 의료용 스쿠터 | 보청기 | 욕창예방방석 | 욕창예방매트리스 | 수동휠체어","인천 미추홀구 인하로330번길 5-3","인천 미추홀구 주안동 1498-12","22229","미추홀구","126.684979477342","37.4477090814717","ROAD_ADDR","A","인천광역시 미추홀구 인하로330번길 5-3 (주안동)","1"
"28","인천광역시","11","지피e바이크","인천광역시 남동구 장자북로 32, 1층 (장수동)","032-715-4006","전동휠체어(가군, 나군) | 의료용 스쿠터","인천 남동구 장자북로 32","인천 남동구 장수동 778-8","21532","남동구","126.75348977868","37.4515144416989","ROAD_ADDR","A","인천광역시 남동구 장자북로 32, 1층 (장수동)","1"
"28","인천광역시","10","창대헬스케어","인천광역시 남동구 앵고개로934번길 5, 2층 204-1호 (논현동, 씨티짱)","032-461-0958","전동휠체어(가군, 나군) | 의료용 스쿠터 | 욕창예방방석 | 욕창예방매트리스 | 이동식전동리프트 | 전방보행차 | 후방보행차 | 수동휠체어","인천 남동구 앵고개로934번길 5","인천 남동구 논현동 673-2","21673","남동구","126.73514515768","37.4018475807378","ROAD_ADDR","A","인천광역시 남동구 앵고개로934번길 5, 2층 204-1호 (논현동, 씨티짱)","1"
"28","인천광역시","9","케어114","인천광역시 부평구 장제로 170, 1층 (부평동, 금호베스트빌아파트)","032-556-4114","전동휠체어(가군, 나군) | 의료용 스쿠터 | 보청기 | 욕창예방방석 | 욕창예방매트리스 | 이동식전동리프트 | 전방보행차 | 후방보행차 | 수동휠체어","인천 부평구 장제로 170","인천 부평구 부평동 124-3","21353","부평구","126.731079327829","37.5004815360661","ROAD_ADDR","A","인천광역시 부평구 장제로 170, 1층 (부평동, 금호베스트빌아파트)","1"
"28","인천광역시","8","케어마트","인천광역시 서구 가정로152번길 10, 1층 (가좌동)","010-8000-5500","전동휠체어(가군, 나군) | 의료용 스쿠터 | 욕창예방방석 | 욕창예방매트리스 | 이동식전동리프트 | 수동휠체어","인천 서해구 가정로152번길 10","인천 서해구 가좌동 114-3","22833","서해구","126.672933775422","37.4981001040431","ROAD_ADDR","A","인천광역시 서구 가정로152번길 10, 1층 (가좌동)","1"
"28","인천광역시","7","케이로드","인천광역시 미추홀구 주안로 182, 103호 (주안동, 해마루 더펠리체)","010-5355-6248","전동휠체어(가군, 나군) | 의료용 스쿠터","인천 미추홀구 주안로 182","인천 미추홀구 주안동 928-8","22143","미추홀구","126.690183113823","37.4631995664577","ROAD_ADDR","A","인천광역시 미추홀구 주안로 182, 103호 (주안동, 해마루 더펠리체)","1"
"28","인천광역시","6","푸른의료기상사","인천광역시 남동구 인주대로 857 (만수동, 삼환상가)","032-464-4994","전동휠체어(가군, 나군) | 의료용 스쿠터 | 보청기","인천 남동구 인주대로 857","인천 남동구 만수동 983-1","21540","남동구","126.732648409789","37.4497461296807","ROAD_ADDR","A","인천광역시 남동구 인주대로 857 (만수동, 삼환상가)","1"
"28","인천광역시","5","플러스케어","인천광역시 강화군 강화대로 186 (강화읍, 봉학수사무소)","010-6275-6932","전동휠체어(가군, 나군) | 의료용 스쿠터 | 욕창예방방석 | 욕창예방매트리스 | 이동식전동리프트 | 수동휠체어","인천 강화군 강화읍 강화대로 186","인천 강화군 강화읍 용정리 664-1","23026","강화군","126.508864463171","37.7391623705893","ROAD_ADDR","A","인천광역시 강화군 강화대로 186 (강화읍, 봉학수사무소)","1"
"28","인천광역시","4","한마음케어","인천광역시 남동구 구월말로85번길 17-10, 1층 (만수동)","032-464-8968","전동휠체어(가군, 나군) | 의료용 스쿠터 | 욕창예방방석 | 욕창예방매트리스 | 이동식전동리프트 | 전방보행차 | 후방보행차 | 수동휠체어","인천 남동구 구월말로85번길 17-10","인천 남동구 만수동 907-12","21542","남동구","126.724021812504","37.4562792602711","ROAD_ADDR","A","인천광역시 남동구 구월말로85번길 17-10, 1층 (만수동)","1"
"28","인천광역시","3","한일실버케어","인천광역시 부평구 갈월동로29번길 40-12 (갈산동)","032-330-1418","전동휠체어(가군, 나군) | 의료용 스쿠터 | 욕창예방방석 | 욕창예방매트리스 | 수동휠체어","인천 부평구 갈월동로29번길 40-12","인천 부평구 갈산동 371-3","21336","부평구","126.728008513723","37.5097936664881","ROAD_ADDR","A","인천광역시 부평구 갈월동로29번길 40-12 (갈산동)","1"
"28","인천광역시","2","헬스마일 인천계양점","인천광역시 계양구 장제로 718, 1층 106호 (작전동, 상록메디컬센터)","032-548-1302","전동휠체어(가군, 나군) | 의료용 스쿠터 | 욕창예방방석 | 욕창예방매트리스 | 전방보행차 | 수동휠체어","인천 계양구 장제로 718","인천 계양구 작전동 901-1","21079","계양구","126.734282839721","37.5318382184468","ROAD_ADDR","A","인천광역시 계양구 장제로 718, 1층 106호 (작전동, 상록메디컬센터)","1"
"28","인천광역시","1","힐링케어","인천광역시 남동구 매소홀로 1108, 3층 303호 (서창동, 서창프라자)","032-233-3817","전동휠체어(가군, 나군) | 의료용 스쿠터 | 욕창예방방석 | 욕창예방매트리스 | 수동휠체어","인천 남동구 매소홀로 1108","인천 남동구 서창동 554-1","21604","남동구","126.745723286978","37.4381610240649","ROAD_ADDR","A","인천광역시 남동구 매소홀로 1108, 3층 303호 (서창동, 서창프라자)","1"
"30","대전광역시","69","(주)국민복지환경","대전광역시 동구 신기로 42 (가오동)","042-625-4054","전동휠체어(가군, 나군) | 의료용 스쿠터","대전 동구 신기로 42","대전 동구 가오동 402-2","34691","동구","127.451494746618","36.3085328928195","ROAD_ADDR","A","대전광역시 동구 신기로 42 (가오동)","1"
"30","대전광역시","68","(주)대전노인요양복지센터","대전광역시 중구 동서대로 1223, 2층 (태평동)","042-533-5380","전동휠체어(가군, 나군) | 의료용 스쿠터 | 욕창예방방석 | 욕창예방매트리스 | 이동식전동리프트 | 수동휠체어","대전 중구 동서대로 1223","대전 중구 태평동 376-12","34881","중구","127.395685508667","36.3262370380548","ROAD_ADDR","A","대전광역시 중구 동서대로 1223, 2층 (태평동)","1"
"30","대전광역시","67","(주)또하나의가족대전센터","대전광역시 유성구 학하중앙로127번길 10-19, 1층 1호 (학하동)","042-628-8111","전동휠체어(가군, 나군) | 의료용 스쿠터 | 욕창예방방석 | 욕창예방매트리스 | 수동휠체어","대전 유성구 학하중앙로127번길 10-19","대전 유성구 학하동 715-5","34210","유성구","127.307898441494","36.341430839501","ROAD_ADDR","A","대전광역시 유성구 학하중앙로127번길 10-19, 1층 1호 (학하동)","1"
"30","대전광역시","66","(주)한국엠.케어","대전광역시 서구 정림로 55 (정림동, 우성아파트 상가동202호)","042-586-5333","전동휠체어(가군, 나군) | 의료용 스쿠터 | 욕창예방방석 | 욕창예방매트리스 | 수동휠체어","대전 서구 정림로 55","대전 서구 정림동 584","35397","서구","127.365081126346","36.3045717305302","ROAD_ADDR","A","대전광역시 서구 정림로 55 (정림동, 우성아파트 상가동202호)","1"
"30","대전광역시","65","가장 좋은 복지용구","대전광역시 서구 월평동로 45 진달래 상가동, B07호 (월평동, 진달래아파트)","0507-1412-4955","전동휠체어(가군, 나군) | 의료용 스쿠터 | 욕창예방방석 | 욕창예방매트리스 | 이동식전동리프트 | 수동휠체어","대전 서구 월평동로 45","대전 서구 월평동 312-1","35217","서구","127.365742858289","36.3586485129233","ROAD_ADDR","A","대전광역시 서구 월평동로 45 진달래 상가동, B07호 (월평동, 진달래아파트)","1"
"30","대전광역시","64","거산의료기","대전광역시 중구 중교로 5 (대흥동)","042-255-1153","전동휠체어(가군, 나군) | 의료용 스쿠터 | 욕창예방방석 | 욕창예방매트리스 | 수동휠체어","대전 중구 중교로 5","대전 중구 대흥동 502-2","34940","중구","127.420560914682","36.3243538021045","ROAD_ADDR","A","대전광역시 중구 중교로 5 (대흥동)","1"
"30","대전광역시","63","건강한100세하나복지용구","대전광역시 유성구 문화원로146번길 7-28, 101호 (봉명동, 위드리버 주상복합아파트)","042-823-8321","전동휠체어(가군, 나군) | 의료용 스쿠터 | 욕창예방방석 | 욕창예방매트리스 | 이동식전동리프트 | 전방보행차 | 후방보행차 | 수동휠체어","대전 유성구 문화원로146번길 7-28","대전 유성구 봉명동 678-4","34185","유성구","127.353079032892","36.3570661131012","ROAD_ADDR","A","대전광역시 유성구 문화원로146번길 7-28, 101호 (봉명동, 위드리버 주상복합아파트)","1"
"30","대전광역시","62","건양의료기","대전광역시 서구 관저동로 170, 1층 125호 (관저동, 건양 타워)","042-542-5858","전동휠체어(가군, 나군) | 의료용 스쿠터 | 보청기 | 욕창예방방석 | 욕창예방매트리스 | 이동식전동리프트 | 전방보행차 | 후방보행차 | 수동휠체어","대전 서구 관저동로 170","대전 서구 관저동 1896","35365","서구","127.341157141043","36.3073011518925","ROAD_ADDR","A","대전광역시 서구 관저동로 170, 1층 125호 (관저동, 건양 타워)","1"
"30","대전광역시","61","경복복지의료기","대전광역시 중구 대둔산로414번길 49 (산성동)","042-226-1638","전동휠체어(가군, 나군) | 의료용 스쿠터 | 욕창예방방석 | 욕창예방매트리스 | 수동휠체어","대전 중구 대둔산로414번길 49","대전 중구 산성동 288-23","35011","중구","127.389533455336","36.3063130551472","ROAD_ADDR","A","대전광역시 중구 대둔산로414번길 49 (산성동)","1"
"30","대전광역시","60","경희의료기","대전광역시 서구 문정로 6, 층동 (탄방동, 국민연금관리공단１)","042-484-5670","전동휠체어(가군, 나군) | 의료용 스쿠터 | 욕창예방방석 | 욕창예방매트리스 | 이동식전동리프트 | 전방보행차 | 후방보행차 | 수동휠체어","대전 서구 문정로 6","대전 서구 탄방동 608","35261","서구","127.38088666145","36.3448591848751","ROAD_ADDR","A","대전광역시 서구 문정로 6, 층동 (탄방동, 국민연금관리공단１)","1"
"30","대전광역시","59","계룡의료기","대전광역시 중구 계백로 1583 (유천동)","042-523-3840","전동휠체어(가군, 나군) | 의료용 스쿠터 | 보청기 | 수동휠체어","대전 중구 계백로 1583","대전 중구 유천동 209-84","34891","중구","127.395947890599","36.3183107531593","ROAD_ADDR","A","대전광역시 중구 계백로 1583 (유천동)","1"
"30","대전광역시","58","국제오토바이","대전광역시 동구 대전로900번길 2 (삼성동, 국제오토바이)","042-625-8300","전동휠체어(가군, 나군) | 의료용 스쿠터","대전 동구 대전로900번길 2","대전 동구 삼성동 296-17","34621","동구","127.428623142102","36.339070027685","ROAD_ADDR","A","대전광역시 동구 대전로900번길 2 (삼성동, 국제오토바이)","1"
"30","대전광역시","57","근로복지공단 재활공학연구소 대전서비스센터","대전시 대덕구 법1동(법동) 285-3번지 대전산재병원","042-670-5480","의지·보조기(교정형신발 등) | 전동휠체어(가군, 나군) | 의료용 스쿠터 | 욕창예방방석 | 욕창예방매트리스 | 이동식전동리프트 | 수동휠체어","대전 대덕구 계족로 637","대전 대덕구 법동 285-3","34384","대덕구","127.428500232792","36.3685766696295","REGION_ADDR","A","대전시 대덕구 법1동(법동) 285-3번지 대전산재병원","1"
"30","대전광역시","56","나노 메디케어","대전광역시 동구 태전로 52, 6층 604호 (삼성동, 재단법인 인터알리아공익재단)","042-585-3757","의지·보조기(교정형신발 등) | 전동휠체어(가군, 나군) | 의료용 스쿠터 | 욕창예방방석 | 욕창예방매트리스 | 전방보행차 | 후방보행차 | 수동휠체어","대전 동구 태전로 52","대전 동구 삼성동 272-9","34623","동구","127.428378118327","36.3348441233169","ROAD_ADDR","A","대전광역시 동구 태전로 52, 6층 604호 (삼성동, 재단법인 인터알리아공익재단)","1"
"30","대전광역시","55","나래메디칼","대전광역시 대덕구 우암로 474, 2층 202호 (비래동)","042-628-4869","전동휠체어(가군, 나군) | 의료용 스쿠터 | 욕창예방방석 | 욕창예방매트리스 | 이동식전동리프트 | 수동휠체어","대전 대덕구 우암로 474","대전 대덕구 비래동 131-3","34414","대덕구","127.450062243425","36.3588455823664","ROAD_ADDR","A","대전광역시 대덕구 우암로 474, 2층 202호 (비래동)","1"
"30","대전광역시","54","노인장기요양기관지원센터","대전광역시 동구 대전로 706, 109호 (인동, 동구인동 참좋은 아파트)","042-282-4164","전동휠체어(가군, 나군) | 의료용 스쿠터 | 욕창예방방석 | 욕창예방매트리스 | 수동휠체어","대전 동구 대전로 706","대전 동구 인동 18-1","34632","동구","127.437392034664","36.3233772608017","ROAD_ADDR","A","대전광역시 동구 대전로 706, 109호 (인동, 동구인동 참좋은 아파트)","1"
"30","대전광역시","53","대세엠케어","대전광역시 중구 선화로12번길 32, 1층 (용두동)","042-331-7630","전동휠체어(가군, 나군) | 의료용 스쿠터 | 욕창예방방석 | 욕창예방매트리스 | 이동식전동리프트 | 전방보행차 | 후방보행차 | 수동휠체어","대전 중구 선화로12번길 32","대전 중구 용두동 19-1","34869","중구","127.412136300243","36.3239146245439","ROAD_ADDR","A","대전광역시 중구 선화로12번길 32, 1층 (용두동)","1"
"30","대전광역시","52","대전배터리의료기종합설비","대전광역시 중구 신기로 1, 1층 (석교동)","042-626-6691","전동휠체어(가군, 나군) | 의료용 스쿠터 | 욕창예방방석 | 욕창예방매트리스 | 이동식전동리프트 | 전방보행차 | 후방보행차 | 수동휠체어","대전 중구 신기로 1","대전 중구 석교동 85-14","35037","중구","127.447667249501","36.3069449901836","ROAD_ADDR","A","대전광역시 중구 신기로 1, 1층 (석교동)","1"
"30","대전광역시","51","대전세종의료기","대전광역시 중구 대종로593번길 48 (선화동)","010-3405-8083","전동휠체어(가군, 나군) | 의료용 스쿠터 | 욕창예방방석 | 욕창예방매트리스 | 전방보행차 | 수동휠체어","대전 중구 대종로593번길 48","대전 중구 선화동 163-5","34843","중구","127.416107370035","36.333338443256","ROAD_ADDR","A","대전광역시 중구 대종로593번길 48 (선화동)","1"
"30","대전광역시","50","대전우리휠체어","대전광역시 동구 계족로368번길 60 (성남동, 금암종합건설)","042-621-0344","전동휠체어(가군, 나군) | 의료용 스쿠터 | 욕창예방방석 | 욕창예방매트리스 | 이동식전동리프트 | 수동휠체어","대전 동구 계족로368번길 60","대전 동구 성남동 9-198","34590","동구","127.437035174243","36.3445849383108","ROAD_ADDR","A","대전광역시 동구 계족로368번길 60 (성남동, 금암종합건설)","1"
"30","대전광역시","49","대전의료기센터","대전광역시 서구 제비네1길 117, 1층 (도마동)","010-7664-0731","전동휠체어(가군, 나군) | 의료용 스쿠터 | 욕창예방방석 | 욕창예방매트리스 | 이동식전동리프트 | 수동휠체어","대전 서구 제비네1길 117","대전 서구 도마동 153-14","35335","서구","127.373906622472","36.3153998137492","ROAD_ADDR","A","대전광역시 서구 제비네1길 117, 1층 (도마동)","1"
"30","대전광역시","48","대전지점","대전광역시 유성구 복용남로 55 (복용동)","042-628-8111","전동휠체어(가군, 나군) | 의료용 스쿠터 | 보청기 | 욕창예방방석 | 욕창예방매트리스 | 전방보행차 | 수동휠체어","대전 유성구 복용남로 55","대전 유성구 복용동 592-8","34161","유성구","127.312593581013","36.3411260382735","ROAD_ADDR","A","대전광역시 유성구 복용남로 55 (복용동)","1"
"30","대전광역시","47","대한의료기","대전광역시 서구 도산로 393, 1층 (탄방동)","010-5452-9995","전동휠체어(가군, 나군) | 의료용 스쿠터 | 욕창예방방석 | 욕창예방매트리스 | 이동식전동리프트 | 전방보행차 | 수동휠체어","대전 서구 도산로 393","대전 서구 탄방동 78-26","35264","서구","127.393931108782","36.3390898348355","ROAD_ADDR","A","대전광역시 서구 도산로 393, 1층 (탄방동)","1"
"30","대전광역시","46","동남의지","대전광역시 중구 수침로92번길 9-13, 1층 (태평동)","042-255-1306","의지·보조기(교정형신발 등) | 전동휠체어(가군, 나군) | 의료용 스쿠터 | 수동휠체어","대전 중구 수침로92번길 9-13","대전 중구 태평동 257-7","34883","중구","127.399722380408","36.3282580150979","ROAD_ADDR","A","대전광역시 중구 수침로92번길 9-13, 1층 (태평동)","1"
"30","대전광역시","45","둔산의료기","대전광역시 서구 대덕대로242번길 26 (둔산동)","042-489-4447","전동휠체어(가군, 나군) | 의료용 스쿠터 | 보청기 | 욕창예방방석 | 욕창예방매트리스 | 이동식전동리프트 | 전방보행차 | 후방보행차 | 수동휠체어","대전 서구 대덕대로242번길 26","대전 서구 둔산동 1339","35233","서구","127.38097197399","36.3541393941155","ROAD_ADDR","A","대전광역시 서구 대덕대로242번길 26 (둔산동)","1"
"30","대전광역시","44","라온케어","대전광역시 서구 배재로 116, 2층 (도마동)","010-2924-0579","전동휠체어(가군, 나군) | 의료용 스쿠터","대전 서구 배재로 116","대전 서구 도마동 349-8","35338","서구","127.371389926219","36.3189935453404","ROAD_ADDR","A","대전광역시 서구 배재로 116, 2층 (도마동)","1"
"30","대전광역시","43","라파복지용구센터","대전광역시 중구 계백로1615번길 56 진호빌딩, 402호 (유천동)","042-535-0624","전동휠체어(가군, 나군) | 의료용 스쿠터 | 욕창예방방석 | 욕창예방매트리스 | 전방보행차 | 후방보행차 | 수동휠체어","대전 중구 계백로1615번길 56","대전 중구 유천동 10-3","34897","중구","127.39875994885","36.321446880675","ROAD_ADDR","A","대전광역시 중구 계백로1615번길 56 진호빌딩, 402호 (유천동)","1"
"30","대전광역시","42","미래건강유통","대전광역시 동구 대전로 799-1 (중동)","042-224-8585","전동휠체어(가군, 나군) | 의료용 스쿠터 | 욕창예방방석 | 욕창예방매트리스 | 이동식전동리프트 | 전방보행차","대전 동구 대전로 799-1","대전 동구 중동 77-17","34628","동구","127.43247814966","36.3309308706392","ROAD_ADDR","A","대전광역시 동구 대전로 799-1 (중동)","1"
"30","대전광역시","41","미래종합상사","대전광역시 대덕구 계족로 637 (법동, 근로복지공단 대전병원)","042-472-5986","전동휠체어(가군, 나군) | 의료용 스쿠터 | 수동휠체어","대전 대덕구 계족로 637","대전 대덕구 법동 285-3","34384","대덕구","127.427893917601","36.3692226389729","ROAD_ADDR","A","대전광역시 대덕구 계족로 637 (법동, 근로복지공단 대전병원)","1"
"30","대전광역시","40","백세메디칼","대전광역시 서구 신갈마로 121, 102호 (갈마동)","010-5429-7123","의지·보조기(교정형신발 등) | 전동휠체어(가군, 나군) | 의료용 스쿠터 | 욕창예방방석 | 욕창예방매트리스 | 이동식전동리프트 | 전방보행차 | 수동휠체어","대전 서구 신갈마로 121","대전 서구 갈마동 392-13","35281","서구","127.368313709459","36.3444692761327","ROAD_ADDR","A","대전광역시 서구 신갈마로 121, 102호 (갈마동)","1"
"30","대전광역시","39","보성의료기","대전광역시 중구 유천로 52, 1층 (유천동)","042-535-7330","전동휠체어(가군, 나군) | 의료용 스쿠터 | 욕창예방방석 | 욕창예방매트리스 | 이동식전동리프트 | 전방보행차 | 수동휠체어","대전 중구 유천로 52","대전 중구 유천동 213-24","34966","중구","127.398067851931","36.3173116941893","ROAD_ADDR","A","대전광역시 중구 유천로 52, 1층 (유천동)","1"
"30","대전광역시","38","새둔산의료기","대전광역시 중구 계룡로920번길 36, 101층 (대사동)","042-226-3363","전동휠체어(가군, 나군) | 의료용 스쿠터 | 보청기 | 욕창예방방석 | 욕창예방매트리스 | 전방보행차 | 수동휠체어","대전 중구 계룡로920번길 36","대전 중구 대사동 248-207","34964","중구","127.415153027077","36.3187380908028","ROAD_ADDR","A","대전광역시 중구 계룡로920번길 36, 101층 (대사동)","1"
"30","대전광역시","37","새론복지용구","대전광역시 중구 선화서로23번길 17, 101호 (선화동)","010-4254-2788","전동휠체어(가군, 나군) | 의료용 스쿠터 | 욕창예방방석 | 욕창예방매트리스 | 수동휠체어","대전 중구 선화서로23번길 17","대전 중구 선화동 387-1","34865","중구","127.418232745102","36.325781235493","ROAD_ADDR","A","대전광역시 중구 선화서로23번길 17, 101호 (선화동)","1"
"30","대전광역시","36","새롬의료기","대전광역시 중구 보문로 233, 1층 (대흥동)","042-484-4790","전동휠체어(가군, 나군) | 의료용 스쿠터 | 욕창예방방석 | 욕창예방매트리스 | 이동식전동리프트 | 전방보행차 | 수동휠체어","대전 중구 보문로 233","대전 중구 대흥동 508-64","34941","중구","127.422533378938","36.32343575528","ROAD_ADDR","A","대전광역시 중구 보문로 233, 1층 (대흥동)","1"
"30","대전광역시","35","서울의지연구소","대전광역시 중구 문화로 170, 4층 (문화동)","042-255-2032","의지·보조기(교정형신발 등) | 전동휠체어(가군, 나군) | 의료용 스쿠터 | 전방보행차 | 수동휠체어","대전 중구 문화로 170","대전 중구 문화동 374-16","34998","중구","127.404205026795","36.3140745200247","ROAD_ADDR","A","대전광역시 중구 문화로 170, 4층 (문화동)","1"
"30","대전광역시","34","성모의료기.조은소리보청기","대전광역시 중구 충무로15번길 90 (대흥동)","042-532-2222","전동휠체어(가군, 나군) | 의료용 스쿠터 | 보청기 | 욕창예방방석 | 욕창예방매트리스 | 전방보행차 | 수동휠체어","대전 중구 충무로15번길 90","대전 중구 대흥동 519-50","34943","중구","127.420736936291","36.3220658133716","ROAD_ADDR","A","대전광역시 중구 충무로15번길 90 (대흥동)","1"
"30","대전광역시","33","신기의료기 대전점","대전광역시 서구 가수원로 106 상가 제6호동, 1층 101호 (가수원동, 은아아파트3단지)","042-543-3740","전동휠체어(가군, 나군) | 의료용 스쿠터 | 욕창예방방석 | 욕창예방매트리스 | 이동식전동리프트 | 전방보행차 | 수동휠체어","대전 서구 가수원로 106","대전 서구 가수원동 762","35386","서구","127.350468700537","36.3037425730492","ROAD_ADDR","A","대전광역시 서구 가수원로 106 상가 제6호동, 1층 101호 (가수원동, 은아아파트3단지)","1"
"30","대전광역시","32","신기의료기 대전중구점","대전광역시 중구 유천로132번길 51 (태평동)","042-533-0055","전동휠체어(가군, 나군) | 의료용 스쿠터 | 욕창예방방석 | 욕창예방매트리스 | 이동식전동리프트 | 전방보행차 | 수동휠체어","대전 중구 유천로132번길 51","대전 중구 태평동 327-21","34893","중구","127.398198555706","36.324968124456","ROAD_ADDR","A","대전광역시 중구 유천로132번길 51 (태평동)","1"
"30","대전광역시","31","신남케어","대전광역시 중구 대전천서로163번길 65, 1층 (석교동)","042-271-6565","전동휠체어(가군, 나군) | 의료용 스쿠터 | 욕창예방방석 | 욕창예방매트리스 | 이동식전동리프트 | 전방보행차 | 후방보행차 | 수동휠체어","대전 중구 대전천서로163번길 65","대전 중구 석교동 75-9","35036","중구","127.44381362413","36.3104838694748","ROAD_ADDR","A","대전광역시 중구 대전천서로163번길 65, 1층 (석교동)","1"
"30","대전광역시","30","신용의수족보조기상사","대전광역시 동구 역전3길 1 (정동)","042-254-6763","의지·보조기(교정형신발 등) | 전동휠체어(가군, 나군) | 의료용 스쿠터 | 이동식전동리프트 | 수동휠체어","대전 동구 역전3길 1","대전 동구 정동 3-211","34626","동구","127.431397250492","36.3345673268665","ROAD_ADDR","A","대전광역시 동구 역전3길 1 (정동)","1"
"30","대전광역시","29","어르신이행복한세상","대전광역시 서구 도마로 80 (도마동)","042-531-4595","전동휠체어(가군, 나군) | 의료용 스쿠터 | 욕창예방방석 | 욕창예방매트리스 | 이동식전동리프트 | 수동휠체어","대전 서구 도마로 80","대전 서구 도마동 70-19","35330","서구","127.378846416775","36.3220102752637","ROAD_ADDR","A","대전광역시 서구 도마로 80 (도마동)","1"
"30","대전광역시","28","에스의료기","대전광역시 서구 월평중로13번길 109, 103호 (월평동)","042-484-1305","전동휠체어(가군, 나군) | 의료용 스쿠터 | 욕창예방방석 | 이동식전동리프트 | 수동휠체어","대전 서구 월평중로13번길 109","대전 서구 월평동 1128","35225","서구","127.358592405987","36.354438810593","ROAD_ADDR","A","대전광역시 서구 월평중로13번길 109, 103호 (월평동)","1"
"30","대전광역시","27","예스복지용구","대전광역시 동구 계족로 184-48, 102호 (대동)","042-622-5174","전동휠체어(가군, 나군) | 의료용 스쿠터 | 욕창예방방석 | 욕창예방매트리스 | 이동식전동리프트 | 전방보행차 | 후방보행차 | 수동휠체어","대전 동구 계족로 184-48","대전 동구 대동 66-8","34610","동구","127.443750122931","36.3317330527277","ROAD_ADDR","A","대전광역시 동구 계족로 184-48, 102호 (대동)","1"
"30","대전광역시","26","월드케어","대전광역시 동구 역전5길 3, 1층 (정동)","042-222-4522","의지·보조기(교정형신발 등) | 전동휠체어(가군, 나군) | 의료용 스쿠터 | 욕창예방방석 | 욕창예방매트리스 | 이동식전동리프트 | 전방보행차 | 후방보행차 | 수동휠체어","대전 동구 역전5길 3","대전 동구 정동 3-181","34626","동구","127.431121764564","36.3353077354917","ROAD_ADDR","A","대전광역시 동구 역전5길 3, 1층 (정동)","1"
"30","대전광역시","25","유성메디칼","대전광역시 중구 계백로1566번길 89, 1층 (유천동)","042-825-1231","전동휠체어(가군, 나군) | 의료용 스쿠터 | 전방보행차 | 수동휠체어","대전 중구 계백로1566번길 89","대전 중구 유천동 296-26","34984","중구","127.395757862636","36.3136523737949","ROAD_ADDR","A","대전광역시 중구 계백로1566번길 89, 1층 (유천동)","1"
"30","대전광역시","24","이유(E U)메디텍","대전광역시 서구 도솔로 425, 2층 (탄방동)","042-536-7572","전동휠체어(가군, 나군) | 의료용 스쿠터 | 수동휠체어","대전 서구 도솔로 425","대전 서구 탄방동 62-13","35256","서구","127.391568137605","36.3435849158958","ROAD_ADDR","A","대전광역시 서구 도솔로 425, 2층 (탄방동)","1"
"30","대전광역시","23","인메디케어(In Medicare)","대전광역시 유성구 테크노4로 17, D동 211호 (관평동, 비즈센터)","042-253-3010","의지·보조기(교정형신발 등) | 전동휠체어(가군, 나군) | 의료용 스쿠터 | 자세보조용구 | 욕창예방방석 | 욕창예방매트리스 | 이동식전동리프트 | 전방보행차 | 후방보행차 | 수동휠체어","대전 유성구 테크노4로 17","대전 유성구 관평동 684","34013","유성구","127.394998412363","36.4323837260301","ROAD_ADDR","A","대전광역시 유성구 테크노4로 17, D동 211호 (관평동, 비즈센터)","1"
"30","대전광역시","22","장애인 의수족 보조기","대전광역시 동구 대전로815번길 78 (정동)","042-222-8182","의지·보조기(교정형신발 등) | 전동휠체어(가군, 나군) | 의료용 스쿠터 | 수동휠체어","대전 동구 대전로815번길 78","대전 동구 정동 6-13","34625","동구","127.429902224309","36.3351418963847","ROAD_ADDR","A","대전광역시 동구 대전로815번길 78 (정동)","1"
"30","대전광역시","21","전동백화점","대전광역시 중구 계룡로 833, 1층 (용두동)","042-255-6767","전동휠체어(가군, 나군) | 의료용 스쿠터 | 수동휠체어","대전 중구 계룡로 833","대전 중구 용두동 33-3","34857","중구","127.408276957505","36.3262274046646","ROAD_ADDR","A","대전광역시 중구 계룡로 833, 1층 (용두동)","1"
"30","대전광역시","20","정인의료기","대전광역시 중구 태평로 148, B1층 (태평동)","042-542-8720","전동휠체어(가군, 나군) | 의료용 스쿠터 | 욕창예방방석 | 욕창예방매트리스 | 수동휠체어","대전 중구 태평로 148","대전 중구 태평동 346-10","34877","중구","127.396791112299","36.3295842224151","ROAD_ADDR","A","대전광역시 중구 태평로 148, B1층 (태평동)","1"
"30","대전광역시","19","제일의료기","대전광역시 중구 계백로1566번길 68 (유천동)","042-222-8339","전동휠체어(가군, 나군) | 의료용 스쿠터 | 욕창예방방석 | 욕창예방매트리스 | 이동식전동리프트 | 전방보행차 | 후방보행차 | 수동휠체어","대전 중구 계백로1566번길 68","대전 중구 유천동 295-24","34983","중구","127.39497033332","36.3145467860539","ROAD_ADDR","A","대전광역시 중구 계백로1566번길 68 (유천동)","1"
"30","대전광역시","18","주식회사 아임건강","대전광역시 서구 벌곡로 1341 (가수원동)","042-542-4553","전동휠체어(가군, 나군) | 의료용 스쿠터 | 욕창예방방석 | 욕창예방매트리스 | 이동식전동리프트 | 전방보행차 | 후방보행차 | 수동휠체어","대전 서구 벌곡로 1341","대전 서구 가수원동 792-7","35389","서구","127.354531704838","36.3011045465753","ROAD_ADDR","A","대전광역시 서구 벌곡로 1341 (가수원동)","1"
"30","대전광역시","17","주식회사 에이치솔루션즈","대전광역시 중구 동서대로 1186 (태평동)","010-2798-5543","전동휠체어(가군, 나군) | 의료용 스쿠터 | 욕창예방방석 | 욕창예방매트리스 | 이동식전동리프트 | 수동휠체어","대전 중구 동서대로 1186","대전 중구 태평동 413-19","34884","중구","127.391769100586","36.3265036204922","ROAD_ADDR","A","대전광역시 중구 동서대로 1186 (태평동)","1"
"30","대전광역시","16","주식회사 윙메디칼","대전광역시 유성구 온천로 59, 509호 (봉명동, 동아벤처타워)","042-825-7243","전동휠체어(가군, 나군) | 의료용 스쿠터 | 욕창예방방석 | 욕창예방매트리스 | 이동식전동리프트 | 전방보행차 | 후방보행차 | 수동휠체어","대전 유성구 온천로 59","대전 유성구 봉명동 538-8","34186","유성구","127.344588575888","36.355601798345","ROAD_ADDR","A","대전광역시 유성구 온천로 59, 509호 (봉명동, 동아벤처타워)","1"
"30","대전광역시","15","주식회사 한결웨어러블","대전광역시 서구 계백로 1013, 101호 (관저동)","070-5226-3304","의지·보조기(교정형신발 등) | 전동휠체어(가군, 나군) | 의료용 스쿠터 | 욕창예방방석 | 욕창예방매트리스 | 수동휠체어","대전 서구 계백로 1013","대전 서구 관저동 1761","35363","서구","127.336524012098","36.3020004568907","ROAD_ADDR","A","대전광역시 서구 계백로 1013, 101호 (관저동)","1"
"30","대전광역시","14","주식회사 헤윰","대전광역시 서구 대덕대로335번길 39, 3층 2호 (월평동, 낙원빌딩)","070-7747-7770","전동휠체어(가군, 나군) | 의료용 스쿠터 | 보청기 | 수동휠체어","대전 서구 대덕대로335번길 39","대전 서구 월평동 231","35213","서구","127.377105338843","36.362784093848","ROAD_ADDR","A","대전광역시 서구 대덕대로335번길 39, 3층 2호 (월평동, 낙원빌딩)","1"
"30","대전광역시","13","충남대학교병원","대전광역시 중구 문화로 282 (대사동, 충남대학교병원)","042-338-2950","의지·보조기(교정형신발 등) | 전동휠체어(가군, 나군) | 의료용 스쿠터 | 보청기 | 욕창예방방석 | 욕창예방매트리스 | 전방보행차 | 수동휠체어","대전 중구 문화로 282","대전 중구 대사동 640","35015","중구","127.415303889582","36.3168435594497","ROAD_ADDR","A","대전광역시 중구 문화로 282 (대사동, 충남대학교병원)","1"
"30","대전광역시","12","케이씨메디케어","대전광역시 중구 계백로1584번길 17, 1층 (유천동)","042-582-5550","의지·보조기(교정형신발 등) | 전동휠체어(가군, 나군) | 의료용 스쿠터 | 욕창예방방석 | 욕창예방매트리스 | 이동식전동리프트 | 전방보행차 | 수동휠체어","대전 중구 계백로1584번길 17","대전 중구 유천동 211-11","34973","중구","127.396418598032","36.3171227904648","ROAD_ADDR","A","대전광역시 중구 계백로1584번길 17, 1층 (유천동)","1"
"30","대전광역시","11","통합의수족보조기제작소","대전광역시 중구 테미로 43 (대흥동)","042-257-6585","의지·보조기(교정형신발 등) | 전동휠체어(가군, 나군) | 의료용 스쿠터 | 욕창예방방석 | 욕창예방매트리스 | 이동식전동리프트 | 수동휠체어","대전 중구 테미로 43","대전 중구 대흥동 519-37","34943","중구","127.421224675431","36.3220600403073","ROAD_ADDR","A","대전광역시 중구 테미로 43 (대흥동)","1"
"30","대전광역시","10","하나엠케어","대전광역시 중구 대종로583번길 28, 1층 (선화동)","042-587-7630","전동휠체어(가군, 나군) | 의료용 스쿠터 | 욕창예방방석 | 욕창예방매트리스 | 이동식전동리프트 | 전방보행차 | 후방보행차 | 수동휠체어","대전 중구 대종로583번길 28","대전 중구 선화동 148-8","34844","중구","127.417646520381","36.3334431984716","ROAD_ADDR","A","대전광역시 중구 대종로583번길 28, 1층 (선화동)","1"
"30","대전광역시","9","하나의료기","대전광역시 대덕구 한남로88번길 40, 102호 (오정동)","010-3616-6525","전동휠체어(가군, 나군) | 의료용 스쿠터 | 욕창예방방석 | 욕창예방매트리스 | 이동식전동리프트 | 전방보행차 | 후방보행차 | 수동휠체어","대전 대덕구 한남로88번길 40","대전 대덕구 오정동 436-1","34433","대덕구","127.417622760748","36.352129322879","ROAD_ADDR","A","대전광역시 대덕구 한남로88번길 40, 102호 (오정동)","1"
"30","대전광역시","8","한국의료기","대전광역시 대덕구 계족로 629 (법동, 원남빌딩)","042-673-5889","전동휠체어(가군, 나군) | 의료용 스쿠터 | 욕창예방방석 | 욕창예방매트리스 | 전방보행차 | 후방보행차 | 수동휠체어","대전 대덕구 계족로 629","대전 대덕구 법동 287-4","34384","대덕구","127.429434189834","36.367575269739","ROAD_ADDR","A","대전광역시 대덕구 계족로 629 (법동, 원남빌딩)","1"
"30","대전광역시","7","한밭의료기","대전광역시 동구 대전로 823-1 (정동)","042-255-0642","전동휠체어(가군, 나군) | 의료용 스쿠터 | 욕창예방방석 | 욕창예방매트리스 | 수동휠체어","대전 동구 대전로 823-1","대전 동구 정동 15-3","34627","동구","127.431648540758","36.332813632718","ROAD_ADDR","A","대전광역시 동구 대전로 823-1 (정동)","1"
"30","대전광역시","6","행복 복지용구사업소","대전광역시 중구 대둔산로326번길 11, 101호 (사정동)","042-587-4105","전동휠체어(가군, 나군) | 의료용 스쿠터 | 욕창예방방석 | 욕창예방매트리스 | 전방보행차 | 후방보행차 | 수동휠체어","대전 중구 대둔산로326번길 11","대전 중구 사정동 420","35057","중구","127.385734482147","36.2984399400142","ROAD_ADDR","A","대전광역시 중구 대둔산로326번길 11, 101호 (사정동)","1"
"30","대전광역시","5","행복배터리메디칼","대전광역시 동구 계족로 429, 108호 (용전동)","042-637-8977","전동휠체어(가군, 나군) | 의료용 스쿠터 | 수동휠체어","대전 동구 계족로 429","대전 동구 용전동 182-42","34546","동구","127.431681886475","36.3501391343857","ROAD_ADDR","A","대전광역시 동구 계족로 429, 108호 (용전동)","1"
"30","대전광역시","4","행복전동휠체어협동조합","대전광역시 서구 용문로 118, 101,102호 (용문동, 한진아파트)","042-282-0079","전동휠체어(가군, 나군) | 의료용 스쿠터 | 욕창예방방석 | 욕창예방매트리스 | 이동식전동리프트 | 수동휠체어","대전 서구 용문로 118","대전 서구 용문동 282-1","35306","서구","127.393451729548","36.3338029489915","ROAD_ADDR","A","대전광역시 서구 용문로 118","2"
"30","대전광역시","3","효도의료기","대전광역시 중구 동서대로 1419, 1층 (중촌동)","042-222-6555","전동휠체어(가군, 나군) | 의료용 스쿠터 | 욕창예방방석 | 욕창예방매트리스 | 이동식전동리프트 | 전방보행차 | 후방보행차 | 수동휠체어","대전 중구 동서대로 1419","대전 중구 중촌동 408-3","34814","중구","127.413497049706","36.3350802845006","ROAD_ADDR","A","대전광역시 중구 동서대로 1419, 1층 (중촌동)","1"
"30","대전광역시","2","휠체어 타는 사람들","대전광역시 유성구 복용북로 69 (복용동)","042-932-2848","전동휠체어(가군, 나군) | 의료용 스쿠터 | 욕창예방방석 | 욕창예방매트리스 | 이동식전동리프트 | 수동휠체어","대전 유성구 복용북로 69","대전 유성구 복용동 596-8","34162","유성구","127.315243578871","36.3427053311324","ROAD_ADDR","A","대전광역시 유성구 복용북로 69 (복용동)","1"
"30","대전광역시","1","휴먼의료기","대전광역시 중구 계룡로881번길 9-12 (용두동)","070-8756-9471","전동휠체어(가군, 나군) | 의료용 스쿠터 | 보청기 | 욕창예방방석 | 욕창예방매트리스 | 이동식전동리프트 | 전방보행차 | 후방보행차","","","","","","","","NONE","","2"
"31","울산광역시","36","(주)현대메디칼","울산광역시 중구 당산길 26 (우정동)","052-243-4848","전동휠체어(가군, 나군) | 의료용 스쿠터 | 보청기 | 욕창예방방석 | 욕창예방매트리스 | 수동휠체어","울산 중구 당산길 26","울산 중구 우정동 252-7","44533","중구","129.314993047789","35.555351487602","ROAD_ADDR","A","울산광역시 중구 당산길 26 (우정동)","1"
"31","울산광역시","35","건강의료기","울산광역시 중구 문화의거리 9 (성남동)","052-244-5406","전동휠체어(가군, 나군) | 의료용 스쿠터 | 보청기 | 욕창예방방석 | 욕창예방매트리스 | 이동식전동리프트 | 전방보행차 | 수동휠체어","울산 중구 문화의거리 9","울산 중구 성남동 10","44529","중구","129.321474334228","35.5557782560825","ROAD_ADDR","A","울산광역시 중구 문화의거리 9 (성남동)","1"
"31","울산광역시","34","고려종합의료기상사","울산광역시 남구 월평로171번길 9 (신정동)","052-274-1910","전동휠체어(가군, 나군) | 의료용 스쿠터 | 보청기 | 욕창예방방석 | 욕창예방매트리스 | 이동식전동리프트 | 수동휠체어","울산 남구 월평로171번길 9","울산 남구 신정동 34-75","44686","남구","129.323329093287","35.5459309673714","ROAD_ADDR","A","울산광역시 남구 월평로171번길 9 (신정동)","1"
"31","울산광역시","33","굿모닝의료기","울산광역시 남구 삼산로 232 (달동)","052-265-1232","전동휠체어(가군, 나군) | 의료용 스쿠터 | 보청기 | 욕창예방방석 | 욕창예방매트리스 | 이동식전동리프트 | 수동휠체어","울산 남구 삼산로 232","울산 남구 달동 1253-3","44718","남구","129.332585505313","35.5380906552315","ROAD_ADDR","A","울산광역시 남구 삼산로 232 (달동)","1"
"31","울산광역시","32","굿좋은의료기","울산광역시 남구 문수로 482, 1동 114호 (신정동, 대공원 코아루 파크베르)","052-260-1810","전동휠체어(가군, 나군) | 의료용 스쿠터 | 보청기 | 전방보행차 | 후방보행차 | 수동휠체어","울산 남구 문수로 482","울산 남구 신정동 1910","44667","남구","129.306022866345","35.5319849816221","ROAD_ADDR","A","울산광역시 남구 문수로 482, 1동 114호 (신정동, 대공원 코아루 파크베르)","1"
"31","울산광역시","31","굿헬스의료기","울산광역시 중구 반구정14길 40, 1층 (반구동)","010-4945-1200","전동휠체어(가군, 나군) | 의료용 스쿠터 | 보청기 | 욕창예방방석 | 욕창예방매트리스 | 이동식전동리프트 | 수동휠체어","울산 중구 반구정14길 40","울산 중구 반구동 726-5","44499","중구","129.345426739722","35.557730994056","ROAD_ADDR","A","울산광역시 중구 반구정14길 40, 1층 (반구동)","1"
"31","울산광역시","30","누가의료기","울산광역시 동구 방어진순환도로 743 (전하동)","052-201-9949","전동휠체어(가군, 나군) | 의료용 스쿠터 | 보청기 | 욕창예방방석 | 욕창예방매트리스 | 전방보행차 | 수동휠체어","울산 동구 방어진순환도로 743","울산 동구 전하동 668-20","44047","동구","129.429890539108","35.5080839529535","ROAD_ADDR","A","울산광역시 동구 방어진순환도로 743 (전하동)","1"
"31","울산광역시","29","대한의료기","울산광역시 울주군 태화8길 57, 1층 (온양읍)","070-8780-3305","전동휠체어(가군, 나군) | 의료용 스쿠터 | 욕창예방방석 | 욕창예방매트리스 | 이동식전동리프트 | 전방보행차 | 수동휠체어","울산 울주군 온양읍 태화8길 57","울산 울주군 온양읍 운화리 2-10","44973","울주군","129.281286050925","35.4151908558621","ROAD_ADDR","A","울산광역시 울주군 태화8길 57, 1층 (온양읍)","1"
"31","울산광역시","28","더타임 의료기기","울산광역시 남구 수암로 138, 1층 117호 (야음동)","052-265-0009","전동휠체어(가군, 나군) | 의료용 스쿠터 | 보청기 | 욕창예방방석 | 욕창예방매트리스 | 전방보행차 | 후방보행차 | 수동휠체어","울산 남구 수암로 138","울산 남구 야음동 789-14","44750","남구","129.321919110368","35.5269828679847","ROAD_ADDR","A","울산광역시 남구 수암로 138, 1층 117호 (야음동)","1"
"31","울산광역시","27","백세의료기","울산광역시 중구 구루미7길 77-4, 1층 (다운동)","052-238-7942","전동휠체어(가군, 나군) | 의료용 스쿠터 | 보청기 | 욕창예방방석 | 욕창예방매트리스 | 이동식전동리프트 | 전방보행차 | 후방보행차 | 수동휠체어","울산 중구 구루미7길 77-4","울산 중구 다운동 575-5","44408","중구","129.269991948604","35.5591605349258","ROAD_ADDR","A","울산광역시 중구 구루미7길 77-4, 1층 (다운동)","1"
"31","울산광역시","26","새광명의료기","울산광역시 중구 태화로 263, A동 101,102호 (태화동, 한라궁전아파트)","052-243-1083","전동휠체어(가군, 나군) | 의료용 스쿠터 | 욕창예방방석 | 욕창예방매트리스 | 이동식전동리프트 | 전방보행차 | 후방보행차 | 수동휠체어","울산 중구 태화로 263","울산 중구 태화동 110","44455","중구","129.303366284967","35.5540360716079","ROAD_ADDR","A","울산광역시 중구 태화로 263, A동 101,102호 (태화동, 한라궁전아파트)","1"
"31","울산광역시","25","서광의료기","울산광역시 울주군 남문길 3-11 (언양읍)","052-264-9494","전동휠체어(가군, 나군) | 의료용 스쿠터","울산 울주군 언양읍 남문길 3-11","울산 울주군 언양읍 서부리 81","44946","울주군","129.121580392958","35.5642146999409","ROAD_ADDR","A","울산광역시 울주군 남문길 3-11 (언양읍)","1"
"31","울산광역시","24","성남보조기센터","울산광역시 북구 진장로 86-1 (진장동)","052-243-2331","의지·보조기(교정형신발 등) | 전동휠체어(가군, 나군) | 의료용 스쿠터 | 보청기 | 욕창예방방석 | 욕창예방매트리스 | 전방보행차 | 후방보행차 | 수동휠체어","울산 북구 진장로 86-1","울산 북구 진장동 550-4","44251","북구","129.357274243293","35.568909373059","ROAD_ADDR","A","울산광역시 북구 진장로 86-1 (진장동)","1"
"31","울산광역시","23","세운의료기보조기","울산광역시 중구 학성로 186, 101호 (학성동, 모아시티타운)","052-281-1147","의지·보조기(교정형신발 등) | 전동휠체어(가군, 나군) | 의료용 스쿠터 | 욕창예방방석 | 욕창예방매트리스 | 이동식전동리프트 | 전방보행차 | 수동휠체어","울산 중구 학성로 186","울산 중구 학성동 432-352","44521","중구","129.331268831043","35.5565710593566","ROAD_ADDR","A","울산광역시 중구 학성로 186, 101호 (학성동, 모아시티타운)","1"
"31","울산광역시","22","시내의료기","울산광역시 남구 문수로369번길 37, 1층 (옥동)","052-276-7676","전동휠체어(가군, 나군) | 의료용 스쿠터 | 보청기 | 욕창예방방석 | 욕창예방매트리스 | 수동휠체어","울산 남구 문수로369번길 37","울산 남구 옥동 1387-29","44648","남구","129.294844682589","35.5379253962192","ROAD_ADDR","A","울산광역시 남구 문수로369번길 37, 1층 (옥동)","1"
"31","울산광역시","21","시민의료기","울산광역시 남구 중앙로 230, 1층 101호 (신정동)","052-256-7111","전동휠체어(가군, 나군) | 의료용 스쿠터 | 보청기 | 욕창예방방석 | 욕창예방매트리스 | 이동식전동리프트 | 수동휠체어","울산 남구 중앙로 230","울산 남구 신정동 176-6","44690","남구","129.311879231799","35.5414908474174","ROAD_ADDR","A","울산광역시 남구 중앙로 230, 1층 101호 (신정동)","1"
"31","울산광역시","20","신기의료기 울산점","울산광역시 중구 내황4길 14 1층 1호 (반구동)","052-913-1119","전동휠체어(가군, 나군) | 의료용 스쿠터 | 욕창예방방석 | 욕창예방매트리스 | 이동식전동리프트 | 전방보행차 | 수동휠체어","울산 중구 내황4길 14","울산 중구 반구동 787-2","44505","중구","129.341696773277","35.5523472858922","ROAD_ADDR","A","울산광역시 중구 내황4길 14 1층 1호 (반구동)","1"
"31","울산광역시","19","신기의료기 울주점","울산광역시 울주군 읍성로 3, 102호 (언양읍)","052-254-0963","전동휠체어(가군, 나군) | 의료용 스쿠터 | 욕창예방방석 | 욕창예방매트리스 | 이동식전동리프트 | 전방보행차 | 후방보행차 | 수동휠체어","울산 울주군 언양읍 읍성로 3","울산 울주군 언양읍 서부리 140-1","44945","울주군","129.117073967531","35.565027446864","ROAD_ADDR","A","울산광역시 울주군 읍성로 3, 102호 (언양읍)","1"
"31","울산광역시","18","신기의료기울산달동점","울산광역시 남구 중앙로166번길 34 1층 (달동)","052-268-6589","전동휠체어(가군, 나군) | 의료용 스쿠터 | 욕창예방방석 | 욕창예방매트리스 | 이동식전동리프트 | 수동휠체어","울산 남구 중앙로166번길 34","울산 남구 달동 642-9","44693","남구","129.317364117629","35.5367894702595","ROAD_ADDR","A","울산광역시 남구 중앙로166번길 34 1층 (달동)","1"
"31","울산광역시","17","신우메디칼통상","울산광역시 남구 북부순환도로 47 (무거동)","052-225-1170","전동휠체어(가군, 나군) | 의료용 스쿠터 | 보청기 | 욕창예방방석 | 욕창예방매트리스 | 수동휠체어","울산 남구 북부순환도로 47","울산 남구 무거동 218-7","44629","남구","129.268806886102","35.5527389411394","ROAD_ADDR","A","울산광역시 남구 북부순환도로 47 (무거동)","1"
"31","울산광역시","16","언양의료기","울산광역시 울주군 남문길 13-5, 1층 (언양읍)","052-263-0922","전동휠체어(가군, 나군) | 의료용 스쿠터 | 보청기 | 욕창예방방석 | 욕창예방매트리스 | 이동식전동리프트 | 전방보행차 | 수동휠체어","울산 울주군 언양읍 남문길 13-5","울산 울주군 언양읍 서부리 69","44946","울주군","129.121984387458","35.5644376370398","ROAD_ADDR","A","울산광역시 울주군 남문길 13-5, 1층 (언양읍)","1"
"31","울산광역시","15","우정보조기상사","울산광역시 중구 태화로 64 (태화동)","052-242-1021","의지·보조기(교정형신발 등) | 전동휠체어(가군, 나군) | 의료용 스쿠터 | 보청기 | 욕창예방방석 | 욕창예방매트리스 | 전방보행차 | 수동휠체어","울산 중구 태화로 64","울산 중구 태화동 908-6","44439","중구","129.282922439647","35.5537914510507","ROAD_ADDR","A","울산광역시 중구 태화로 64 (태화동)","1"
"31","울산광역시","14","울산의료기","울산광역시 남구 수암로128번길 6 (야음동)","052-227-8226","전동휠체어(가군, 나군) | 의료용 스쿠터 | 보청기","울산 남구 수암로128번길 6","울산 남구 야음동 696-6","44749","남구","129.320854759379","35.5272730518633","ROAD_ADDR","A","울산광역시 남구 수암로128번길 6 (야음동)","1"
"31","울산광역시","13","울산의수족보조기","울산광역시 중구 태화로 8 (태화동)","052-243-1148","의지·보조기(교정형신발 등) | 전동휠체어(가군, 나군) | 의료용 스쿠터 | 보청기 | 수동휠체어","울산 중구 태화로 8","울산 중구 태화동 942-6","44439","중구","129.276991555498","35.5552195752382","ROAD_ADDR","A","울산광역시 중구 태화로 8 (태화동)","1"
"31","울산광역시","12","울산이동기기안전관리센터","울산광역시 북구 두부곡7길 9, 1층 (연암동)","010-5114-8253","전동휠체어(가군, 나군) | 의료용 스쿠터 | 수동휠체어","울산 북구 두부곡7길 9","울산 북구 연암동 360-10","44244","북구","129.369077637797","35.5879088993546","ROAD_ADDR","A","울산광역시 북구 두부곡7길 9, 1층 (연암동)","1"
"31","울산광역시","11","제일종합의료기","울산광역시 북구 산업로 1005 (연암동)","052-282-1580","전동휠체어(가군, 나군) | 의료용 스쿠터 | 보청기 | 욕창예방방석 | 욕창예방매트리스 | 전방보행차 | 수동휠체어","울산 북구 산업로 1005","울산 북구 연암동 1261-10","44238","북구","129.358811524737","35.5825298156171","ROAD_ADDR","A","울산광역시 북구 산업로 1005 (연암동)","1"
"31","울산광역시","10","좋은의료기","울산광역시 남구 문수로 478 (신정동)","052-275-1810","전동휠체어(가군, 나군) | 의료용 스쿠터 | 보청기 | 욕창예방방석 | 욕창예방매트리스 | 이동식전동리프트 | 수동휠체어","울산 남구 문수로 478","울산 남구 신정동 1127-26","44667","남구","129.305624423688","35.5323640223504","ROAD_ADDR","A","울산광역시 남구 문수로 478 (신정동)","1"
"31","울산광역시","9","주식회사 휴먼테크","울산광역시 중구 남외2길 50 트레져프라자, 1층 107호 (남외동)","052-244-3700","전동휠체어(가군, 나군) | 의료용 스쿠터 | 보청기 | 욕창예방방석 | 욕창예방매트리스 | 이동식전동리프트 | 전방보행차 | 후방보행차 | 수동휠체어","울산 중구 남외2길 50","울산 중구 남외동 514-2","44495","중구","129.350323855789","35.5682305116998","ROAD_ADDR","A","울산광역시 중구 남외2길 50 트레져프라자, 1층 107호 (남외동)","1"
"31","울산광역시","8","주식회사아이엘","울산광역시 중구 종가로 651, 213호 (서동)","052-256-8593","전동휠체어(가군, 나군) | 의료용 스쿠터 | 자세보조용구 | 욕창예방방석 | 욕창예방매트리스 | 이동식전동리프트 | 전방보행차 | 후방보행차 | 수동휠체어","울산 중구 종가로 651","울산 중구 서동 612-6","44547","중구","129.339154545079","35.5803283417789","ROAD_ADDR","A","울산광역시 중구 종가로 651, 213호 (서동)","1"
"31","울산광역시","7","지엠메디칼","울산광역시 울주군 구영로 223, 5층 501호 (범서읍)","010-2679-3929","전동휠체어(가군, 나군) | 의료용 스쿠터 | 수동휠체어","울산 울주군 범서읍 구영로 223","울산 울주군 범서읍 구영리 132-5","44921","울주군","129.249596860103","35.5655279165484","ROAD_ADDR","A","울산광역시 울주군 구영로 223, 5층 501호 (범서읍)","1"
"31","울산광역시","6","한성의료기보청기상사","울산광역시 동구 방어진순환도로 795 (전하동)","052-232-6100","전동휠체어(가군, 나군) | 의료용 스쿠터 | 보청기","울산 동구 방어진순환도로 795","울산 동구 전하동 544-48","44034","동구","129.430639274037","35.5127782442649","ROAD_ADDR","A","울산광역시 동구 방어진순환도로 795 (전하동)","1"
"31","울산광역시","5","행복누리협동조합","울산광역시 남구 삼산로45번길 30, 상가동 B111호 (신정동, 이안신정)","052-256-8008","전동휠체어(가군, 나군) | 의료용 스쿠터 | 욕창예방방석 | 욕창예방매트리스 | 전방보행차 | 후방보행차 | 수동휠체어","울산 남구 삼산로45번길 30","울산 남구 신정동 650-17","44676","남구","129.312217567893","35.5364650755206","ROAD_ADDR","A","울산광역시 남구 삼산로45번길 30, 상가동 B111호 (신정동, 이안신정)","1"
"31","울산광역시","4","행복의료기","울산광역시 울주군 남문길 10 (언양읍)","052-263-0010","전동휠체어(가군, 나군) | 의료용 스쿠터 | 보청기 | 욕창예방방석 | 이동식전동리프트 | 수동휠체어","울산 울주군 언양읍 남문길 10","울산 울주군 언양읍 남부리 305-1","44946","울주군","129.122383366825","35.5641275717548","ROAD_ADDR","A","울산광역시 울주군 남문길 10 (언양읍)","1"
"31","울산광역시","3","혜성의료기기상사","울산광역시 동구 봉수로 370, 105호 (전하동, 전하동현대홈타운)","052-233-2889","전동휠체어(가군, 나군) | 의료용 스쿠터 | 욕창예방방석 | 욕창예방매트리스 | 이동식전동리프트 | 전방보행차 | 수동휠체어","울산 동구 봉수로 370","울산 동구 전하동 301-24","44036","동구","129.427134046146","35.51786811272","ROAD_ADDR","A","울산광역시 동구 봉수로 370, 105호 (전하동, 전하동현대홈타운)","1"
"31","울산광역시","2","호계의료기","울산광역시 북구 호계로 291-1 (호계동)","052-281-5751","전동휠체어(가군, 나군) | 의료용 스쿠터 | 보청기 | 욕창예방방석 | 욕창예방매트리스 | 전방보행차 | 후방보행차 | 수동휠체어","울산 북구 호계로 291-1","울산 북구 호계동 218-1","44228","북구","129.350835754183","35.6292554150203","ROAD_ADDR","A","울산광역시 북구 호계로 291-1 (호계동)","1"
"31","울산광역시","1","힘찬 의료기","울산광역시 중구 남외2길 50, 1층 103호 (남외동)","052-223-2235","전동휠체어(가군, 나군) | 의료용 스쿠터 | 욕창예방방석 | 수동휠체어","울산 중구 남외2길 50","울산 중구 남외동 514-2","44495","중구","129.350323855789","35.5682305116998","ROAD_ADDR","A","울산광역시 중구 남외2길 50, 1층 103호 (남외동)","1"
"36","세종특별자치시","3","365행복케어","세종특별자치시 충현로 90 (조치원읍)","041-864-0365","전동휠체어(가군, 나군) | 의료용 스쿠터 | 욕창예방방석 | 욕창예방매트리스 | 이동식전동리프트 | 수동휠체어","세종특별자치시 조치원읍 충현로 90","세종특별자치시 조치원읍 침산리 168-8","30029","","127.295964558689","36.5966304049501","ROAD_ADDR","A","세종특별자치시 충현로 90 (조치원읍)","1"
"36","세종특별자치시","2","세종의료기","세종특별자치시 세종특별자치시 장안로 32, 1층 1호 (조치원읍)","010-3466-4325","전동휠체어(가군, 나군) | 의료용 스쿠터 | 욕창예방방석 | 욕창예방매트리스 | 이동식전동리프트 | 전방보행차 | 후방보행차 | 수동휠체어","세종특별자치시 조치원읍 장안로 32","세종특별자치시 조치원읍 정리 44-8","30027","","127.301330488192","36.598881884274","ROAD_ADDR","A","세종특별자치시 세종특별자치시 장안로 32, 1층 1호 (조치원읍)","1"
"36","세종특별자치시","1","이원건강의료기 세종점","세종특별자치시 한누리대로 589, 1층 102호 (도담동, 해피라움7)","044-863-2120","전동휠체어(가군, 나군) | 의료용 스쿠터 | 보청기 | 욕창예방방석 | 욕창예방매트리스 | 이동식전동리프트 | 전방보행차 | 후방보행차 | 수동휠체어","세종특별자치시 한누리대로 589","세종특별자치시 도담동 655","30098","","127.258452911128","36.5159296361556","ROAD_ADDR","A","세종특별자치시 한누리대로 589, 1층 102호 (도담동, 해피라움7)","1"
"41","경기도","367","(주) 닛신 하남지점","경기도 하남시 조정대로 150, 751호 (덕풍동, 아이테코)","031-790-0595","의지·보조기(교정형신발 등) | 전동휠체어(가군, 나군) | 의료용 스쿠터 | 욕창예방방석 | 욕창예방매트리스 | 이동식전동리프트 | 전방보행차 | 후방보행차 | 수동휠체어","경기 하남시 조정대로 150","경기 하남시 덕풍동 762","12930","하남시","127.194669378414","37.5535256980589","ROAD_ADDR","A","경기도 하남시 조정대로 150, 751호 (덕풍동, 아이테코)","1"
"41","경기도","366","(주)거성케어","경기도 하남시 하남대로 172, 3층 (상산곡동)","031-794-0832","전동휠체어(가군, 나군) | 의료용 스쿠터 | 욕창예방방석 | 욕창예방매트리스 | 이동식전동리프트 | 수동휠체어","경기 하남시 하남대로 172","경기 하남시 상산곡동 275-1","13026","하남시","127.235334449979","37.4913097210894","ROAD_ADDR","A","경기도 하남시 하남대로 172, 3층 (상산곡동)","1"
"41","경기도","365","(주)나누우리","경기도 고양시 덕양구 토당로 166, 203호 (토당동, 동아2빌딩)","031-979-2185","전동휠체어(가군, 나군) | 의료용 스쿠터 | 욕창예방방석 | 욕창예방매트리스 | 수동휠체어","경기 고양시 덕양구 토당로 166","경기 고양시 덕양구 토당동 831-1","10507","고양시 덕양구","126.820999734544","37.6283142813563","ROAD_ADDR","A","경기도 고양시 덕양구 토당로 166, 203호 (토당동, 동아2빌딩)","1"
"41","경기도","364","(주)나사","경기도 화성시 경기대로1046번길 5, 105호 (진안동)","031-225-7658","전동휠체어(가군, 나군) | 의료용 스쿠터 | 욕창예방방석 | 욕창예방매트리스 | 이동식전동리프트 | 전방보행차 | 수동휠체어","경기 화성시 병점구 경기대로1046번길 5","경기 화성시 병점구 진안동 525-12","18401","화성시 병점구","127.034426708019","37.2090307461999","ROAD_ADDR","A","경기도 화성시 경기대로1046번길 5, 105호 (진안동)","1"
"41","경기도","363","(주)나연메디칼","경기도 구리시 아차산로405번길 74, 1층 (교문동)","031-565-0775","전동휠체어(가군, 나군) | 의료용 스쿠터 | 보청기 | 욕창예방방석 | 욕창예방매트리스 | 전방보행차 | 후방보행차 | 수동휠체어","경기 구리시 아차산로405번길 74","경기 구리시 교문동 416-11","11954","구리시","127.127169559377","37.5917082222232","ROAD_ADDR","A","경기도 구리시 아차산로405번길 74, 1층 (교문동)","1"
"41","경기도","362","(주)닛신","경기도 양평군 중앙로 260, 2층 (양평읍, 국립교통재활병원)","031-790-0595","의지·보조기(교정형신발 등) | 전동휠체어(가군, 나군) | 의료용 스쿠터 | 욕창예방방석 | 욕창예방매트리스 | 이동식전동리프트 | 전방보행차 | 후방보행차 | 수동휠체어","경기 양평군 양평읍 중앙로 260","경기 양평군 양평읍 도곡리 1030","12564","양평군","127.518520108055","37.4896050523138","ROAD_ADDR","A","경기도 양평군 중앙로 260, 2층 (양평읍, 국립교통재활병원)","1"
"41","경기도","361","(주)닛신 성남지점","경기도 성남시중원구 상대원1동(상대원동) 311-3 우림라이온스밸리 1차612호","031-737-2884","의지·보조기(교정형신발 등) | 전동휠체어(가군, 나군) | 의료용 스쿠터 | 욕창예방방석 | 욕창예방매트리스 | 이동식전동리프트 | 전방보행차 | 후방보행차 | 수동휠체어","경기 성남시 중원구 둔촌대로457번길 27","경기 성남시 중원구 상대원동 311-3","13219","성남시 중원구","127.170138149551","37.4338947647984","REGION_ADDR","A","경기도 성남시중원구 상대원1동(상대원동) 311-3 우림라이온스밸리 1차612호","1"
"41","경기도","360","(주)대한의료기","경기도 용인시 기흥구 원고매로 112 (고매동)","031-893-0078","전동휠체어(가군, 나군) | 의료용 스쿠터","경기 용인시 기흥구 원고매로 112","경기 용인시 기흥구 고매동 219-8","17086","용인시 기흥구","127.114475811088","37.2197229242425","ROAD_ADDR","A","경기도 용인시 기흥구 원고매로 112 (고매동)","1"
"41","경기도","359","(주)라이프케어","경기도 고양시 일산동구 중앙로 1047, 1020호 (백석동, 영림브레아오피스텔)","070-8261-5699","전동휠체어(가군, 나군) | 의료용 스쿠터 | 욕창예방방석 | 욕창예방매트리스 | 이동식전동리프트 | 전방보행차 | 후방보행차 | 수동휠체어","경기 고양시 일산동구 중앙로 1047","경기 고양시 일산동구 백석동 1331","10447","고양시 일산동구","126.787197904243","37.6431092569009","ROAD_ADDR","A","경기도 고양시 일산동구 중앙로 1047, 1020호 (백석동, 영림브레아오피스텔)","1"
"41","경기도","358","(주)레이케어 일산공장","경기도 고양시 일산서구 덕산로 196-40 (가좌동)","031-921-9890","전동휠체어(가군, 나군) | 의료용 스쿠터","경기 고양시 일산서구 덕산로 196-40","경기 고양시 일산서구 가좌동 129-6","10208","고양시 일산서구","126.723193738397","37.6934366948601","ROAD_ADDR","A","경기도 고양시 일산서구 덕산로 196-40 (가좌동)","1"
"41","경기도","357","(주)메디위","경기도 오산시 서동로65번길 18 (서동)","031-377-7516","전동휠체어(가군, 나군) | 의료용 스쿠터 | 수동휠체어","경기 오산시 서동로65번길 18","경기 오산시 서동 592","18104","오산시","127.036995115814","37.1464697943355","ROAD_ADDR","A","경기도 오산시 서동로65번길 18 (서동)","1"
"41","경기도","356","(주)메디타운","경기도 광주시 부항길 121-46, 202호 (곤지암읍)","031-797-0578","전동휠체어(가군, 나군) | 의료용 스쿠터 | 욕창예방방석 | 욕창예방매트리스 | 이동식전동리프트 | 전방보행차 | 후방보행차 | 수동휠체어","경기 광주시 곤지암읍 부항길 121-46","경기 광주시 곤지암읍 부항리 124-5","12723","광주시","127.411912759934","37.3552424951567","ROAD_ADDR","A","경기도 광주시 부항길 121-46, 202호 (곤지암읍)","1"
"41","경기도","355","(주)바이메드","경기도 하남시 미사강변서로 16, 에프615호 (풍산동, 하우스디스마트밸리)","02-2252-0055","전동휠체어(가군, 나군) | 의료용 스쿠터 | 보청기","경기 하남시 미사강변서로 16","경기 하남시 풍산동 490-2","12918","하남시","127.184692024093","37.5517688347028","ROAD_ADDR","A","경기도 하남시 미사강변서로 16, 에프615호 (풍산동, 하우스디스마트밸리)","1"
"41","경기도","354","(주)복음의료기","경기도 고양시 덕양구 통일로 797, 지하층 B01호 (관산동, 벽일빌딩)","031-971-9720","전동휠체어(가군, 나군) | 의료용 스쿠터 | 욕창예방방석 | 욕창예방매트리스 | 이동식전동리프트 | 전방보행차 | 후방보행차 | 수동휠체어","경기 고양시 덕양구 통일로 797","경기 고양시 덕양구 관산동 238-10","10287","고양시 덕양구","126.86197964183","37.6885523548771","ROAD_ADDR","A","경기도 고양시 덕양구 통일로 797, 지하층 B01호 (관산동, 벽일빌딩)","1"
"41","경기도","353","(주)성주약품","경기도 용인시 수지구 용구대로 2776, 3층 (죽전동, 현대자동차)","031-896-7929","전동휠체어(가군, 나군) | 수동휠체어","경기 용인시 수지구 용구대로 2776","경기 용인시 수지구 죽전동 877-8","16866","용인시 수지구","127.109316935407","37.333286297144","ROAD_ADDR","A","경기도 용인시 수지구 용구대로 2776, 3층 (죽전동, 현대자동차)","1"
"41","경기도","352","(주)수원보장구수리센터","경기도 수원시 팔달구 창룡대로210번길 13, 상가동 104호 (우만동, 주공3단지아파트)","031-231-2000","전동휠체어(가군, 나군) | 의료용 스쿠터 | 욕창예방방석 | 욕창예방매트리스 | 이동식전동리프트 | 전방보행차 | 후방보행차 | 수동휠체어","경기 수원시 팔달구 창룡대로210번길 13","경기 수원시 팔달구 우만동 301","16230","수원시 팔달구","127.034043862043","37.2926004482273","ROAD_ADDR","A","경기도 수원시 팔달구 창룡대로210번길 13, 상가동 104호 (우만동, 주공3단지아파트)","1"
"41","경기도","351","(주)시니어가디언스","경기도 하남시 하남대로 227-14 1층, 2층 (상산곡동)","031-792-1092","전동휠체어(가군, 나군) | 의료용 스쿠터 | 보청기 | 욕창예방방석 | 욕창예방매트리스 | 이동식전동리프트 | 전방보행차 | 후방보행차 | 수동휠체어","경기 하남시 하남대로 227-14","경기 하남시 상산곡동 161-10","13027","하남시","127.231692153756","37.4953375659696","ROAD_ADDR","A","경기도 하남시 하남대로 227-14 1층, 2층 (상산곡동)","1"
"41","경기도","350","(주)신광이지무브","경기도 화성시 비봉면 화성로1616번길 56 (비봉면)","031-689-3100","전동휠체어(가군, 나군) | 의료용 스쿠터 | 자세보조용구 | 이동식전동리프트 | 수동휠체어","경기 화성시 효행구 비봉면 화성로1616번길 56","경기 화성시 효행구 비봉면 양노리 671","18284","화성시 효행구","126.854883399238","37.222615680342","ROAD_ADDR","A","경기도 화성시 비봉면 화성로1616번길 56 (비봉면)","1"
"41","경기도","349","(주)아들러","경기도 고양시 일산동구 동국로 30, 204호 (식사동)","031-994-0187","전동휠체어(가군, 나군) | 의료용 스쿠터 | 욕창예방방석 | 욕창예방매트리스 | 이동식전동리프트 | 전방보행차 | 후방보행차 | 수동휠체어","경기 고양시 일산동구 동국로 30","경기 고양시 일산동구 식사동 662-9","10325","고양시 일산동구","126.807666043738","37.6767707893233","ROAD_ADDR","A","경기도 고양시 일산동구 동국로 30, 204호 (식사동)","1"
"41","경기도","348","(주)아이디에스엘티디(IDS LTD)","경기도 파주시 심궁로 194 (광탄면)","02-3281-9107","전동휠체어(가군, 나군)","경기 파주시 광탄면 심궁로 194","경기 파주시 광탄면 마장리 338-4","10952","파주시","126.870995514553","37.7792799437787","ROAD_ADDR","A","경기도 파주시 심궁로 194 (광탄면)","1"
"41","경기도","347","(주)에이블라이프","경기도 광주시 산수로532번길 16 (초월읍)","02-1544-5399","전동휠체어(가군, 나군) | 의료용 스쿠터 | 자세보조용구 | 욕창예방방석 | 욕창예방매트리스 | 이동식전동리프트 | 전방보행차 | 후방보행차 | 수동휠체어","경기 광주시 초월읍 산수로532번길 16","경기 광주시 초월읍 신월리 279-1","12729","광주시","127.310046141744","37.4079568979969","ROAD_ADDR","A","경기도 광주시 산수로532번길 16 (초월읍)","1"
"41","경기도","346","(주)엔에스비에스","경기도 고양시 일산동구 공릉천로 379, 102호 (지영동)","070-8808-2948","전동휠체어(가군, 나군) | 의료용 스쿠터 | 욕창예방방석 | 욕창예방매트리스 | 이동식전동리프트 | 수동휠체어","경기 고양시 일산동구 공릉천로 379","경기 고양시 일산동구 지영동 130-12","10254","고양시 일산동구","126.831521019198","37.7222318047521","ROAD_ADDR","A","경기도 고양시 일산동구 공릉천로 379, 102호 (지영동)","1"
"41","경기도","345","(주)엠피에스코리아","경기도 용인시 처인구 양지면 중부대로2401번길 14 (양지면)","031-286-3990","전동휠체어(가군, 나군) | 의료용 스쿠터","경기 용인시 처인구 양지읍 중부대로2401번길 14","경기 용인시 처인구 양지읍 제일리 591","17162","용인시 처인구","127.306028173552","37.2385783802686","ROAD_ADDR","A","경기도 용인시 처인구 양지면 중부대로2401번길 14 (양지면)","1"
"41","경기도","344","(주)이씨파트너스","경기도 파주시 탑삭골길 103, 1층 (조리읍)","070-5138-3458","전동휠체어(가군, 나군) | 의료용 스쿠터 | 욕창예방방석 | 욕창예방매트리스 | 이동식전동리프트 | 전방보행차 | 수동휠체어","경기 파주시 조리읍 탑삭골길 103","경기 파주시 조리읍 능안리 74-13","10935","파주시","126.791604303583","37.7375771933276","ROAD_ADDR","A","경기도 파주시 탑삭골길 103, 1층 (조리읍)","1"
"41","경기도","343","(주)이씨파트너스 복지용구사업소","경기도 고양시 덕양구 용현로 7, 201-1호 (행신동)","031-926-3780","전동휠체어(가군, 나군) | 의료용 스쿠터 | 욕창예방방석 | 욕창예방매트리스 | 이동식전동리프트 | 전방보행차 | 수동휠체어","경기 고양시 덕양구 용현로 7","경기 고양시 덕양구 행신동 765-1","10526","고양시 덕양구","126.835533537193","37.6134177980917","ROAD_ADDR","A","경기도 고양시 덕양구 용현로 7","2"
"41","경기도","342","(주)케이디메디컬(의수족보조기)","경기도 평택시 평남로 91 (신대동)","031-656-4030","의지·보조기(교정형신발 등) | 전동휠체어(가군, 나군) | 전방보행차 | 후방보행차 | 수동휠체어","경기 평택시 평남로 91","경기 평택시 신대동 434-5","17829","평택시","127.062436655174","37.0015300549271","ROAD_ADDR","A","경기도 평택시 평남로 91 (신대동)","1"
"41","경기도","341","(주)케이라이프","경기도 양평군 중앙로 135, 지1층 (양평읍, 준빌리지)","02-371-0595","전동휠체어(가군, 나군) | 의료용 스쿠터 | 욕창예방방석 | 욕창예방매트리스 | 이동식전동리프트 | 전방보행차 | 후방보행차 | 수동휠체어 | 의안","경기 양평군 양평읍 중앙로 135","경기 양평군 양평읍 공흥리 513-1","12550","양평군","127.503787128027","37.4929814972179","ROAD_ADDR","A","경기도 양평군 중앙로 135, 지1층 (양평읍, 준빌리지)","1"
"41","경기도","340","(주)케이엘트레이딩","경기도 화성시 금곡로257번길 66 (금곡동)","02-1522-6252","전동휠체어(가군, 나군) | 의료용 스쿠터 | 욕창예방방석 | 욕창예방매트리스 | 이동식전동리프트 | 수동휠체어","경기 화성시 동탄구 금곡로257번길 66","경기 화성시 동탄구 금곡동 141-2","18511","화성시 동탄구","127.076699974409","37.1837476646926","ROAD_ADDR","A","경기도 화성시 금곡로257번길 66 (금곡동)","1"
"41","경기도","339","(주)콤슨","경기도 성남시 중원구 사기막골로 124, 1212호 (상대원동, SKn테크노파크)","031-776-3900","전동휠체어(가군, 나군) | 의료용 스쿠터","경기 성남시 중원구 사기막골로 124","경기 성남시 중원구 상대원동 190-1","13207","성남시 중원구","127.177483892075","37.4405625538568","ROAD_ADDR","A","경기도 성남시 중원구 사기막골로 124, 1212호 (상대원동, SKn테크노파크)","1"
"41","경기도","338","(주)클리어뷰헬스케어","경기도 화성시 마도로 384-10 (마도면)","010-5344-6998","전동휠체어(가군, 나군) | 의료용 스쿠터 | 욕창예방방석 | 욕창예방매트리스","경기 화성시 만세구 마도면 마도로 384-10","경기 화성시 만세구 마도면 금당리 191-4","18544","화성시 만세구","126.744866180928","37.1886829939918","ROAD_ADDR","A","경기도 화성시 마도로 384-10 (마도면)","1"
"41","경기도","337","(주)퍼스트원","경기도 남양주시 와부읍 석실로408번길 137-16 (와부읍)","010-2621-3005","전동휠체어(가군, 나군) | 의료용 스쿠터 | 욕창예방방석 | 욕창예방매트리스 | 이동식전동리프트 | 전방보행차 | 수동휠체어","경기 남양주시 와부읍 석실로408번길 137-16","경기 남양주시 와부읍 율석리 520","12201","남양주시","127.219321099674","37.6138289178718","ROAD_ADDR","A","경기도 남양주시 와부읍 석실로408번길 137-16 (와부읍)","1"
"41","경기도","336","(주)플러스에젤","경기도 남양주시 진관로 373, 2동 1층 (진건읍)","010-2281-1414","전동휠체어(가군, 나군) | 의료용 스쿠터 | 자세보조용구 | 욕창예방방석 | 욕창예방매트리스 | 이동식전동리프트 | 전방보행차 | 후방보행차 | 수동휠체어","경기 남양주시 진건읍 진관로 373","경기 남양주시 진건읍 진관리 379-6","12139","남양주시","127.163404482193","37.6437709523937","ROAD_ADDR","A","경기도 남양주시 진관로 373, 2동 1층 (진건읍)","1"
"41","경기도","335","(주)하우메디케어","경기도 하남시 미사강변서로 25, F327,F328호 (풍산동, 미사 테스타타워 지식산업센터)","02-742-1199","의지·보조기(교정형신발 등) | 전동휠체어(가군, 나군) | 의료용 스쿠터 | 보청기 | 욕창예방방석 | 욕창예방매트리스 | 이동식전동리프트 | 전방보행차 | 후방보행차 | 수동휠체어","경기 하남시 미사강변서로 25","경기 하남시 풍산동 489","12918","하남시","127.182808375056","37.552659968832","ROAD_ADDR","A","경기도 하남시 미사강변서로 25","2"
"41","경기도","334","(주)해피라이프","경기도 안산시 단원구 원포공원1로 30, 402호 (초지동, 서해프라자)","02-1599-2585","전동휠체어(가군, 나군) | 의료용 스쿠터 | 욕창예방방석 | 욕창예방매트리스 | 이동식전동리프트 | 전방보행차 | 후방보행차 | 수동휠체어","경기 안산시 단원구 원포공원1로 30","경기 안산시 단원구 초지동 745","15457","안산시 단원구","126.813316405672","37.3011637522808","ROAD_ADDR","A","경기도 안산시 단원구 원포공원1로 30, 402호 (초지동, 서해프라자)","1"
"41","경기도","333","100세동안 파주점","경기도 파주시 가나무로 131 (금릉동)","031-945-4951","전동휠체어(가군, 나군) | 의료용 스쿠터 | 욕창예방방석 | 욕창예방매트리스 | 전방보행차 | 수동휠체어","경기 파주시 가나무로 131","경기 파주시 금릉동 210-5","10922","파주시","126.779896991499","37.7543858841359","ROAD_ADDR","A","경기도 파주시 가나무로 131 (금릉동)","1"
"41","경기도","332","100세동안(수정점)","경기도 성남시 수정구 제일로 175-1, 1층 (태평동)","031-752-0740","전동휠체어(가군, 나군) | 의료용 스쿠터 | 보청기 | 욕창예방방석 | 욕창예방매트리스 | 수동휠체어","경기 성남시 수정구 제일로 175-1","경기 성남시 수정구 태평동 6414","13310","성남시 수정구","127.13107643089","37.4420214126122","ROAD_ADDR","A","경기도 성남시 수정구 제일로 175-1, 1층 (태평동)","1"
"41","경기도","331","HU홀딩스","경기도 남양주시 남가로 1673-64 (수동면)","031-566-6665","전동휠체어(가군, 나군) | 의료용 스쿠터 | 욕창예방방석 | 욕창예방매트리스 | 수동휠체어","경기 남양주시 수동면 남가로 1673-64","경기 남양주시 수동면 입석리 132-11","12030","남양주시","127.342071341852","37.6968052649469","ROAD_ADDR","A","경기도 남양주시 남가로 1673-64 (수동면)","1"
"41","경기도","330","가나의료기","경기도 의정부시 금오로 121-7 (금오동, 진빌딩)","031-847-2572","전동휠체어(가군, 나군) | 의료용 스쿠터 | 보청기 | 욕창예방방석 | 욕창예방매트리스 | 이동식전동리프트 | 전방보행차 | 후방보행차 | 수동휠체어","경기 의정부시 금오로 121-7","경기 의정부시 금오동 88-18","11765","의정부시","127.078467897151","37.75763073306","ROAD_ADDR","A","경기도 의정부시 금오로 121-7 (금오동, 진빌딩)","1"
"41","경기도","329","가연복지센터","경기도 부천시 원미구 원미로143번길 31, 1층 (원미동)","032-652-7730","전동휠체어(가군, 나군) | 의료용 스쿠터 | 욕창예방방석 | 욕창예방매트리스 | 수동휠체어","경기 부천시 원미구 원미로143번길 31","경기 부천시 원미구 원미동 79-2","14568","부천시 원미구","126.78979866637","37.4955103872365","ROAD_ADDR","A","경기도 부천시 원미구 원미로143번길 31, 1층 (원미동)","1"
"41","경기도","328","가온메디케어","경기도 화성시 화산중앙로64번길 18, 2층 (송산동)","070-8264-1756","전동휠체어(가군, 나군) | 의료용 스쿠터 | 보청기 | 욕창예방방석 | 욕창예방매트리스 | 이동식전동리프트 | 수동휠체어","경기 화성시 병점구 화산중앙로64번길 18","경기 화성시 병점구 송산동 162-1","18357","화성시 병점구","127.013428018435","37.209699332285","ROAD_ADDR","A","경기도 화성시 화산중앙로64번길 18, 2층 (송산동)","1"
"41","경기도","327","가정복지","경기도 부천시 부천로103번길 9, 1층 (심곡동)","070-4111-9899","전동휠체어(가군, 나군) | 의료용 스쿠터 | 이동식전동리프트 | 수동휠체어","경기 부천시 원미구 부천로103번길 9","경기 부천시 원미구 심곡동 110-1","14577","부천시 원미구","126.784251877692","37.4934957409421","ROAD_ADDR","A","경기도 부천시 부천로103번길 9, 1층 (심곡동)","1"
"41","경기도","326","가정의료기","경기도 동두천시 삼육사로 1000, 102호 (생연동)","031-857-7878","전동휠체어(가군, 나군) | 의료용 스쿠터 | 수동휠체어","경기 동두천시 삼육사로 1000","경기 동두천시 생연동 386-4","11357","동두천시","127.060763618428","37.8989969085733","ROAD_ADDR","A","경기도 동두천시 삼육사로 1000, 102호 (생연동)","1"
"41","경기도","325","가정의료기","경기도 부천시 경인로 197-1, 1층 (심곡본동)","032-719-7194","전동휠체어(가군, 나군) | 의료용 스쿠터 | 보청기 | 욕창예방방석 | 욕창예방매트리스 | 이동식전동리프트 | 전방보행차 | 후방보행차 | 수동휠체어","경기 부천시 소사구 경인로 197-1","경기 부천시 소사구 심곡본동 534-5","14709","부천시 소사구","126.777593202313","37.4838028936264","ROAD_ADDR","A","경기도 부천시 경인로 197-1, 1층 (심곡본동)","1"
"41","경기도","324","가촌사회적협동조합","경기도 이천시 이여로 265, 나동 (백사면)","031-631-8383","전동휠체어(가군, 나군) | 의료용 스쿠터 | 수동휠체어","경기 이천시 백사면 이여로 265","경기 이천시 백사면 조읍리 638","17310","이천시","127.470328759365","37.3210335698935","ROAD_ADDR","A","경기도 이천시 이여로 265, 나동 (백사면)","1"
"41","경기도","323","가평의료기복지용구","경기도 가평군 가화로 89, 1층 (가평읍)","010-6555-9822","전동휠체어(가군, 나군) | 의료용 스쿠터 | 욕창예방방석 | 욕창예방매트리스 | 이동식전동리프트 | 수동휠체어","경기 가평군 가평읍 가화로 89","경기 가평군 가평읍 읍내리 349-31","12420","가평군","127.514433390117","37.8277726864813","ROAD_ADDR","A","경기도 가평군 가화로 89, 1층 (가평읍)","1"
"41","경기도","322","감동","경기도 남양주시 비룡로 810, 1층 (수동면)","031-592-5636","전동휠체어(가군, 나군) | 의료용 스쿠터 | 수동휠체어","경기 남양주시 수동면 비룡로 810","경기 남양주시 수동면 입석리 338-3","12029","남양주시","127.32212406385","37.7097898412393","ROAD_ADDR","A","경기도 남양주시 비룡로 810, 1층 (수동면)","1"
"41","경기도","321","건강생활점","경기도 의정부시 진등로11번길 16 (녹양동)","031-821-6392","전동휠체어(가군, 나군) | 의료용 스쿠터 | 욕창예방방석 | 욕창예방매트리스 | 이동식전동리프트 | 전방보행차 | 후방보행차 | 수동휠체어","경기 의정부시 진등로11번길 16","경기 의정부시 녹양동 382-11","11606","의정부시","127.032072044781","37.7595357810465","ROAD_ADDR","A","경기도 의정부시 진등로11번길 16 (녹양동)","1"
"41","경기도","320","건강의료기","경기도 부천시 원미구 계남로 309-3, 1층 3호 (춘의동)","032-684-9882","전동휠체어(가군, 나군) | 의료용 스쿠터 | 욕창예방방석 | 욕창예방매트리스 | 전방보행차 | 후방보행차 | 수동휠체어","경기 부천시 원미구 계남로 309-3","경기 부천시 원미구 춘의동 144-20","14530","부천시 원미구","126.782093377165","37.5034324736098","ROAD_ADDR","A","경기도 부천시 원미구 계남로 309-3, 1층 3호 (춘의동)","1"
"41","경기도","319","경기광주휠링협동조합","경기도 광주시 포돌이로 63, 1층 (탄벌동)","070-4209-8272","전동휠체어(가군, 나군) | 의료용 스쿠터 | 욕창예방방석 | 욕창예방매트리스 | 이동식전동리프트 | 전방보행차 | 후방보행차 | 수동휠체어","경기 광주시 포돌이로 63","경기 광주시 탄벌동 73","12749","광주시","127.244347140822","37.4139910596896","ROAD_ADDR","A","경기도 광주시 포돌이로 63, 1층 (탄벌동)","1"
"41","경기도","318","경기이천의료기","경기도 이천시 이섭대천로 1190 (중리동)","031-634-2421","전동휠체어(가군, 나군) | 의료용 스쿠터 | 보청기 | 수동휠체어","경기 이천시 이섭대천로 1190","경기 이천시 중리동 224","17373","이천시","127.447134026208","37.2764929765839","ROAD_ADDR","A","경기도 이천시 이섭대천로 1190 (중리동)","1"
"41","경기도","317","경인의료기","경기도 용인시 처인구 신송로87번길 3-1, 1층 (마평동)","031-322-0000","전동휠체어(가군, 나군) | 의료용 스쿠터 | 수동휠체어","경기 용인시 처인구 신송로87번길 3-1","경기 용인시 처인구 마평동 343","17150","용인시 처인구","127.241673136522","37.2316235463204","ROAD_ADDR","A","경기도 용인시 처인구 신송로87번길 3-1, 1층 (마평동)","1"
"41","경기도","316","고대한양의료기","경기도 안산시 단원구 적금로123(고잔동, 본관동 지하1층)","031-486-6675","전동휠체어(가군, 나군) | 의료용 스쿠터 | 욕창예방방석 | 욕창예방매트리스 | 전방보행차 | 수동휠체어","경기 안산시 단원구 적금로 123","경기 안산시 단원구 고잔동 516","15355","안산시 단원구","126.824999466436","37.3188584497967","ROAD_ADDR","A","경기도 안산시 단원구 적금로123(고잔동, 본관동 지하1층)","1"
"41","경기도","315","고양의료기","경기도 고양시 덕양구 마상로154번길 17, 1층 101,102호 (성사동, 화인빌딩)","031-967-9967","전동휠체어(가군, 나군) | 의료용 스쿠터 | 욕창예방방석 | 욕창예방매트리스 | 이동식전동리프트 | 전방보행차 | 후방보행차 | 수동휠체어","경기 고양시 덕양구 마상로154번길 17","경기 고양시 덕양구 성사동 500-17","10463","고양시 덕양구","126.838888138524","37.6578973608357","ROAD_ADDR","A","경기도 고양시 덕양구 마상로154번길 17, 1층 101,102호 (성사동, 화인빌딩)","1"
"41","경기도","314","골든케어 복지용구센터((주)오토컴포즈)","경기도 안성시 건지안골길 10-7 (대덕면)","031-673-0333","전동휠체어(가군, 나군) | 의료용 스쿠터 | 욕창예방방석 | 욕창예방매트리스 | 이동식전동리프트 | 수동휠체어","경기 안성시 대덕면 건지안골길 10-7","경기 안성시 대덕면 건지리 212-2","17543","안성시","127.238009776022","37.018792561089","ROAD_ADDR","A","경기도 안성시 건지안골길 10-7 (대덕면)","1"
"41","경기도","313","광명복지용구","경기도 광명시 일직로99번길 16-1, 102호 (일직동)","02-899-5259","전동휠체어(가군, 나군) | 의료용 스쿠터 | 욕창예방방석 | 욕창예방매트리스 | 이동식전동리프트 | 전방보행차 | 후방보행차 | 수동휠체어","경기 광명시 일직로99번길 16-1","경기 광명시 일직동 503-8","14354","광명시","126.891373810661","37.4216325580978","ROAD_ADDR","A","경기도 광명시 일직로99번길 16-1, 102호 (일직동)","1"
"41","경기도","312","광명의료기","경기도 광명시 디지털로 29, 108호 (철산동, 정인코아빌딩)","02-2613-7117","전동휠체어(가군, 나군) | 의료용 스쿠터 | 욕창예방방석 | 욕창예방매트리스 | 이동식전동리프트 | 전방보행차 | 수동휠체어","경기 광명시 디지털로 29","경기 광명시 철산동 448","14239","광명시","126.870827302869","37.4741635050399","ROAD_ADDR","A","경기도 광명시 디지털로 29, 108호 (철산동, 정인코아빌딩)","1"
"41","경기도","311","구구팔팔케어","경기도 고양시 덕양구 용현로53번길 60, 1층 일부호 (행신동)","010-8727-1902","전동휠체어(가군, 나군) | 의료용 스쿠터","경기 고양시 덕양구 용현로53번길 60","경기 고양시 덕양구 행신동 742","10525","고양시 덕양구","126.835018019861","37.6186255065468","ROAD_ADDR","A","경기도 고양시 덕양구 용현로53번길 60, 1층 일부호 (행신동)","1"
"41","경기도","310","구일의료기","경기도 성남시 분당구 서현로180번길 19, 1층 106-6호 (서현동, 비전월드)","031-707-9177","전동휠체어(가군, 나군) | 의료용 스쿠터 | 보청기 | 욕창예방방석 | 욕창예방매트리스 | 전방보행차 | 후방보행차 | 수동휠체어","경기 성남시 분당구 서현로180번길 19","경기 성남시 분당구 서현동 256","13590","성남시 분당구","127.12246451531","37.3873395397425","ROAD_ADDR","A","경기도 성남시 분당구 서현로180번길 19, 1층 106-6호 (서현동, 비전월드)","1"
"41","경기도","309","국립의료기","경기도 고양시 일산동구 강송로74번길 8-17 (백석동)","031-905-3384","전동휠체어(가군, 나군) | 의료용 스쿠터 | 보청기 | 욕창예방방석 | 욕창예방매트리스 | 전방보행차 | 후방보행차 | 수동휠체어","경기 고양시 일산동구 강송로74번길 8-17","경기 고양시 일산동구 백석동 1178-3","10445","고양시 일산동구","126.791322524707","37.6465729733739","ROAD_ADDR","A","경기도 고양시 일산동구 강송로74번길 8-17 (백석동)","1"
"41","경기도","308","국보의료기","경기도 광주시 경수길 49, 101동 B01호 (초월읍, 베스트타운)","031-762-6494","전동휠체어(가군, 나군) | 의료용 스쿠터 | 욕창예방방석 | 욕창예방매트리스 | 이동식전동리프트 | 수동휠체어","경기 광주시 초월읍 경수길 49","경기 광주시 초월읍 지월리 564-6","12728","광주시","127.289476427706","37.4185445433218","ROAD_ADDR","A","경기도 광주시 경수길 49, 101동 B01호 (초월읍, 베스트타운)","1"
"41","경기도","307","국제복지용구센터","경기도 이천시 남천로 16, 1층 (중리동)","010-7416-6603","전동휠체어(가군, 나군) | 의료용 스쿠터 | 욕창예방방석 | 욕창예방매트리스 | 이동식전동리프트 | 수동휠체어","경기 이천시 남천로 16","경기 이천시 중리동 234-1","17376","이천시","127.439082447719","37.2778191607651","ROAD_ADDR","A","경기도 이천시 남천로 16, 1층 (중리동)","1"
"41","경기도","306","국제의료기","경기도 부천시 부흥로 471-3 (소사동)","032-345-8700","전동휠체어(가군, 나군) | 의료용 스쿠터 | 보청기 | 욕창예방방석 | 욕창예방매트리스 | 전방보행차 | 후방보행차 | 수동휠체어","경기 부천시 원미구 부흥로 471-3","경기 부천시 원미구 소사동 5-49","14647","부천시 원미구","126.791247777408","37.4858149788016","ROAD_ADDR","A","경기도 부천시 부흥로 471-3 (소사동)","1"
"41","경기도","305","국제의료기","경기도 성남시 분당구 돌마로 80, 76-78호 (구미동, 현대벤처빌오피스텔)","031-728-2011","전동휠체어(가군, 나군) | 의료용 스쿠터 | 보청기 | 욕창예방방석 | 욕창예방매트리스 | 전방보행차 | 수동휠체어","경기 성남시 분당구 돌마로 80","경기 성남시 분당구 구미동 24-1","13627","성남시 분당구","127.110382441834","37.3496865749475","ROAD_ADDR","A","경기도 성남시 분당구 돌마로 80","2"
"41","경기도","304","국제의료기","경기도 수원시 권선구 권선로 652 (권선동)","031-233-0379","전동휠체어(가군, 나군) | 의료용 스쿠터 | 욕창예방방석 | 욕창예방매트리스 | 전방보행차 | 후방보행차 | 수동휠체어","경기 수원시 권선구 권선로 652","경기 수원시 권선구 권선동 967","16565","수원시 권선구","127.022440935946","37.2601276531827","ROAD_ADDR","A","경기도 수원시 권선구 권선로 652 (권선동)","1"
"41","경기도","303","굿모닝 의료기","경기도 평택시 중앙로 335, 상가동 105호 (비전동, 벽산아파트)","031-658-3678","전동휠체어(가군, 나군) | 의료용 스쿠터 | 욕창예방방석 | 욕창예방매트리스 | 전방보행차 | 후방보행차 | 수동휠체어","경기 평택시 중앙로 335","경기 평택시 비전동 889","17873","평택시","127.119287289843","36.9920396789805","ROAD_ADDR","A","경기도 평택시 중앙로 335, 상가동 105호 (비전동, 벽산아파트)","1"
"41","경기도","302","그린의료기복지용구","경기도 고양시 일산동구 강석로 123, A동 502호 (마두동, 뉴삼창마트)","031-909-0056","전동휠체어(가군, 나군) | 의료용 스쿠터 | 욕창예방방석 | 욕창예방매트리스 | 수동휠체어","경기 고양시 일산동구 강석로 123","경기 고양시 일산동구 마두동 802","10414","고양시 일산동구","126.778783672797","37.6519010573211","ROAD_ADDR","A","경기도 고양시 일산동구 강석로 123, A동 502호 (마두동, 뉴삼창마트)","1"
"41","경기도","301","근로복지공단 재활공학연구소 안산서비스센터","경기도 안산시 상록구 구룡로 87 (일동, 근로복지공단안산병원)","031-500-1737","의지·보조기(교정형신발 등) | 전동휠체어(가군, 나군) | 의료용 스쿠터 | 욕창예방방석 | 욕창예방매트리스 | 이동식전동리프트 | 수동휠체어","경기 안산시 상록구 구룡로 87","경기 안산시 상록구 일동 95","15324","안산시 상록구","126.874018392533","37.3168753542657","ROAD_ADDR","A","경기도 안산시 상록구 구룡로 87 (일동, 근로복지공단안산병원)","1"
"41","경기도","300","근면성실헬스케어","경기도 성남시 수정구 복정로158번길 4 지하1층, Y2호 (복정동)","010-2878-1348","전동휠체어(가군, 나군) | 의료용 스쿠터 | 욕창예방방석 | 욕창예방매트리스 | 수동휠체어","경기 성남시 수정구 복정로158번길 4","경기 성남시 수정구 복정동 641-1","13113","성남시 수정구","127.127336437044","37.4669785915682","ROAD_ADDR","A","경기도 성남시 수정구 복정로158번길 4 지하1층, Y2호 (복정동)","1"
"41","경기도","299","금빛행복나라","경기도 부천시 오정구 중동로 426, 1층 (삼정동, 창안빌딩)","032-676-0612","전동휠체어(가군, 나군) | 의료용 스쿠터 | 욕창예방방석 | 욕창예방매트리스 | 이동식전동리프트 | 전방보행차 | 후방보행차 | 수동휠체어","경기 부천시 오정구 중동로 426","경기 부천시 오정구 삼정동 303-1","14492","부천시 오정구","126.770461515521","37.5177540454231","ROAD_ADDR","A","경기도 부천시 오정구 중동로 426, 1층 (삼정동, 창안빌딩)","1"
"41","경기도","298","나눔의료기복지용구센터","경기도 평택시 통복시장2로 65 (비전동)","031-618-3564","전동휠체어(가군, 나군) | 의료용 스쿠터 | 욕창예방방석 | 욕창예방매트리스 | 이동식전동리프트 | 수동휠체어","경기 평택시 통복시장2로 65","경기 평택시 비전동 626-65","17895","평택시","127.089955711904","36.9954146752618","ROAD_ADDR","A","경기도 평택시 통복시장2로 65 (비전동)","1"
"41","경기도","297","나눔케어의료기","경기도 남양주시 진건읍 사릉로 408 (2층)","031-528-9355","전동휠체어(가군, 나군) | 의료용 스쿠터","경기 남양주시 진건읍 사릉로 408","경기 남양주시 진건읍 용정리 781-14","12136","남양주시","127.179179744054","37.6563509848874","ROAD_ADDR","A","경기도 남양주시 진건읍 사릉로 408 (2층)","1"
"41","경기도","296","나우의료기","경기도 고양시 일산동구 강송로73번길 7-19, 1층 (백석동)","031-905-7549","전동휠체어(가군, 나군) | 의료용 스쿠터 | 보청기 | 욕창예방방석 | 욕창예방매트리스 | 이동식전동리프트 | 전방보행차 | 후방보행차 | 수동휠체어","경기 고양시 일산동구 강송로73번길 7-19","경기 고양시 일산동구 백석동 1248","10446","고양시 일산동구","126.790805832474","37.6458431636843","ROAD_ADDR","A","경기도 고양시 일산동구 강송로73번길 7-19, 1층 (백석동)","1"
"41","경기도","295","나음종로의료기","경기도 안양시 동안구 관평로336번길 74 (관양동)","031-382-2570","전동휠체어(가군, 나군) | 의료용 스쿠터 | 보청기 | 욕창예방방석 | 욕창예방매트리스 | 전방보행차 | 후방보행차 | 수동휠체어","경기 안양시 동안구 관평로336번길 74","경기 안양시 동안구 관양동 1402-7","13937","안양시 동안구","126.957760900937","37.4037510292905","ROAD_ADDR","A","경기도 안양시 동안구 관평로336번길 74 (관양동)","1"
"41","경기도","294","남북의료기보청기","경기도 광명시 광명로 913 (광명동)","02-2682-1533","전동휠체어(가군, 나군) | 의료용 스쿠터 | 보청기 | 욕창예방방석 | 욕창예방매트리스 | 수동휠체어","경기 광명시 광명로 913","경기 광명시 광명동 158-88","14202","광명시","126.854590565982","37.4804435923531","ROAD_ADDR","A","경기도 광명시 광명로 913 (광명동)","1"
"41","경기도","293","남양의료기","경기도 화성시 남양로920번길 6, 1층 104호 (남양읍)","031-291-3777","전동휠체어(가군, 나군) | 의료용 스쿠터 | 보청기 | 욕창예방방석 | 욕창예방매트리스 | 이동식전동리프트 | 전방보행차 | 후방보행차 | 수동휠체어","경기 화성시 만세구 남양읍 남양로920번길 6","경기 화성시 만세구 남양읍 북양리 691-1","18256","화성시 만세구","126.83265480796","37.2177850362567","ROAD_ADDR","A","경기도 화성시 남양로920번길 6, 1층 104호 (남양읍)","1"
"41","경기도","292","뉴웨이인터내셔날","경기도 의정부시 용민로 70, 2층 201호 (용현동, 비콘드림시티오피스텔)","02-1644-2269","전동휠체어(가군, 나군) | 의료용 스쿠터 | 욕창예방방석 | 욕창예방매트리스 | 이동식전동리프트 | 수동휠체어","경기 의정부시 용민로 70","경기 의정부시 용현동 10-3","11785","의정부시","127.08610022849","37.7369354848262","ROAD_ADDR","A","경기도 의정부시 용민로 70, 2층 201호 (용현동, 비콘드림시티오피스텔)","1"
"41","경기도","291","다나의료기","경기도 고양시 일산동구 일산로 326, 102호 (마두동, 대신상가)","031-905-7577","전동휠체어(가군, 나군) | 의료용 스쿠터 | 보청기","경기 고양시 일산동구 일산로 326","경기 고양시 일산동구 마두동 857-1","10407","고양시 일산동구","126.784486159153","37.6645937211916","ROAD_ADDR","A","경기도 고양시 일산동구 일산로 326, 102호 (마두동, 대신상가)","1"
"41","경기도","290","다사랑보장구 수리센터","경기도 이천시 장터로 62, 1층 4호 (장호원읍)","031-634-8085","전동휠체어(가군, 나군) | 의료용 스쿠터 | 욕창예방방석 | 욕창예방매트리스 | 전방보행차 | 후방보행차 | 수동휠체어","경기 이천시 장호원읍 장터로 62","경기 이천시 장호원읍 장호원리 49-6","17420","이천시","127.631520979318","37.1156770889219","ROAD_ADDR","A","경기도 이천시 장터로 62, 1층 4호 (장호원읍)","1"
"41","경기도","289","다사랑복지협동조합","경기도 이천시 갈산로133번길 18-6, D동 1층 (갈산동)","031-637-1372","전동휠체어(가군, 나군) | 의료용 스쿠터 | 욕창예방방석 | 욕창예방매트리스 | 이동식전동리프트 | 전방보행차 | 후방보행차 | 수동휠체어","경기 이천시 갈산로133번길 18-6","경기 이천시 갈산동 225-4","17349","이천시","127.46817608738","37.2868898113909","ROAD_ADDR","A","경기도 이천시 갈산로133번길 18-6, D동 1층 (갈산동)","1"
"41","경기도","288","다솜메디칼","경기도 고양시 일산서구 일산로636번길 37-22 (대화동, 지하1층일부)","070-4007-0124","전동휠체어(가군, 나군) | 의료용 스쿠터","경기 고양시 일산서구 일산로636번길 37-22","경기 고양시 일산서구 대화동 2009-12","10369","고양시 일산서구","126.75895814775","37.6840631816316","ROAD_ADDR","A","경기도 고양시 일산서구 일산로636번길 37-22 (대화동, 지하1층일부)","1"
"41","경기도","287","다솜의료기","경기도 김포시 김포대로 2034 (통진읍)","070-4123-9225","전동휠체어(가군, 나군) | 의료용 스쿠터 | 보청기","경기 김포시 통진읍 김포대로 2034","경기 김포시 통진읍 도사리 510-3","10017","김포시","126.618098114701","37.6833341037933","ROAD_ADDR","A","경기도 김포시 김포대로 2034 (통진읍)","1"
"41","경기도","286","다솜힐링복지용구","경기도 평택시 팽성읍 안정순환로 240 (팽성읍)","031-656-3014","전동휠체어(가군, 나군) | 의료용 스쿠터 | 욕창예방방석 | 욕창예방매트리스 | 수동휠체어","경기 평택시 팽성읍 안정순환로 240","경기 평택시 팽성읍 안정리 31-5","17983","평택시","127.04872104477","36.9614528768379","ROAD_ADDR","A","경기도 평택시 팽성읍 안정순환로 240 (팽성읍)","1"
"41","경기도","285","다온노인복지재가센터 태평점","경기도 성남시 수정구 수정로171번길 21-3 1층 (태평동)","031-759-9500","전동휠체어(가군, 나군) | 의료용 스쿠터 | 수동휠체어","경기 성남시 수정구 수정로171번길 21-3","경기 성남시 수정구 태평동 3332-1","13291","성남시 수정구","127.137875863647","37.4446564411049","ROAD_ADDR","A","경기도 성남시 수정구 수정로171번길 21-3 1층 (태평동)","1"
"41","경기도","284","다우리실버케어","경기도 의정부시 송산로1181번길 107-11, 1층 (용현동)","","전동휠체어(가군, 나군) | 의료용 스쿠터 | 보청기 | 욕창예방방석 | 욕창예방매트리스 | 수동휠체어","경기 의정부시 송산로1181번길 107-11","경기 의정부시 용현동 145-13","11796","의정부시","127.083013687716","37.727342184425","ROAD_ADDR","A","경기도 의정부시 송산로1181번길 107-11, 1층 (용현동)","1"
"41","경기도","283","다움복지용구","경기도 부천시 소사구 소사로 198, 1층 (소사본동)","032-323-9677","전동휠체어(가군, 나군) | 의료용 스쿠터 | 욕창예방방석 | 욕창예방매트리스 | 수동휠체어","경기 부천시 소사구 소사로 198","경기 부천시 소사구 소사본동 160-11","14703","부천시 소사구","126.795737506737","37.4758382209489","ROAD_ADDR","A","경기도 부천시 소사구 소사로 198, 1층 (소사본동)","1"
"41","경기도","282","다인AD","경기도 양주시 고읍남로191번길 85-55 (광사동)","031-844-9008","전동휠체어(가군, 나군) | 의료용 스쿠터 | 욕창예방방석 | 욕창예방매트리스 | 이동식전동리프트 | 전방보행차 | 후방보행차 | 수동휠체어","경기 양주시 고읍남로191번길 85-55","경기 양주시 광사동 677-2","11491","양주시","127.080197231178","37.7907340469162","ROAD_ADDR","A","경기도 양주시 고읍남로191번길 85-55 (광사동)","1"
"41","경기도","281","닥터웰 의료기 백화점","경기도 부천시 경인옛로 136, B01호 (괴안동, 드라포레아파트)","","전동휠체어(가군, 나군) | 의료용 스쿠터 | 보청기 | 욕창예방방석 | 욕창예방매트리스 | 이동식전동리프트 | 전방보행차 | 후방보행차 | 수동휠체어","경기 부천시 소사구 경인옛로 136","경기 부천시 소사구 괴안동 3-14","14682","부천시 소사구","126.806227599037","37.4816994672614","ROAD_ADDR","A","경기도 부천시 경인옛로 136, B01호 (괴안동, 드라포레아파트)","1"
"41","경기도","280","담아보리","경기도 시흥시 은계중앙로 151, 1202동 103호 (은행동, 제일풍경채 더숲)","010-8475-8532","전동휠체어(가군, 나군) | 의료용 스쿠터 | 욕창예방방석 | 욕창예방매트리스 | 이동식전동리프트 | 수동휠체어","경기 시흥시 은계중앙로 151","경기 시흥시 은행동 625","14923","시흥시","126.807329282198","37.4403306396609","ROAD_ADDR","A","경기도 시흥시 은계중앙로 151, 1202동 103호 (은행동, 제일풍경채 더숲)","1"
"41","경기도","279","대길케어","경기도 수원시 장안구 월드컵로405번길 18-11, 1층 102호 (연무동)","031-252-9337","전동휠체어(가군, 나군) | 의료용 스쿠터 | 욕창예방방석 | 욕창예방매트리스 | 수동휠체어","경기 수원시 장안구 월드컵로405번길 18-11","경기 수원시 장안구 연무동 259-32","16221","수원시 장안구","127.026352443765","37.2921566671491","ROAD_ADDR","A","경기도 수원시 장안구 월드컵로405번길 18-11, 1층 102호 (연무동)","1"
"41","경기도","278","대성엠케어","경기도 하남시 서하남로47번길 115, 1층 (감북동)","02-485-5565","전동휠체어(가군, 나군) | 의료용 스쿠터 | 욕창예방방석 | 욕창예방매트리스 | 이동식전동리프트 | 전방보행차 | 후방보행차 | 수동휠체어","경기 하남시 서하남로47번길 115","경기 하남시 감북동 255-1","12991","하남시","127.15377530666","37.5199255922935","ROAD_ADDR","A","경기도 하남시 서하남로47번길 115, 1층 (감북동)","1"
"41","경기도","277","대세엠케어","경기도 안산시 상록구 구룡로 54, 101호 (일동)","02-6428-2333","전동휠체어(가군, 나군) | 의료용 스쿠터 | 욕창예방방석 | 욕창예방매트리스 | 수동휠체어","경기 안산시 상록구 구룡로 54","경기 안산시 상록구 일동 129-15","15324","안산시 상록구","126.870704010864","37.3139778392368","ROAD_ADDR","A","경기도 안산시 상록구 구룡로 54, 101호 (일동)","1"
"41","경기도","276","대세엠케어","경기도 용인시 처인구 백원로 519-5, 나동 (백암면, 미미음악학원)","031-335-7630","전동휠체어(가군, 나군) | 의료용 스쿠터 | 욕창예방방석 | 욕창예방매트리스 | 이동식전동리프트 | 전방보행차 | 후방보행차 | 수동휠체어","경기 용인시 처인구 백암면 백원로 519-5","경기 용인시 처인구 백암면 근창리 102-5","17177","용인시 처인구","127.369088767428","37.1642002296474","ROAD_ADDR","A","경기도 용인시 처인구 백원로 519-5, 나동 (백암면, 미미음악학원)","1"
"41","경기도","275","대신메디칼","경기도 부천시 소사로 706, 1층 3호 (원종동)","032-675-1275","전동휠체어(가군, 나군) | 의료용 스쿠터 | 욕창예방방석 | 욕창예방매트리스 | 이동식전동리프트 | 수동휠체어","경기 부천시 오정구 소사로 706","경기 부천시 오정구 원종동 372-5","14473","부천시 오정구","126.805100305748","37.5188389198374","ROAD_ADDR","A","경기도 부천시 소사로 706, 1층 3호 (원종동)","1"
"41","경기도","274","대왕 헬스케어","경기도 포천시 포천로 1333, 나동 2호 (군내면)","031-8089-8254","전동휠체어(가군, 나군) | 의료용 스쿠터 | 수동휠체어","경기 포천시 군내면 포천로 1333","경기 포천시 군내면 용정리 47-5","11154","포천시","127.213860367824","37.8790183390634","ROAD_ADDR","A","경기도 포천시 포천로 1333, 나동 2호 (군내면)","1"
"41","경기도","273","대진의료기","경기도 의정부시 태평로 60, 1층 (의정부동)","031-848-3800","전동휠체어(가군, 나군) | 의료용 스쿠터 | 보청기 | 수동휠체어","경기 의정부시 태평로 60","경기 의정부시 의정부동 145-12","11694","의정부시","127.051884068388","37.7378492728237","ROAD_ADDR","A","경기도 의정부시 태평로 60, 1층 (의정부동)","1"
"41","경기도","272","대학의료기","경기도 수원시 영통구 월드컵로 151 (원천동, 1층2호)","031-215-5970","전동휠체어(가군, 나군) | 의료용 스쿠터 | 욕창예방방석 | 욕창예방매트리스 | 전방보행차 | 수동휠체어","경기 수원시 영통구 월드컵로 151","경기 수원시 영통구 원천동 66-5","16501","수원시 영통구","127.048523411093","37.2772063744031","ROAD_ADDR","A","경기도 수원시 영통구 월드컵로 151 (원천동, 1층2호)","1"
"41","경기도","271","대한의료기","경기도 부천시 부일로 433 (심곡동)","032-611-3553","전동휠체어(가군, 나군) | 의료용 스쿠터 | 보청기 | 수동휠체어","경기 부천시 원미구 부일로 433","경기 부천시 원미구 심곡동 402-9","14635","부천시 원미구","126.778382426647","37.4867015634059","ROAD_ADDR","A","경기도 부천시 부일로 433 (심곡동)","1"
"41","경기도","270","더공감팩토리","경기도 용인시 기흥구 강남로 9, 703호 (구갈동, 태평양프라자)","010-5263-4819","전동휠체어(가군, 나군) | 의료용 스쿠터 | 욕창예방방석 | 욕창예방매트리스 | 이동식전동리프트 | 전방보행차 | 후방보행차 | 수동휠체어","경기 용인시 기흥구 강남로 9","경기 용인시 기흥구 구갈동 579-2","16977","용인시 기흥구","127.126755130047","37.2715415561679","ROAD_ADDR","A","경기도 용인시 기흥구 강남로 9, 703호 (구갈동, 태평양프라자)","1"
"41","경기도","269","더온케어","경기도 광주시 산이길 10, 1층 103호 (초월읍)","010-2734-9477","전동휠체어(가군, 나군) | 의료용 스쿠터 | 수동휠체어","경기 광주시 초월읍 산이길 10","경기 광주시 초월읍 산이리 13-18","12807","광주시","127.313970125544","37.3616947464408","ROAD_ADDR","A","경기도 광주시 산이길 10, 1층 103호 (초월읍)","1"
"41","경기도","268","돌보인방문요양센터 화성점","경기도 화성시 병점동로134번길 11, 401호 (진안동, 현재빌딩)","031-613-3768","전동휠체어(가군, 나군) | 의료용 스쿠터","경기 화성시 병점구 병점동로134번길 11","경기 화성시 병점구 진안동 857-7","18392","화성시 병점구","127.039037760093","37.2160546227282","ROAD_ADDR","A","경기도 화성시 병점동로134번길 11, 401호 (진안동, 현재빌딩)","1"
"41","경기도","267","동국의료기","경기도 고양시 일산동구 동국로 27, 지하동 1층 (식사동)","031-961-9188","전동휠체어(가군, 나군) | 의료용 스쿠터 | 욕창예방방석 | 욕창예방매트리스 | 이동식전동리프트 | 전방보행차 | 후방보행차 | 수동휠체어","경기 고양시 일산동구 동국로 27","경기 고양시 일산동구 식사동 814","10326","고양시 일산동구","126.805564482481","37.6764354232648","ROAD_ADDR","A","경기도 고양시 일산동구 동국로 27, 지하동 1층 (식사동)","1"
"41","경기도","266","동두천의료기","경기도 동두천시 중앙로 306 (생연동)","031-862-8640","전동휠체어(가군, 나군) | 의료용 스쿠터 | 보청기 | 욕창예방방석 | 욕창예방매트리스 | 이동식전동리프트 | 전방보행차 | 수동휠체어","경기 동두천시 중앙로 306","경기 동두천시 생연동 611-76","11325","동두천시","127.055036331121","37.9087533471454","ROAD_ADDR","A","경기도 동두천시 중앙로 306 (생연동)","1"
"41","경기도","265","동백의료기","경기도 용인시 기흥구 동백죽전대로 331, B112호 (중동)","031-286-8824","전동휠체어(가군, 나군) | 의료용 스쿠터 | 보청기 | 욕창예방방석 | 욕창예방매트리스 | 이동식전동리프트 | 전방보행차 | 후방보행차 | 수동휠체어","경기 용인시 기흥구 동백죽전대로 331","경기 용인시 기흥구 중동 724-11","16995","용인시 기흥구","127.15128128964","37.2696730115485","ROAD_ADDR","A","경기도 용인시 기흥구 동백죽전대로 331, B112호 (중동)","1"
"41","경기도","264","동부케어군포종합복지센터","경기도 군포시 금산로22번길 6, 가동 301호 (금정동, 태을빌딩)","031-427-9915","전동휠체어(가군, 나군) | 의료용 스쿠터 | 보청기 | 욕창예방방석 | 욕창예방매트리스 | 이동식전동리프트 | 전방보행차 | 후방보행차 | 수동휠체어","경기 군포시 금산로22번길 6","경기 군포시 금정동 725-1","15813","군포시","126.94095215358","37.3645374051573","ROAD_ADDR","A","경기도 군포시 금산로22번길 6, 가동 301호 (금정동, 태을빌딩)","1"
"41","경기도","263","동산의료기","경기도 평택시 중앙로 8 (통복동)","031-651-0309","전동휠체어(가군, 나군) | 의료용 스쿠터 | 전방보행차 | 수동휠체어","경기 평택시 중앙로 8","경기 평택시 통복동 111-29","17911","평택시","127.084013156315","36.995223314659","ROAD_ADDR","A","경기도 평택시 중앙로 8 (통복동)","1"
"41","경기도","262","동성의료기","경기도 안성시 중앙로400번길 18 (서인동)","031-676-2725","전동휠체어(가군, 나군) | 의료용 스쿠터 | 보청기 | 욕창예방방석 | 욕창예방매트리스 | 전방보행차 | 후방보행차 | 수동휠체어","경기 안성시 중앙로400번길 18","경기 안성시 서인동 13-43","17592","안성시","127.27100934466","37.0064565922801","ROAD_ADDR","A","경기도 안성시 중앙로400번길 18 (서인동)","1"
"41","경기도","261","동아메디칼","경기도 의정부시 중금로 1, 1층 (금오동)","031-841-9910","전동휠체어(가군, 나군) | 의료용 스쿠터 | 욕창예방방석 | 욕창예방매트리스 | 이동식전동리프트 | 수동휠체어","경기 의정부시 중금로 1","경기 의정부시 금오동 215-11","11762","의정부시","127.066349049183","37.7531564990614","ROAD_ADDR","A","경기도 의정부시 중금로 1, 1층 (금오동)","1"
"41","경기도","260","동인의료기","경기도 안성시 중앙로400번길 53 (창전동)","031-676-8490","전동휠체어(가군, 나군) | 의료용 스쿠터 | 보청기 | 욕창예방방석 | 욕창예방매트리스 | 이동식전동리프트 | 전방보행차 | 후방보행차 | 수동휠체어","경기 안성시 중앙로400번길 53","경기 안성시 창전동 371-6","17592","안성시","127.271108724445","37.0047646800994","ROAD_ADDR","A","경기도 안성시 중앙로400번길 53 (창전동)","1"
"41","경기도","259","동탄케어","경기도 화성시 병점중앙로242번길 23-4, 1층 (진안동)","031-234-8259","전동휠체어(가군, 나군) | 의료용 스쿠터 | 욕창예방방석 | 욕창예방매트리스 | 이동식전동리프트 | 전방보행차 | 후방보행차 | 수동휠체어","경기 화성시 병점구 병점중앙로242번길 23-4","경기 화성시 병점구 진안동 925-5","18389","화성시 병점구","127.03738013894","37.2190432168121","ROAD_ADDR","A","경기도 화성시 병점중앙로242번길 23-4, 1층 (진안동)","1"
"41","경기도","258","두솔의료기","경기도 고양시 일산동구 강송로 41, 111호 (백석동, 윈스턴파크)","031-908-6625","전동휠체어(가군, 나군) | 의료용 스쿠터 | 욕창예방방석 | 욕창예방매트리스 | 이동식전동리프트 | 전방보행차 | 후방보행차 | 수동휠체어","경기 고양시 일산동구 강송로 41","경기 고양시 일산동구 백석동 1239","10450","고양시 일산동구","126.791573480755","37.644433944361","ROAD_ADDR","A","경기도 고양시 일산동구 강송로 41, 111호 (백석동, 윈스턴파크)","1"
"41","경기도","257","드림 보조기구 센터","경기도 성남시 분당구 매화로38번길 7, 1층 102호 (야탑동)","031-709-0853","전동휠체어(가군, 나군) | 의료용 스쿠터 | 욕창예방방석 | 욕창예방매트리스 | 수동휠체어","경기 성남시 분당구 매화로38번길 7","경기 성남시 분당구 야탑동 297-13","13504","성남시 분당구","127.134624597643","37.410983075482","ROAD_ADDR","A","경기도 성남시 분당구 매화로38번길 7, 1층 102호 (야탑동)","1"
"41","경기도","256","디와이","경기도 성남시 수정구 산성대로 189, 6층 604호 (수진동, 수산타워)","02-3401-2200","전동휠체어(가군, 나군) | 의료용 스쿠터 | 이동식전동리프트 | 수동휠체어","경기 성남시 수정구 산성대로 189","경기 성남시 수정구 수진동 2216","13337","성남시 수정구","127.139321895486","37.4371621795003","ROAD_ADDR","A","경기도 성남시 수정구 산성대로 189, 6층 604호 (수진동, 수산타워)","1"
"41","경기도","255","땡큐시니어건강의료기","경기도 고양시 일산서구 호수로856번길 65-1, 1층 (대화동)","070-8875-0899","전동휠체어(가군, 나군) | 의료용 스쿠터 | 보청기 | 욕창예방방석 | 욕창예방매트리스 | 이동식전동리프트 | 전방보행차 | 후방보행차 | 수동휠체어","경기 고양시 일산서구 호수로856번길 65-1","경기 고양시 일산서구 대화동 2252-10","10383","고양시 일산서구","126.74944994761","37.6732114638518","ROAD_ADDR","A","경기도 고양시 일산서구 호수로856번길 65-1, 1층 (대화동)","1"
"41","경기도","254","라온케어","경기도 양주시 고읍남로191번길 69-21, 1층 (광사동)","031-851-0242","전동휠체어(가군, 나군) | 의료용 스쿠터 | 욕창예방방석 | 욕창예방매트리스 | 이동식전동리프트 | 전방보행차 | 후방보행차 | 수동휠체어","경기 양주시 고읍남로191번길 69-21","경기 양주시 광사동 680-7","11491","양주시","127.081000910771","37.7906226788893","ROAD_ADDR","A","경기도 양주시 고읍남로191번길 69-21, 1층 (광사동)","1"
"41","경기도","253","라이호의료기","경기도 시흥시 군자천로 381, B1층 6호 (정왕동, 시화병원)","010-8942-0853","전동휠체어(가군, 나군) | 의료용 스쿠터 | 욕창예방방석 | 욕창예방매트리스 | 이동식전동리프트 | 전방보행차 | 후방보행차 | 수동휠체어","경기 시흥시 군자천로 381","경기 시흥시 정왕동 1842-3","15034","시흥시","126.736840890651","37.3498755195619","ROAD_ADDR","A","경기도 시흥시 군자천로 381, B1층 6호 (정왕동, 시화병원)","1"
"41","경기도","252","라인메디케어","경기도 화성시 오래3길 14, 101호 (봉담읍)","010-9457-0075","전동휠체어(가군, 나군) | 의료용 스쿠터 | 욕창예방방석 | 욕창예방매트리스 | 수동휠체어","경기 화성시 효행구 봉담읍 오래3길 14","경기 화성시 효행구 봉담읍 동화리 561-2","18303","화성시 효행구","126.954649289538","37.2198639017947","ROAD_ADDR","A","경기도 화성시 오래3길 14, 101호 (봉담읍)","1"
"41","경기도","251","래미안보장구","경기도 고양시 일산동구 강송로87번길 8-3 (백석동)","031-907-7762","의지·보조기(교정형신발 등) | 전동휠체어(가군, 나군) | 의료용 스쿠터 | 자세보조용구 | 욕창예방방석 | 욕창예방매트리스 | 이동식전동리프트 | 전방보행차 | 후방보행차 | 수동휠체어","경기 고양시 일산동구 강송로87번길 8-3","경기 고양시 일산동구 백석동 1252-5","10446","고양시 일산동구","126.788358404117","37.6473754234926","ROAD_ADDR","A","경기도 고양시 일산동구 강송로87번길 8-3 (백석동)","1"
"41","경기도","250","리드생활건강","경기도 성남시 수정구 위례한빛로 43-10, 101호 (창곡동)","010-4234-5208","전동휠체어(가군, 나군) | 욕창예방방석 | 욕창예방매트리스 | 이동식전동리프트 | 전방보행차 | 후방보행차 | 수동휠체어","경기 성남시 수정구 위례한빛로 43-10","경기 성남시 수정구 창곡동 581-12","13644","성남시 수정구","127.149425599348","37.4653048660382","ROAD_ADDR","A","경기도 성남시 수정구 위례한빛로 43-10, 101호 (창곡동)","1"
"41","경기도","249","마석의료기","경기도 남양주시 마석중앙로28번길 15, 103호 (화도읍, 성심빌딩)","031-593-7258","전동휠체어(가군, 나군) | 욕창예방방석 | 수동휠체어","경기 남양주시 화도읍 마석중앙로28번길 15","경기 남양주시 화도읍 창현리 497-1","12179","남양주시","127.303785609596","37.6523162065133","ROAD_ADDR","A","경기도 남양주시 마석중앙로28번길 15, 103호 (화도읍, 성심빌딩)","1"
"41","경기도","248","만경의료기","경기도 고양시 일산서구 호수로856번길 73-6 (대화동, １층)","031-919-1945","전동휠체어(가군, 나군) | 의료용 스쿠터 | 보청기 | 욕창예방방석 | 욕창예방매트리스 | 이동식전동리프트 | 전방보행차 | 수동휠체어","경기 고양시 일산서구 호수로856번길 73-6","경기 고양시 일산서구 대화동 2250-4","10383","고양시 일산서구","126.749572707446","37.6738523194756","ROAD_ADDR","A","경기도 고양시 일산서구 호수로856번길 73-6 (대화동, １층)","1"
"41","경기도","247","메디신월드약국","경기도 수원시 팔달구 정조로715번길 18 (매교동)","031-235-3040","전동휠체어(가군, 나군) | 의료용 스쿠터","경기 수원시 팔달구 정조로715번길 18","경기 수원시 팔달구 매교동 28-3","16465","수원시 팔달구","127.016103353806","37.2711793330643","ROAD_ADDR","A","경기도 수원시 팔달구 정조로715번길 18 (매교동)","1"
"41","경기도","246","메디앤샵","경기도 부천시 소사로 822, 1층 1호 (원종동)","0505-974-7575","전동휠체어(가군, 나군) | 의료용 스쿠터 | 욕창예방방석 | 욕창예방매트리스 | 전방보행차 | 후방보행차 | 수동휠체어","경기 부천시 오정구 소사로 822","경기 부천시 오정구 원종동 174","14412","부천시 오정구","126.805188493856","37.5295146666163","ROAD_ADDR","A","경기도 부천시 소사로 822, 1층 1호 (원종동)","1"
"41","경기도","245","메디타운","경기도 광주시 산이길 10 (초월읍)","031-769-9054","전동휠체어(가군, 나군) | 의료용 스쿠터 | 욕창예방방석 | 욕창예방매트리스 | 이동식전동리프트 | 수동휠체어","경기 광주시 초월읍 산이길 10","경기 광주시 초월읍 산이리 13-18","12807","광주시","127.313970125544","37.3616947464408","ROAD_ADDR","A","경기도 광주시 산이길 10 (초월읍)","1"
"41","경기도","244","메디파크","경기도 광주시 산이길 10 (초월읍)","010-5500-5320","전동휠체어(가군, 나군) | 의료용 스쿠터 | 욕창예방방석 | 욕창예방매트리스 | 이동식전동리프트 | 전방보행차 | 후방보행차 | 수동휠체어","경기 광주시 초월읍 산이길 10","경기 광주시 초월읍 산이리 13-18","12807","광주시","127.313970125544","37.3616947464408","ROAD_ADDR","A","경기도 광주시 산이길 10 (초월읍)","1"
"41","경기도","243","메디파크1","경기도 성남시 중원구 박석로93번길 29-18, 1층 (상대원동)","010-9753-5688","전동휠체어(가군, 나군) | 의료용 스쿠터 | 욕창예방방석 | 욕창예방매트리스 | 이동식전동리프트 | 전방보행차 | 후방보행차 | 수동휠체어","경기 성남시 중원구 박석로93번길 29-18","경기 성남시 중원구 상대원동 2491","13238","성남시 중원구","127.162781846217","37.4386521212193","ROAD_ADDR","A","경기도 성남시 중원구 박석로93번길 29-18, 1층 (상대원동)","1"
"41","경기도","242","모닝의료기","경기도 평택시 중앙로 338, 지하1층 (합정동)","031-5182-7781","전동휠체어(가군, 나군) | 의료용 스쿠터 | 욕창예방방석 | 욕창예방매트리스 | 전방보행차 | 수동휠체어","경기 평택시 중앙로 338","경기 평택시 합정동 883","17874","평택시","127.120457290577","36.9905768505058","ROAD_ADDR","A","경기도 평택시 중앙로 338, 지하1층 (합정동)","1"
"41","경기도","241","모두클릭(MODUCLICK)","경기도 성남시 분당구 야탑로65번길 8, 2층 220호 (야탑동, 나인투빌딩)","031-701-3956","전동휠체어(가군, 나군) | 의료용 스쿠터 | 욕창예방방석 | 수동휠체어","경기 성남시 분당구 야탑로65번길 8","경기 성남시 분당구 야탑동 354-4","13497","성남시 분당구","127.126354008002","37.4105234033369","ROAD_ADDR","A","경기도 성남시 분당구 야탑로65번길 8, 2층 220호 (야탑동, 나인투빌딩)","1"
"41","경기도","240","모션케어","경기도 화성시 동탄치동천로2길 3-5 104호, 1층 (영천동)","010-8860-9787","전동휠체어(가군, 나군) | 의료용 스쿠터 | 욕창예방방석 | 욕창예방매트리스 | 이동식전동리프트 | 전방보행차 | 후방보행차 | 수동휠체어","경기 화성시 동탄구 동탄치동천로2길 3-5","경기 화성시 동탄구 영천동 747-3","18474","화성시 동탄구","127.124517264246","37.203808007392","ROAD_ADDR","A","경기도 화성시 동탄치동천로2길 3-5 104호, 1층 (영천동)","1"
"41","경기도","239","미금의료기","경기도 성남시 분당구 돌마로 80, 1층 56,57호 (구미동, 현대벤처빌오피스텔)","031-712-8145","전동휠체어(가군, 나군) | 의료용 스쿠터 | 보청기 | 욕창예방방석 | 욕창예방매트리스 | 전방보행차 | 후방보행차 | 수동휠체어","경기 성남시 분당구 돌마로 80","경기 성남시 분당구 구미동 24-1","13627","성남시 분당구","127.110382441834","37.3496865749475","ROAD_ADDR","A","경기도 성남시 분당구 돌마로 80, 1층 56,57호 (구미동, 현대벤처빌오피스텔)","1"
"41","경기도","238","미소케어","경기도 부천시 부천로80번길 19, 1층 (심곡동)","032-611-4454","전동휠체어(가군, 나군) | 의료용 스쿠터 | 욕창예방방석 | 욕창예방매트리스 | 이동식전동리프트 | 수동휠체어","경기 부천시 원미구 부천로80번길 19","경기 부천시 원미구 심곡동 120-11","14573","부천시 원미구","126.785193053634","37.490884719765","ROAD_ADDR","A","경기도 부천시 부천로80번길 19, 1층 (심곡동)","1"
"41","경기도","237","바이오스피릿주식회사","경기도 성남시 수정구 수정남로62번길 20-1 1-2층 (수진동)","031-3089-6675","전동휠체어(가군, 나군) | 의료용 스쿠터 | 보청기 | 수동휠체어","경기 성남시 수정구 수정남로62번길 20-1","경기 성남시 수정구 수진동 938","13331","성남시 수정구","127.135312892494","37.4392646698621","ROAD_ADDR","A","경기도 성남시 수정구 수정남로62번길 20-1 1-2층 (수진동)","1"
"41","경기도","236","바이칼스토어","경기도 고양시 덕양구 삼송로 12, B2층 208호 (원흥동)","010-3157-0030","전동휠체어(가군, 나군) | 의료용 스쿠터 | 욕창예방방석 | 욕창예방매트리스 | 이동식전동리프트 | 전방보행차 | 후방보행차 | 수동휠체어","경기 고양시 덕양구 삼송로 12","경기 고양시 덕양구 원흥동 629-1","10564","고양시 덕양구","126.875530670502","37.6496166416452","ROAD_ADDR","A","경기도 고양시 덕양구 삼송로 12, B2층 208호 (원흥동)","1"
"41","경기도","235","백석의료기","경기도 고양시 일산동구 장백로 56 1층 109호 (백석동, 크리스탈빌딩)","031-901-3991","전동휠체어(가군, 나군) | 의료용 스쿠터 | 욕창예방방석 | 욕창예방매트리스 | 이동식전동리프트 | 수동휠체어","경기 고양시 일산동구 장백로 56","경기 고양시 일산동구 백석동 1331-1","10447","고양시 일산동구","126.786795614579","37.6429693287681","ROAD_ADDR","A","경기도 고양시 일산동구 장백로 56 1층 109호 (백석동, 크리스탈빌딩)","1"
"41","경기도","234","백세플러스 의료기","경기도 가평군 강변로 47, B동 2호 (청평면, 빅스포츠타운)","031-585-2080","전동휠체어(가군, 나군) | 의료용 스쿠터 | 욕창예방방석 | 욕창예방매트리스 | 전방보행차 | 수동휠체어","경기 가평군 청평면 강변로 47","경기 가평군 청평면 청평리 79-5","12453","가평군","127.417593398392","37.7340516006499","ROAD_ADDR","A","경기도 가평군 강변로 47, B동 2호 (청평면, 빅스포츠타운)","1"
"41","경기도","233","백암의료기","경기도 용인시 처인구 백암로201번길 19 (백암면, 장평청과)","031-335-9992","전동휠체어(가군, 나군) | 의료용 스쿠터 | 욕창예방매트리스 | 수동휠체어","경기 용인시 처인구 백암면 백암로201번길 19","경기 용인시 처인구 백암면 백암리 420-2","17178","용인시 처인구","127.372930016236","37.1647531635588","ROAD_ADDR","A","경기도 용인시 처인구 백암로201번길 19 (백암면, 장평청과)","1"
"41","경기도","232","백합복지용구센터","경기도 고양시 일산서구 탄중로275번길 66, 2층 (탄현동)","","전동휠체어(가군, 나군) | 의료용 스쿠터 | 보청기 | 이동식전동리프트 | 전방보행차 | 수동휠체어","경기 고양시 일산서구 탄중로275번길 66","경기 고양시 일산서구 탄현동 5-4","10247","고양시 일산서구","126.776344071506","37.6973528519236","ROAD_ADDR","A","경기도 고양시 일산서구 탄중로275번길 66, 2층 (탄현동)","1"
"41","경기도","231","버디휠","경기도 김포시 양곡2로60번길 68-15, 101호 (양촌읍)","010-3370-7140","전동휠체어(가군, 나군) | 의료용 스쿠터 | 욕창예방방석 | 욕창예방매트리스 | 이동식전동리프트 | 전방보행차 | 후방보행차 | 수동휠체어","경기 김포시 양촌읍 양곡2로60번길 68-15","경기 김포시 양촌읍 양곡리 1299-16","10060","김포시","126.630821372399","37.657388780241","ROAD_ADDR","A","경기도 김포시 양곡2로60번길 68-15, 101호 (양촌읍)","1"
"41","경기도","230","버팀목사회적협동조합","경기도 여주시 여흥로160번길 32 제상가동 (상동)","031-883-7894","전동휠체어(가군, 나군) | 의료용 스쿠터 | 욕창예방방석 | 욕창예방매트리스 | 이동식전동리프트 | 전방보행차 | 후방보행차 | 수동휠체어","경기 여주시 여흥로160번길 32","경기 여주시 상동 377","12630","여주시","127.640023374172","37.2928756425612","ROAD_ADDR","A","경기도 여주시 여흥로160번길 32 제상가동 (상동)","1"
"41","경기도","229","번창 보조기기센터","경기도 광주시 통미로 66-1 (송정동)","031-763-2958","전동휠체어(가군, 나군) | 의료용 스쿠터 | 보청기 | 욕창예방방석 | 욕창예방매트리스 | 이동식전동리프트 | 전방보행차 | 후방보행차 | 수동휠체어","경기 광주시 통미로 66-1","경기 광주시 송정동 581-5","12744","광주시","127.253348046385","37.4159465123573","ROAD_ADDR","A","경기도 광주시 통미로 66-1 (송정동)","1"
"41","경기도","228","베스트","경기도 성남시 중원구 원터로2번길 1, 1층 (하대원동)","031-757-6625","전동휠체어(가군, 나군) | 의료용 스쿠터 | 수동휠체어","경기 성남시 중원구 원터로2번길 1","경기 성남시 중원구 하대원동 146-9","13406","성남시 중원구","127.144975018028","37.4276648926499","ROAD_ADDR","A","경기도 성남시 중원구 원터로2번길 1, 1층 (하대원동)","1"
"41","경기도","227","보건의료기","경기도 안성시 중앙로400번길 5 (동본동)","070-7834-7877","전동휠체어(가군, 나군) | 의료용 스쿠터 | 보청기 | 욕창예방방석 | 욕창예방매트리스 | 이동식전동리프트 | 전방보행차 | 후방보행차 | 수동휠체어","경기 안성시 중앙로400번길 5","경기 안성시 동본동 51","17592","안성시","127.271349721636","37.0069467222055","ROAD_ADDR","A","경기도 안성시 중앙로400번길 5 (동본동)","1"
"41","경기도","226","복음의료기","경기도 부천시 부흥로177번길 26 (중동)","032-654-0173","전동휠체어(가군, 나군) | 의료용 스쿠터 | 욕창예방매트리스 | 수동휠체어","경기 부천시 원미구 부흥로177번길 26","경기 부천시 원미구 중동 590","14585","부천시 원미구","126.762737387498","37.4974536015831","ROAD_ADDR","A","경기도 부천시 부흥로177번길 26 (중동)","1"
"41","경기도","225","봄날의료기","경기도 남양주시 호평로 134, 상가동 504호 (호평동, 호평아카데미)","031-511-1874","전동휠체어(가군, 나군) | 의료용 스쿠터 | 수동휠체어","경기 남양주시 호평로 134","경기 남양주시 호평동 674-1","12152","남양주시","127.254916446974","37.6563682228675","ROAD_ADDR","A","경기도 남양주시 호평로 134, 상가동 504호 (호평동, 호평아카데미)","1"
"41","경기도","224","부르미","경기도 수원시 권선구 서호로 135-10, 102호 (서둔동)","031-269-3609","전동휠체어(가군, 나군) | 의료용 스쿠터 | 욕창예방방석 | 욕창예방매트리스 | 이동식전동리프트 | 전방보행차 | 후방보행차 | 수동휠체어","경기 수원시 권선구 서호로 135-10","경기 수원시 권선구 서둔동 202-2","16616","수원시 권선구","126.985428765245","37.2711420482452","ROAD_ADDR","A","경기도 수원시 권선구 서호로 135-10, 102호 (서둔동)","1"
"41","경기도","223","부천 장애인 보장구 클리너 센터","경기도 부천시 원미구 부천로148번길 47-2, 1층 2호 (원미동)","032-216-0223","전동휠체어(가군, 나군) | 의료용 스쿠터 | 욕창예방방석 | 욕창예방매트리스 | 이동식전동리프트 | 전방보행차 | 후방보행차 | 수동휠체어","경기 부천시 원미구 부천로148번길 47-2","경기 부천시 원미구 원미동 62-28","14567","부천시 원미구","126.788370392192","37.4970474747688","ROAD_ADDR","A","경기도 부천시 원미구 부천로148번길 47-2, 1층 2호 (원미동)","1"
"41","경기도","222","분당의료기","경기도 성남시 분당구 돌마로 80, 1층 101호 (구미동, 현대벤처빌오피스텔)","031-717-5678","전동휠체어(가군, 나군) | 의료용 스쿠터 | 욕창예방방석 | 욕창예방매트리스 | 이동식전동리프트 | 전방보행차 | 수동휠체어","경기 성남시 분당구 돌마로 80","경기 성남시 분당구 구미동 24-1","13627","성남시 분당구","127.110382441834","37.3496865749475","ROAD_ADDR","A","경기도 성남시 분당구 돌마로 80, 1층 101호 (구미동, 현대벤처빌오피스텔)","1"
"41","경기도","221","분당튼튼의료기","경기도 성남시 분당구 돌마로 80 , 101-20호 (구미동, 현대벤처빌오피스텔)","031-719-7575","전동휠체어(가군, 나군) | 욕창예방방석 | 욕창예방매트리스 | 수동휠체어","경기 성남시 분당구 돌마로 80","경기 성남시 분당구 구미동 24-1","13627","성남시 분당구","127.110382441834","37.3496865749475","ROAD_ADDR","A","경기도 성남시 분당구 돌마로 80","2"
"41","경기도","220","비전의료기","경기도 평택시 중앙로 210, 1층 3호 (합정동)","010-3447-0070","전동휠체어(가군, 나군) | 의료용 스쿠터 | 욕창예방방석 | 욕창예방매트리스 | 이동식전동리프트 | 전방보행차 | 후방보행차 | 수동휠체어","경기 평택시 중앙로 210","경기 평택시 합정동 773-2","17904","평택시","127.106155943137","36.9908628983728","ROAD_ADDR","A","경기도 평택시 중앙로 210, 1층 3호 (합정동)","1"
"41","경기도","219","빠른케어 북부","경기도 의정부시 백석로 41, 상가동 2층 204호 (호원동, 삼익1차아파트)","031-855-8209","전동휠체어(가군, 나군) | 욕창예방방석 | 욕창예방매트리스 | 수동휠체어","경기 의정부시 백석로 41","경기 의정부시 호원동 351-1","11627","의정부시","127.043072081402","37.7306889377022","ROAD_ADDR","A","경기도 의정부시 백석로 41, 상가동 2층 204호 (호원동, 삼익1차아파트)","1"
"41","경기도","218","사단법인 샘솟는공동체","경기도 의정부시 용민로26번길 33, 1층 101호 (용현동)","031-829-0973","전동휠체어(가군, 나군) | 의료용 스쿠터 | 수동휠체어","경기 의정부시 용민로26번길 33","경기 의정부시 용현동 270-42","11785","의정부시","127.083472616607","37.7357061095804","ROAD_ADDR","A","경기도 의정부시 용민로26번길 33, 1층 101호 (용현동)","1"
"41","경기도","217","삼마메디칼","경기도 남양주시 고래산로451번길 147, 1층 (조안면, 송백목)","031-576-0373","전동휠체어(가군, 나군) | 의료용 스쿠터 | 자세보조용구 | 욕창예방방석 | 욕창예방매트리스 | 이동식전동리프트 | 전방보행차 | 후방보행차 | 수동휠체어","경기 남양주시 조안면 고래산로451번길 147","경기 남양주시 조안면 시우리 산 23-7","12279","남양주시","127.304456991453","37.597259592645","ROAD_ADDR","A","경기도 남양주시 고래산로451번길 147, 1층 (조안면, 송백목)","1"
"41","경기도","216","삼성의료기","경기도 성남시 분당구 돌마로 80, 70호 (구미동, 현대벤처빌오피스텔)","031-728-2811","전동휠체어(가군, 나군) | 보청기 | 욕창예방방석 | 욕창예방매트리스 | 이동식전동리프트 | 전방보행차 | 후방보행차 | 수동휠체어","경기 성남시 분당구 돌마로 80","경기 성남시 분당구 구미동 24-1","13627","성남시 분당구","127.110382441834","37.3496865749475","ROAD_ADDR","A","경기도 성남시 분당구 돌마로 80, 70호 (구미동, 현대벤처빌오피스텔)","1"
"41","경기도","215","삼성의료기","경기도 양평군 양평읍(양평읍) 시민로 2","031-772-9055","전동휠체어(가군, 나군) | 의료용 스쿠터 | 보청기 | 욕창예방방석 | 욕창예방매트리스 | 이동식전동리프트 | 전방보행차 | 후방보행차 | 수동휠체어","경기 양평군 양평읍 시민로 2","경기 양평군 양평읍 양근리 299-8","12562","양평군","127.492561852759","37.4888270252587","ROAD_ADDR","A","경기도 양평군 양평읍(양평읍) 시민로 2","1"
"41","경기도","214","삼성의료기상사","경기도 안양시 만안구 삼덕로 12 (안양동)","031-443-5431","전동휠체어(가군, 나군) | 의료용 스쿠터 | 보청기 | 욕창예방방석 | 욕창예방매트리스 | 전방보행차 | 수동휠체어","경기 안양시 만안구 삼덕로 12","경기 안양시 만안구 안양동 627-209","13999","안양시 만안구","126.924065987676","37.3936568074274","ROAD_ADDR","A","경기도 안양시 만안구 삼덕로 12 (안양동)","1"
"41","경기도","213","삼우의료기","경기도 시흥시 삼미시장1길 19 (신천동, 삼미상가 A동 1층 1호)","031-312-0011","전동휠체어(가군, 나군) | 의료용 스쿠터 | 보청기 | 욕창예방방석 | 욕창예방매트리스 | 전방보행차 | 수동휠체어","경기 시흥시 삼미시장1길 19","경기 시흥시 신천동 738-2","14948","시흥시","126.783935242547","37.4405931113597","ROAD_ADDR","A","경기도 시흥시 삼미시장1길 19 (신천동, 삼미상가 A동 1층 1호)","1"
"41","경기도","212","상명의료기","경기도 용인시 기흥구 신구로12번길 9 (구갈동)","031-284-8240","전동휠체어(가군, 나군) | 의료용 스쿠터 | 보청기 | 욕창예방방석 | 욕창예방매트리스 | 수동휠체어","경기 용인시 기흥구 신구로12번길 9","경기 용인시 기흥구 구갈동 412-9","16970","용인시 기흥구","127.110361313005","37.2735778360896","ROAD_ADDR","A","경기도 용인시 기흥구 신구로12번길 9 (구갈동)","1"
"41","경기도","211","새봄의료기복지용구센터","경기도 부천시 장말로271번길 12-4, 1층 (심곡동)","032-326-4222","전동휠체어(가군, 나군) | 의료용 스쿠터 | 욕창예방방석 | 욕창예방매트리스 | 전방보행차 | 수동휠체어","경기 부천시 원미구 장말로271번길 12-4","경기 부천시 원미구 심곡동 308-16","14611","부천시 원미구","126.772387740125","37.4920971930166","ROAD_ADDR","A","경기도 부천시 장말로271번길 12-4, 1층 (심곡동)","1"
"41","경기도","210","새빛의료기복지용구","경기도 용인시 수지구 성복2로 17, 1층 118호 (성복동, 수지 골드프라자1)","010-9248-8327","전동휠체어(가군, 나군) | 의료용 스쿠터 | 욕창예방방석 | 욕창예방매트리스 | 이동식전동리프트 | 수동휠체어","경기 용인시 수지구 성복2로 17","경기 용인시 수지구 성복동 33-1","16860","용인시 수지구","127.081023433323","37.3107115964055","ROAD_ADDR","A","경기도 용인시 수지구 성복2로 17, 1층 118호 (성복동, 수지 골드프라자1)","1"
"41","경기도","209","샵라이더코리아 주식회사","경기도 용인시 기흥구 동백5로91번길 3-6 (중동)","000-000-0000","전동휠체어(가군, 나군) | 의료용 스쿠터","경기 용인시 기흥구 동백5로91번길 3-6","경기 용인시 기흥구 중동 880-9","17008","용인시 기흥구","127.158777099133","37.2762309655631","ROAD_ADDR","A","경기도 용인시 기흥구 동백5로91번길 3-6 (중동)","1"
"41","경기도","208","서광의수족보조기(의료기)","경기도 파주시 아리랑로 3, 1층 (금촌동)","031-945-9956","의지·보조기(교정형신발 등) | 전동휠체어(가군, 나군) | 의료용 스쿠터 | 욕창예방방석 | 욕창예방매트리스 | 수동휠체어","경기 파주시 아리랑로 3","경기 파주시 금촌동 349-6","10913","파주시","126.768233307369","37.7614404232557","ROAD_ADDR","A","경기도 파주시 아리랑로 3, 1층 (금촌동)","1"
"41","경기도","207","선진의료기","경기도 의정부시 금오로 121-6 (금오동)","031-842-1800","전동휠체어(가군, 나군) | 의료용 스쿠터 | 보청기 | 욕창예방방석 | 욕창예방매트리스 | 전방보행차 | 수동휠체어","경기 의정부시 금오로 121-6","경기 의정부시 금오동 60-10","11765","의정부시","127.078720140453","37.7576079505907","ROAD_ADDR","A","경기도 의정부시 금오로 121-6 (금오동)","1"
"41","경기도","206","성남의료기","경기도 성남시 중원구 도촌로8번길 14, 114호 (도촌동, 도촌대덕프라자2)","031-743-1114","전동휠체어(가군, 나군) | 의료용 스쿠터 | 욕창예방방석 | 욕창예방매트리스 | 이동식전동리프트 | 전방보행차 | 후방보행차 | 수동휠체어","경기 성남시 중원구 도촌로8번길 14","경기 성남시 중원구 도촌동 569","13426","성남시 중원구","127.152099068084","37.4148463579615","ROAD_ADDR","A","경기도 성남시 중원구 도촌로8번길 14, 114호 (도촌동, 도촌대덕프라자2)","1"
"41","경기도","205","성모녹십자의료기","경기도 부천시 원미구 부일로571번길 49, 1층 (소사동)","032-514-4000","전동휠체어(가군, 나군) | 의료용 스쿠터 | 보청기 | 욕창예방방석 | 욕창예방매트리스 | 이동식전동리프트 | 전방보행차 | 수동휠체어","경기 부천시 원미구 부일로571번길 49","경기 부천시 원미구 소사동 9","14647","부천시 원미구","126.791792918156","37.4859228902375","ROAD_ADDR","A","경기도 부천시 원미구 부일로571번길 49, 1층 (소사동)","1"
"41","경기도","204","성모의료기","경기도 양평군 중앙로 256 (양평읍)","031-774-3900","전동휠체어(가군, 나군) | 의료용 스쿠터 | 욕창예방방석 | 욕창예방매트리스 | 이동식전동리프트 | 전방보행차 | 후방보행차 | 수동휠체어","경기 양평군 양평읍 중앙로 256","경기 양평군 양평읍 도곡리 613-4","12560","양평군","127.516913498485","37.4919901867393","ROAD_ADDR","A","경기도 양평군 중앙로 256 (양평읍)","1"
"41","경기도","203","성모의료기","경기도 의정부시 금오로 113, 1층 (금오동)","031-847-2677","전동휠체어(가군, 나군) | 의료용 스쿠터 | 욕창예방방석 | 욕창예방매트리스 | 이동식전동리프트 | 전방보행차 | 후방보행차 | 수동휠체어","경기 의정부시 금오로 113","경기 의정부시 금오동 116","11765","의정부시","127.077714420235","37.7570128088867","ROAD_ADDR","A","경기도 의정부시 금오로 113, 1층 (금오동)","1"
"41","경기도","202","성심티엠","경기도 화성시 동탄중앙로 381-7, 103호 (석우동)","031-613-1678","전동휠체어(가군, 나군) | 의료용 스쿠터 | 욕창예방방석 | 욕창예방매트리스 | 이동식전동리프트 | 전방보행차 | 후방보행차 | 수동휠체어","경기 화성시 동탄구 동탄중앙로 381-7","경기 화성시 동탄구 석우동 41-5","18450","화성시 동탄구","127.079188728097","37.2159241163795","ROAD_ADDR","A","경기도 화성시 동탄중앙로 381-7, 103호 (석우동)","1"
"41","경기도","201","성현메디칼","경기도 양주시 고읍남로 36, 1층 116호 (광사동)","031-846-1820","전동휠체어(가군, 나군) | 의료용 스쿠터 | 욕창예방방석 | 욕창예방매트리스 | 수동휠체어","경기 양주시 고읍남로 36","경기 양주시 광사동 652-6","11492","양주시","127.07803832058","37.7936480338246","ROAD_ADDR","A","경기도 양주시 고읍남로 36, 1층 116호 (광사동)","1"
"41","경기도","200","세라케어","경기도 김포시 구래로26번길 65-38, 1층 (양촌읍)","010-7140-8655","전동휠체어(가군, 나군) | 의료용 스쿠터 | 욕창예방방석 | 욕창예방매트리스 | 이동식전동리프트 | 전방보행차 | 후방보행차 | 수동휠체어","경기 김포시 양촌읍 구래로26번길 65-38","경기 김포시 양촌읍 구래리 256-1","10058","김포시","126.618868203013","37.6496900236906","ROAD_ADDR","A","경기도 김포시 구래로26번길 65-38, 1층 (양촌읍)","1"
"41","경기도","199","세란메디칼의료기","경기도 고양시 일산동구 숲속마을로 18, 1층 114호 (풍동, 웰빙타운)","031-905-9783","전동휠체어(가군, 나군) | 의료용 스쿠터 | 욕창예방방석 | 욕창예방매트리스 | 이동식전동리프트 | 전방보행차 | 수동휠체어","경기 고양시 일산동구 숲속마을로 18","경기 고양시 일산동구 풍동 1278-3","10305","고양시 일산동구","126.801482501159","37.6672470221554","ROAD_ADDR","A","경기도 고양시 일산동구 숲속마을로 18, 1층 114호 (풍동, 웰빙타운)","1"
"41","경기도","198","세움메디케어","경기도 안산시 상록구 본삼로 39, 606호 (본오동, 인제빌딩)","010-8838-4992","의지·보조기(교정형신발 등) | 전동휠체어(가군, 나군) | 의료용 스쿠터","경기 안산시 상록구 본삼로 39","경기 안산시 상록구 본오동 873-11","15537","안산시 상록구","126.864342369085","37.30113088084","ROAD_ADDR","A","경기도 안산시 상록구 본삼로 39, 606호 (본오동, 인제빌딩)","1"
"41","경기도","197","세종의료기","경기도 부천시 호현로489번길 27, 1층 (소사본동)","010-8822-8843","전동휠체어(가군, 나군) | 의료용 스쿠터 | 보청기 | 욕창예방방석 | 욕창예방매트리스 | 이동식전동리프트 | 전방보행차 | 후방보행차 | 수동휠체어","경기 부천시 소사구 호현로489번길 27","경기 부천시 소사구 소사본동 100","14755","부천시 소사구","126.791946230202","37.4805028815861","ROAD_ADDR","A","경기도 부천시 호현로489번길 27, 1층 (소사본동)","1"
"41","경기도","196","세호","경기도 고양시 일산동구 일산로330번길 3 (마두동)","031-904-3429","전동휠체어(가군, 나군) | 의료용 스쿠터 | 보청기 | 전방보행차 | 수동휠체어","경기 고양시 일산동구 일산로330번길 3","경기 고양시 일산동구 마두동 851-4","10407","고양시 일산동구","126.784303986348","37.6649983783889","ROAD_ADDR","A","경기도 고양시 일산동구 일산로330번길 3 (마두동)","1"
"41","경기도","195","소망케어","경기도 평택시 평택로 94-1 (통복동)","031-691-1288","전동휠체어(가군, 나군) | 의료용 스쿠터 | 욕창예방방석 | 욕창예방매트리스 | 이동식전동리프트 | 수동휠체어","경기 평택시 평택로 94-1","경기 평택시 통복동 111-10","17911","평택시","127.083874775447","36.9950362576051","ROAD_ADDR","A","경기도 평택시 평택로 94-1 (통복동)","1"
"41","경기도","194","송탄의료기","경기도 평택시 탄현로 312 (지산동)","031-668-2622","전동휠체어(가군, 나군) | 의료용 스쿠터 | 욕창예방방석 | 욕창예방매트리스 | 이동식전동리프트 | 전방보행차 | 후방보행차 | 수동휠체어","경기 평택시 탄현로 312","경기 평택시 지산동 766-2","17757","평택시","127.055291531533","37.0801690646771","ROAD_ADDR","A","경기도 평택시 탄현로 312 (지산동)","1"
"41","경기도","193","수 그린웨이","경기도 성남시 중원구 둔촌대로 124 (하대원동)","010-2234-7373","전동휠체어(가군, 나군) | 의료용 스쿠터 | 보청기 | 욕창예방방석 | 욕창예방매트리스 | 이동식전동리프트 | 전방보행차 | 후방보행차 | 수동휠체어 | 의안","경기 성남시 중원구 둔촌대로 124","경기 성남시 중원구 하대원동 103","13385","성남시 중원구","127.132693881961","37.4286093454765","ROAD_ADDR","A","경기도 성남시 중원구 둔촌대로 124 (하대원동)","1"
"41","경기도","192","스마일라이프","경기도 오산시 수청로8번길 25, 5호 (수청동, 금강산업개발)","010-5044-7573","전동휠체어(가군, 나군) | 의료용 스쿠터 | 욕창예방방석 | 욕창예방매트리스 | 이동식전동리프트 | 수동휠체어","경기 오산시 수청로8번길 25","경기 오산시 수청동 563-1","18110","오산시","127.060023445041","37.1718420029432","ROAD_ADDR","A","경기도 오산시 수청로8번길 25, 5호 (수청동, 금강산업개발)","1"
"41","경기도","191","스마일보조기구센터","경기도 성남시 중원구 둔촌대로80번길 3-10, 119호 (성남동, 성남 아리스타)","031-741-6662","전동휠체어(가군, 나군) | 의료용 스쿠터 | 욕창예방방석 | 욕창예방매트리스 | 이동식전동리프트 | 수동휠체어","경기 성남시 중원구 둔촌대로80번길 3-10","경기 성남시 중원구 성남동 4933","13383","성남시 중원구","127.128415568382","37.4292581170552","ROAD_ADDR","A","경기도 성남시 중원구 둔촌대로80번길 3-10, 119호 (성남동, 성남 아리스타)","1"
"41","경기도","190","스마일의료기","경기도 광명시 덕안로104번길 17, 108호 (일직동)","010-2883-2902","전동휠체어(가군, 나군) | 의료용 스쿠터 | 보청기 | 욕창예방방석 | 욕창예방매트리스 | 이동식전동리프트 | 전방보행차 | 후방보행차 | 수동휠체어","경기 광명시 덕안로104번길 17","경기 광명시 일직동 501-4","14353","광명시","126.887063229173","37.4242146189695","ROAD_ADDR","A","경기도 광명시 덕안로104번길 17, 108호 (일직동)","1"
"41","경기도","189","스마트복지의료기","경기도 시흥시 대야로23번길 1 (대야동)","031-314-3108","전동휠체어(가군, 나군) | 의료용 스쿠터 | 욕창예방방석 | 욕창예방매트리스 | 이동식전동리프트 | 전방보행차 | 후방보행차 | 수동휠체어","경기 시흥시 대야로23번길 1","경기 시흥시 대야동 472-5","14905","시흥시","126.789556262524","37.4455334171047","ROAD_ADDR","A","경기도 시흥시 대야로23번길 1 (대야동)","1"
"41","경기도","188","신기의료기 고양점","경기도 고양시 덕양구 중앙로557번길 7-20, 1층 105호 (행신동, 주공프라자)","031-816-0056","전동휠체어(가군, 나군) | 의료용 스쿠터 | 욕창예방방석 | 욕창예방매트리스 | 이동식전동리프트 | 전방보행차 | 수동휠체어","경기 고양시 덕양구 중앙로557번길 7-20","경기 고양시 덕양구 행신동 996-3","10518","고양시 덕양구","126.835635862947","37.6225534995638","ROAD_ADDR","A","경기도 고양시 덕양구 중앙로557번길 7-20, 1층 105호 (행신동, 주공프라자)","1"
"41","경기도","187","신기의료기 군포점","경기도 군포시 군포로 576, 1층 (당동)","010-7933-4457","전동휠체어(가군, 나군) | 의료용 스쿠터 | 욕창예방방석 | 욕창예방매트리스 | 이동식전동리프트 | 전방보행차 | 수동휠체어","경기 군포시 군포로 576","경기 군포시 당동 747-2","15840","군포시","126.947763130729","37.3572077788222","ROAD_ADDR","A","경기도 군포시 군포로 576, 1층 (당동)","1"
"41","경기도","186","신기의료기 세류점","경기도 수원시 권선구 정조로 569, 1층 (세류동)","031-235-0888","전동휠체어(가군, 나군) | 의료용 스쿠터 | 욕창예방방석 | 욕창예방매트리스 | 이동식전동리프트 | 전방보행차 | 수동휠체어","경기 수원시 권선구 정조로 569","경기 수원시 권선구 세류동 478-1","16576","수원시 권선구","127.012596075528","37.2599071830042","ROAD_ADDR","A","경기도 수원시 권선구 정조로 569, 1층 (세류동)","1"
"41","경기도","185","신기의료기 양평점","경기도 양평군 공흥로 5 (양평읍)","031-775-0024","전동휠체어(가군, 나군) | 의료용 스쿠터 | 욕창예방방석 | 욕창예방매트리스 | 이동식전동리프트 | 전방보행차 | 후방보행차 | 수동휠체어","경기 양평군 양평읍 공흥로 5","경기 양평군 양평읍 공흥리 525","12558","양평군","127.498373032855","37.4916313395822","ROAD_ADDR","A","경기도 양평군 공흥로 5 (양평읍)","1"
"41","경기도","184","신기의료기 용인신갈점","경기도 용인시 기흥구 새천년로16번길 3-2, 103호 (신갈동, 월드프라자)","031-286-7865","전동휠체어(가군, 나군) | 의료용 스쿠터 | 욕창예방방석 | 욕창예방매트리스 | 이동식전동리프트 | 전방보행차 | 수동휠체어","경기 용인시 기흥구 새천년로16번길 3-2","경기 용인시 기흥구 신갈동 722","16959","용인시 기흥구","127.111227843612","37.2887816093083","ROAD_ADDR","A","경기도 용인시 기흥구 새천년로16번길 3-2, 103호 (신갈동, 월드프라자)","1"
"41","경기도","183","신기의료기 위례점","경기도 성남시 수정구 위례순환로 150, 3408동 1층 5호 (창곡동, 래미안 위례)","02-6958-7310","전동휠체어(가군, 나군) | 의료용 스쿠터 | 욕창예방방석 | 욕창예방매트리스 | 이동식전동리프트 | 전방보행차 | 수동휠체어","경기 성남시 수정구 위례순환로 150","경기 성남시 수정구 창곡동 528","13641","성남시 수정구","127.14374279258","37.4705737252041","ROAD_ADDR","A","경기도 성남시 수정구 위례순환로 150, 3408동 1층 5호 (창곡동, 래미안 위례)","1"
"41","경기도","182","신기의료기 하남미사점","경기도 하남시 미사강변대로54번길 59, 1층 105호 (풍산동, 미사센트럴타워)","031-794-6007","전동휠체어(가군, 나군) | 의료용 스쿠터 | 욕창예방방석 | 욕창예방매트리스 | 이동식전동리프트 | 수동휠체어","경기 하남시 미사강변대로54번길 59","경기 하남시 풍산동 519-5","12919","하남시","127.188920679079","37.5555477721289","ROAD_ADDR","A","경기도 하남시 미사강변대로54번길 59, 1층 105호 (풍산동, 미사센트럴타워)","1"
"41","경기도","181","신기의료기 화도점","경기도 남양주시 마석중앙로 38-1, 104호 (화도읍)","031-593-3356","전동휠체어(가군, 나군) | 의료용 스쿠터 | 욕창예방방석 | 욕창예방매트리스 | 이동식전동리프트 | 전방보행차 | 수동휠체어","경기 남양주시 화도읍 마석중앙로 38-1","경기 남양주시 화도읍 창현리 495-1","12179","남양주시","127.303824909255","37.6525332413765","ROAD_ADDR","A","경기도 남양주시 마석중앙로 38-1, 104호 (화도읍)","1"
"41","경기도","180","신기의료기(김포점)","경기도 김포시 태장로 804, 105호 (장기동)","031-998-4457","전동휠체어(가군, 나군) | 의료용 스쿠터 | 욕창예방방석 | 욕창예방매트리스 | 이동식전동리프트 | 전방보행차 | 수동휠체어","경기 김포시 태장로 804","경기 김포시 장기동 2079-1","10089","김포시","126.678100034395","37.6378405006707","ROAD_ADDR","A","경기도 김포시 태장로 804, 105호 (장기동)","1"
"41","경기도","179","신기의료기(수원점)","경기도 수원시 팔달구 화산로 16, 1층 102호 (화서동)","031-278-7633","전동휠체어(가군, 나군) | 의료용 스쿠터 | 욕창예방방석 | 욕창예방매트리스 | 이동식전동리프트 | 전방보행차 | 수동휠체어","경기 수원시 팔달구 화산로 16","경기 수원시 팔달구 화서동 685-2","16425","수원시 팔달구","126.986028626228","37.2861229906789","ROAD_ADDR","A","경기도 수원시 팔달구 화산로 16, 1층 102호 (화서동)","1"
"41","경기도","178","신라의료기(모두케어)","경기도 안산시 상록구 석호공원로 43, 1층 (사동)","02-741-2701","전동휠체어(가군, 나군) | 의료용 스쿠터 | 보청기 | 욕창예방방석 | 욕창예방매트리스 | 이동식전동리프트 | 전방보행차 | 후방보행차 | 수동휠체어","경기 안산시 상록구 석호공원로 43","경기 안산시 상록구 사동 1191-8","15580","안산시 상록구","126.8480912942","37.3017034787401","ROAD_ADDR","A","경기도 안산시 상록구 석호공원로 43, 1층 (사동)","1"
"41","경기도","177","신용메디칼","경기도 용인시 기흥구 강남서로67번길 1 (구갈동)","031-224-3487","전동휠체어(가군, 나군) | 의료용 스쿠터 | 이동식전동리프트 | 수동휠체어","경기 용인시 기흥구 강남서로67번길 1","경기 용인시 기흥구 구갈동 564-3","16977","용인시 기흥구","127.129251094297","37.2768015617976","ROAD_ADDR","A","경기도 용인시 기흥구 강남서로67번길 1 (구갈동)","1"
"41","경기도","176","신화메디칼","경기도 고양시 일산서구 일중로 72 동해빌딩, 504호 (일산동)","031-963-3138","전동휠체어(가군, 나군) | 의료용 스쿠터 | 욕창예방방석 | 욕창예방매트리스 | 전방보행차 | 수동휠체어","경기 고양시 일산서구 일중로 72","경기 고양시 일산서구 일산동 576-9","10340","고양시 일산서구","126.775705067156","37.6860047586737","ROAD_ADDR","A","경기도 고양시 일산서구 일중로 72 동해빌딩, 504호 (일산동)","1"
"41","경기도","175","실로암의료기","경기도 시흥시 비둘기공원7길 39 , 2층 207호 (대야동, 트윈프라자)","031-318-7775","전동휠체어(가군, 나군) | 의료용 스쿠터 | 욕창예방방석 | 욕창예방매트리스 | 전방보행차 | 수동휠체어","경기 시흥시 비둘기공원7길 39","경기 시흥시 대야동 544-1","14912","시흥시","126.79240255182","37.4424759071005","ROAD_ADDR","A","경기도 시흥시 비둘기공원7길 39 , 2층 207호 (대야동, 트윈프라자)","1"
"41","경기도","174","실버케어114","경기도 부천시 원미구 소향로 29, 109호 (상동, 그린프라자)","032-323-8106","전동휠체어(가군, 나군) | 의료용 스쿠터 | 욕창예방방석 | 욕창예방매트리스 | 이동식전동리프트 | 전방보행차 | 후방보행차 | 수동휠체어","경기 부천시 원미구 소향로 29","경기 부천시 원미구 상동 546-8","14544","부천시 원미구","126.751084684264","37.5039021645423","ROAD_ADDR","A","경기도 부천시 원미구 소향로 29, 109호 (상동, 그린프라자)","1"
"41","경기도","173","썬메디칼","경기도 안산시 단원구 선이로 6 (선부동, 일신건영휴먼빌아파트)","031-486-4245","전동휠체어(가군, 나군) | 의료용 스쿠터 | 욕창예방방석 | 욕창예방매트리스 | 이동식전동리프트 | 수동휠체어","경기 안산시 단원구 선이로 6","경기 안산시 단원구 선부동 1028-1","15220","안산시 단원구","126.804222232642","37.3418078565658","ROAD_ADDR","A","경기도 안산시 단원구 선이로 6 (선부동, 일신건영휴먼빌아파트)","1"
"41","경기도","172","아미피아","경기도 남양주시 수레로 947-55 (화도읍)","031-594-0000","전동휠체어(가군, 나군) | 의료용 스쿠터 | 욕창예방방석 | 욕창예방매트리스 | 이동식전동리프트 | 수동휠체어","경기 남양주시 화도읍 수레로 947-55","경기 남양주시 화도읍 차산리 803","12198","남양주시","127.289005196282","37.634418500035","ROAD_ADDR","A","경기도 남양주시 수레로 947-55 (화도읍)","1"
"41","경기도","171","아주의료기","경기도 수원시 영통구 월드컵로179번길 6, 2층 5호 (원천동, 삼아빌딩)","031-216-5685","전동휠체어(가군, 나군) | 의료용 스쿠터 | 보청기 | 욕창예방방석 | 욕창예방매트리스 | 이동식전동리프트 | 전방보행차 | 후방보행차 | 수동휠체어","경기 수원시 영통구 월드컵로179번길 6","경기 수원시 영통구 원천동 37-7","16502","수원시 영통구","127.04566868937","37.2785474466698","ROAD_ADDR","A","경기도 수원시 영통구 월드컵로179번길 6, 2층 5호 (원천동, 삼아빌딩)","1"
"41","경기도","170","아트라스네트웍스","경기도 용인시 기흥구 어정로 134-8, 가동 7호 (중동, 경수건설)","031-284-6745","전동휠체어(가군, 나군) | 의료용 스쿠터","경기 용인시 기흥구 어정로 134-8","경기 용인시 기흥구 중동 760-1","16995","용인시 기흥구","127.145101296245","37.2749413799608","ROAD_ADDR","A","경기도 용인시 기흥구 어정로 134-8, 가동 7호 (중동, 경수건설)","1"
"41","경기도","169","안산메디칼","경기도 안산시 상록구 구룡로 80-1, 101호 (일동)","031-415-1500","전동휠체어(가군, 나군) | 의료용 스쿠터 | 욕창예방방석 | 욕창예방매트리스 | 이동식전동리프트 | 전방보행차 | 후방보행차 | 수동휠체어","경기 안산시 상록구 구룡로 80-1","경기 안산시 상록구 일동 102-8","15324","안산시 상록구","126.872919204222","37.3156231838899","ROAD_ADDR","A","경기도 안산시 상록구 구룡로 80-1, 101호 (일동)","1"
"41","경기도","168","안심베드","경기도 고양시 일산서구 송포로425번길 78-28 (가좌동)","031-911-0505","전동휠체어(가군, 나군) | 의료용 스쿠터 | 욕창예방방석 | 욕창예방매트리스 | 전방보행차 | 후방보행차 | 수동휠체어","경기 고양시 일산서구 송포로425번길 78-28","경기 고양시 일산서구 가좌동 555-3","10205","고양시 일산서구","126.721831758469","37.7017601939982","ROAD_ADDR","A","경기도 고양시 일산서구 송포로425번길 78-28 (가좌동)","1"
"41","경기도","167","안중의료기","경기도 평택시 안중로 132, 102호 (안중읍)","031-681-2872","전동휠체어(가군, 나군) | 의료용 스쿠터 | 욕창예방방석 | 욕창예방매트리스 | 이동식전동리프트 | 전방보행차 | 후방보행차 | 수동휠체어","경기 평택시 안중읍 안중로 132","경기 평택시 안중읍 안중리 295-2","17936","평택시","126.931168391933","36.9886183251011","ROAD_ADDR","A","경기도 평택시 안중로 132, 102호 (안중읍)","1"
"41","경기도","166","양지의료기","경기도 부천시 석천로112번길 16, 102호 (중동, 황실다세대1층)","032-653-7779","전동휠체어(가군, 나군) | 의료용 스쿠터 | 욕창예방방석 | 욕창예방매트리스 | 수동휠체어","경기 부천시 원미구 석천로112번길 16","경기 부천시 원미구 중동 587-5","14585","부천시 원미구","126.762497911343","37.4974769969945","ROAD_ADDR","A","경기도 부천시 석천로112번길 16, 102호 (중동, 황실다세대1층)","1"
"41","경기도","165","양평종합의료기","경기도 양평군 용문로 342-1, 1층 (용문면)","031-775-3811","전동휠체어(가군, 나군) | 의료용 스쿠터 | 욕창예방방석 | 욕창예방매트리스 | 이동식전동리프트 | 전방보행차 | 후방보행차 | 수동휠체어","경기 양평군 용문면 용문로 342-1","경기 양평군 용문면 다문리 742-8","12520","양평군","127.592357084053","37.4833371048826","ROAD_ADDR","A","경기도 양평군 용문로 342-1, 1층 (용문면)","1"
"41","경기도","164","에브리봇모빌리티 주식회사","경기도 성남시 분당구 판교역로 231, s동 10층 (삼평동, 에이치스퀘어 에스동)","031-707-7074","전동휠체어(가군, 나군) | 의료용 스쿠터","경기 성남시 분당구 판교역로 231","경기 성남시 분당구 삼평동 680","13494","성남시 분당구","127.108698530906","37.4013348710874","ROAD_ADDR","A","경기도 성남시 분당구 판교역로 231, s동 10층 (삼평동, 에이치스퀘어 에스동)","1"
"41","경기도","163","에스에스메디(주)","경기도 안양시 동안구 흥안대로 137, 202호 (호계동)","031-453-3740","전동휠체어(가군, 나군) | 보청기","경기 안양시 동안구 흥안대로 137","경기 안양시 동안구 호계동 1002-8","14112","안양시 동안구","126.959990246877","37.3711605316664","ROAD_ADDR","A","경기도 안양시 동안구 흥안대로 137, 202호 (호계동)","1"
"41","경기도","162","에이원케어메디칼","경기도 수원시 권선구 일월천로15번길 14-13, 102호 (구운동, 에이원빌딩)","031-278-8275","전동휠체어(가군, 나군) | 의료용 스쿠터 | 욕창예방방석 | 욕창예방매트리스 | 이동식전동리프트 | 수동휠체어","경기 수원시 권선구 일월천로15번길 14-13","경기 수원시 권선구 구운동 898-2","16412","수원시 권선구","126.9729781192","37.2845550857151","ROAD_ADDR","A","경기도 수원시 권선구 일월천로15번길 14-13, 102호 (구운동, 에이원빌딩)","1"
"41","경기도","161","엘피스의료기","경기도 수원시 팔달구 중부대로 114, 1층 (인계동)","010-5443-4129","전동휠체어(가군, 나군) | 의료용 스쿠터 | 보청기 | 욕창예방방석 | 욕창예방매트리스 | 수동휠체어","경기 수원시 팔달구 중부대로 114","경기 수원시 팔달구 인계동 207-10","16471","수원시 팔달구","127.028853583635","37.2778602001115","ROAD_ADDR","A","경기도 수원시 팔달구 중부대로 114, 1층 (인계동)","1"
"41","경기도","160","엠에스","경기도 고양시 일산서구 고양대로 648, 2층 213호 (일산동, 월드메르디앙)","031-976-7700","전동휠체어(가군, 나군) | 의료용 스쿠터 | 전방보행차 | 후방보행차 | 수동휠체어","경기 고양시 일산서구 고양대로 648","경기 고양시 일산서구 일산동 955-10","10352","고양시 일산서구","126.767955029291","37.6847980434392","ROAD_ADDR","A","경기도 고양시 일산서구 고양대로 648, 2층 213호 (일산동, 월드메르디앙)","1"
"41","경기도","159","엠에스케어","경기도 안산시 단원구 다리간2길 70-6 금화빌딩, 1층 102호 (고잔동)","031-365-5235","전동휠체어(가군, 나군) | 의료용 스쿠터 | 욕창예방방석 | 욕창예방매트리스 | 이동식전동리프트 | 전방보행차 | 후방보행차 | 수동휠체어","경기 안산시 단원구 다리간2길 70-6","경기 안산시 단원구 고잔동 698-8","15459","안산시 단원구","126.824865238851","37.3135473820406","ROAD_ADDR","A","경기도 안산시 단원구 다리간2길 70-6 금화빌딩, 1층 102호 (고잔동)","1"
"41","경기도","158","엠에스케어 복지용구","경기도 안산시 단원구 화정천동로1길 11 1층상가 (와동)","010-9151-5757","전동휠체어(가군, 나군) | 의료용 스쿠터 | 욕창예방방석 | 욕창예방매트리스 | 이동식전동리프트 | 수동휠체어","경기 안산시 단원구 화정천동로1길 11","경기 안산시 단원구 와동 809-15","15251","안산시 단원구","126.819780001963","37.3424614973127","ROAD_ADDR","A","경기도 안산시 단원구 화정천동로1길 11 1층상가 (와동)","1"
"41","경기도","157","여주시 장애인 보장구 수리지원센터","경기도 여주시 여흥로160번길 49-16 (상동)","031-885-0748","전동휠체어(가군, 나군) | 의료용 스쿠터 | 욕창예방방석 | 욕창예방매트리스 | 이동식전동리프트 | 전방보행차 | 후방보행차 | 수동휠체어","경기 여주시 여흥로160번길 49-16","경기 여주시 상동 372-4","12629","여주시","127.641927095549","37.291806000443","ROAD_ADDR","A","경기도 여주시 여흥로160번길 49-16 (상동)","1"
"41","경기도","156","연수의료기","경기도 수원시 팔달구 중부대로 98 (인계동)","031-238-8244","전동휠체어(가군, 나군) | 의료용 스쿠터 | 보청기 | 욕창예방방석 | 욕창예방매트리스 | 전방보행차 | 수동휠체어","경기 수원시 팔달구 중부대로 98","경기 수원시 팔달구 인계동 931-6","16471","수원시 팔달구","127.027346015233","37.2768841008034","ROAD_ADDR","A","경기도 수원시 팔달구 중부대로 98 (인계동)","1"
"41","경기도","155","연천장애인보조기구수리지원센터","경기도 연천군 전곡로 13, 1층 (전곡읍)","031-833-9712","전동휠체어(가군, 나군) | 의료용 스쿠터","경기 연천군 전곡읍 전곡로 13","경기 연천군 전곡읍 전곡리 231-12","11031","연천군","127.071117607111","38.0151450826084","ROAD_ADDR","A","경기도 연천군 전곡로 13, 1층 (전곡읍)","1"
"41","경기도","154","연합의료기","경기도 시흥시 복지로 61 (대야동)","031-312-6179","전동휠체어(가군, 나군) | 의료용 스쿠터 | 보청기 | 욕창예방방석 | 욕창예방매트리스 | 전방보행차 | 수동휠체어","경기 시흥시 복지로 61","경기 시흥시 대야동 469-1","14905","시흥시","126.789716756846","37.4448384812007","ROAD_ADDR","A","경기도 시흥시 복지로 61 (대야동)","1"
"41","경기도","153","영동의료기상사","경기도 평택시 평택2로 27-1 (평택동)","031-652-4778","전동휠체어(가군, 나군) | 의료용 스쿠터 | 보청기 | 욕창예방방석 | 욕창예방매트리스 | 후방보행차 | 수동휠체어","경기 평택시 평택2로 27-1","경기 평택시 평택동 39-15","17910","평택시","127.089218252439","36.9937176817122","ROAD_ADDR","A","경기도 평택시 평택2로 27-1 (평택동)","1"
"41","경기도","152","영메디케어","경기도 광주시 지월로 61 (초월읍)","031-799-3750","전동휠체어(가군, 나군) | 의료용 스쿠터 | 욕창예방방석 | 욕창예방매트리스 | 이동식전동리프트 | 전방보행차 | 후방보행차 | 수동휠체어","경기 광주시 초월읍 지월로 61","경기 광주시 초월읍 지월리 337-2","12728","광주시","127.29708158922","37.4139741957715","ROAD_ADDR","A","경기도 광주시 지월로 61 (초월읍)","1"
"41","경기도","151","온누리부흥센터","경기도 안양시 만안구 냉천로153번길 9, 101호 (안양동)","031-455-1313","전동휠체어(가군, 나군) | 의료용 스쿠터 | 욕창예방방석 | 욕창예방매트리스 | 수동휠체어","경기 안양시 만안구 냉천로153번길 9","경기 안양시 만안구 안양동 707-307","14000","안양시 만안구","126.921627716155","37.3938811929066","ROAD_ADDR","A","경기도 안양시 만안구 냉천로153번길 9, 101호 (안양동)","1"
"41","경기도","150","온세상의료기","경기도 부천시 경인로150번길 17, 1층 (송내동, 아이랜드미술음악학원)","032-614-7799","전동휠체어(가군, 나군) | 의료용 스쿠터 | 욕창예방방석 | 욕창예방매트리스 | 이동식전동리프트 | 전방보행차 | 후방보행차 | 수동휠체어","경기 부천시 소사구 경인로150번길 17","경기 부천시 소사구 송내동 576","14736","부천시 소사구","126.772029440681","37.4831157233373","ROAD_ADDR","A","경기도 부천시 경인로150번길 17, 1층 (송내동, 아이랜드미술음악학원)","1"
"41","경기도","149","올시스코리아","경기도 구리시 동구릉로30번길 20, 1층 101호 (인창동)","031-565-8220","의지·보조기(교정형신발 등) | 전동휠체어(가군, 나군) | 의료용 스쿠터 | 자세보조용구 | 욕창예방방석 | 욕창예방매트리스 | 이동식전동리프트 | 전방보행차 | 후방보행차 | 수동휠체어","경기 구리시 동구릉로30번길 20","경기 구리시 인창동 563-42","11923","구리시","127.133152762445","37.6031464572642","ROAD_ADDR","A","경기도 구리시 동구릉로30번길 20, 1층 101호 (인창동)","1"
"41","경기도","148","와이덱스보청기(명성의료기)","경기도 이천시 중리천로 61 (창전동)","031-637-1427","전동휠체어(가군, 나군) | 의료용 스쿠터 | 보청기 | 욕창예방방석 | 욕창예방매트리스 | 수동휠체어","경기 이천시 중리천로 61","경기 이천시 창전동 160-17","17369","이천시","127.44474888433","37.2799694057427","ROAD_ADDR","A","경기도 이천시 중리천로 61 (창전동)","1"
"41","경기도","147","와이티 메디칼","경기도 파주시 사임당로 833-1, 1층 (법원읍)","031-958-3621","전동휠체어(가군, 나군) | 의료용 스쿠터 | 욕창예방방석 | 욕창예방매트리스 | 전방보행차 | 수동휠체어","경기 파주시 법원읍 사임당로 833-1","경기 파주시 법원읍 대능리 86-26","10826","파주시","126.873450553914","37.8493584452257","ROAD_ADDR","A","경기도 파주시 사임당로 833-1, 1층 (법원읍)","1"
"41","경기도","146","용인세브란스의료기","경기도 용인시 처인구 금학로 225 (역북동, 용인세브란스병원)","031-322-1442","전동휠체어(가군, 나군) | 의료용 스쿠터 | 욕창예방방석 | 욕창예방매트리스 | 수동휠체어","","","","","","","","NONE","","3"
"41","경기도","145","우리의료기","경기도 평택시 평택3로 44, 2층 (합정동)","031-653-1365","전동휠체어(가군, 나군) | 의료용 스쿠터 | 욕창예방방석 | 욕창예방매트리스 | 수동휠체어","경기 평택시 평택3로 44","경기 평택시 합정동 742","17908","평택시","127.09391820094","36.9929396654565","ROAD_ADDR","A","경기도 평택시 평택3로 44, 2층 (합정동)","1"
"41","경기도","144","우리의료기","경기도 수원시 팔달구 중부대로 165, A동 1층 (우만동, 동수원병원)","031-217-8382","전동휠체어(가군, 나군) | 의료용 스쿠터 | 수동휠체어","경기 수원시 팔달구 중부대로 165","경기 수원시 팔달구 우만동 157-7","16494","수원시 팔달구","127.034364806927","37.2781675149306","ROAD_ADDR","A","경기도 수원시 팔달구 중부대로 165, A동 1층 (우만동, 동수원병원)","1"
"41","경기도","143","우리체어 메디칼","경기도 고양시 덕양구 명봉산로6번길 123 (내유동)","010-9320-5213","전동휠체어(가군, 나군) | 의료용 스쿠터 | 욕창예방방석 | 욕창예방매트리스 | 이동식전동리프트 | 수동휠체어","경기 고양시 덕양구 명봉산로6번길 123","경기 고양시 덕양구 내유동 741","10263","고양시 덕양구","126.845516416146","37.7318242369786","ROAD_ADDR","A","경기도 고양시 덕양구 명봉산로6번길 123 (내유동)","1"
"41","경기도","142","원케어메디칼","경기도 수원시 권선구 곡선로 50번길 37-10(곡반정동) 101호","031-234-3345","전동휠체어(가군, 나군) | 의료용 스쿠터 | 이동식전동리프트 | 수동휠체어","경기 수원시 권선구 곡선로50번길 37-10","경기 수원시 권선구 곡반정동 576-4","16671","수원시 권선구","127.029398836731","37.2368654858529","ROAD_ADDR","A","경기도 수원시 권선구 곡선로 50번길 37-10(곡반정동) 101호","1"
"41","경기도","141","월드의료기상사","경기도 용인시 기흥구 금화로 3, 106호 (상갈동, 주공프라자)","031-285-4051","전동휠체어(가군, 나군) | 의료용 스쿠터 | 보청기 | 욕창예방방석 | 욕창예방매트리스 | 이동식전동리프트 | 전방보행차 | 후방보행차 | 수동휠체어","경기 용인시 기흥구 금화로 3","경기 용인시 기흥구 상갈동 482-1","17073","용인시 기흥구","127.104640217183","37.2617292033939","ROAD_ADDR","A","경기도 용인시 기흥구 금화로 3, 106호 (상갈동, 주공프라자)","1"
"41","경기도","140","웰케어동부지사","경기도 용인시 수지구 포은대로313번길 2-10 (풍덕천동)","031-8025-7301","전동휠체어(가군, 나군) | 의료용 스쿠터 | 전방보행차 | 수동휠체어","경기 용인시 수지구 포은대로313번길 2-10","경기 용인시 수지구 풍덕천동 548-4","16846","용인시 수지구","127.08643270559","37.3157589680631","ROAD_ADDR","A","경기도 용인시 수지구 포은대로313번길 2-10 (풍덕천동)","1"
"41","경기도","139","위드시니어","경기도 김포시 북변중로68번길 13 (북변동)","031-991-0118","전동휠체어(가군, 나군) | 의료용 스쿠터 | 욕창예방방석 | 욕창예방매트리스 | 수동휠체어","경기 김포시 북변중로68번길 13","경기 김포시 북변동 287-4","10098","김포시","126.710194889883","37.6272008342045","ROAD_ADDR","A","경기도 김포시 북변중로68번길 13 (북변동)","1"
"41","경기도","138","위드유헬스케어","경기도 고양시 덕양구 혜음로 30, 103동 2층 208호 (고양동, 삼성아파트)","010-8652-6596","전동휠체어(가군, 나군) | 의료용 스쿠터 | 욕창예방방석 | 욕창예방매트리스 | 이동식전동리프트 | 전방보행차 | 수동휠체어","경기 고양시 덕양구 혜음로 30","경기 고양시 덕양구 고양동 197","10275","고양시 덕양구","126.903021356512","37.7027537041097","ROAD_ADDR","A","경기도 고양시 덕양구 혜음로 30, 103동 2층 208호 (고양동, 삼성아파트)","1"
"41","경기도","137","위드케어 복지용구센터","경기도 화성시 동탄순환대로24길 101 정문상가, 202호 (영천동, 동탄2LH4단지)","031-8043-1503","전동휠체어(가군, 나군) | 욕창예방방석 | 욕창예방매트리스 | 수동휠체어","경기 화성시 동탄구 동탄순환대로24길 101","경기 화성시 동탄구 영천동 722","18473","화성시 동탄구","127.119580197492","37.2050851071948","ROAD_ADDR","A","경기도 화성시 동탄순환대로24길 101 정문상가, 202호 (영천동, 동탄2LH4단지)","1"
"41","경기도","136","위드헬스케어","경기도 남양주시 고래산로451번길 179 (조안면)","031-510-6650","전동휠체어(가군, 나군) | 의료용 스쿠터 | 욕창예방방석 | 욕창예방매트리스 | 이동식전동리프트 | 전방보행차 | 후방보행차 | 수동휠체어","경기 남양주시 조안면 고래산로451번길 179","경기 남양주시 조안면 삼봉리 790-4","12278","남양주시","127.307380667539","37.5973218411701","ROAD_ADDR","A","경기도 남양주시 고래산로451번길 179 (조안면)","1"
"41","경기도","135","유민상사","경기도 성남시 분당구 구미로173번길 82 (구미동, 분당서울대학교병원지하１층)","031-719-9589","전동휠체어(가군, 나군) | 의료용 스쿠터 | 수동휠체어","경기 성남시 분당구 구미로173번길 82","경기 성남시 분당구 구미동 300","13620","성남시 분당구","127.124485012105","37.3520254308069","ROAD_ADDR","A","경기도 성남시 분당구 구미로173번길 82 (구미동, 분당서울대학교병원지하１층)","1"
"41","경기도","134","유어스메디","경기도 화성시 경기대로1200번길 83, 1층 (반정동)","031-548-1404","전동휠체어(가군, 나군) | 의료용 스쿠터 | 욕창예방방석 | 욕창예방매트리스 | 이동식전동리프트 | 전방보행차 | 후방보행차 | 수동휠체어","경기 화성시 병점구 경기대로1200번길 83","경기 화성시 병점구 반정동 417-2","18373","화성시 병점구","127.033962872576","37.2265355624895","ROAD_ADDR","A","경기도 화성시 경기대로1200번길 83, 1층 (반정동)","1"
"41","경기도","133","유진헬스케어","경기도 광주시 고불로186번길 16-17, 1동 1층 (태전동)","031-699-1948","의지·보조기(교정형신발 등) | 전동휠체어(가군, 나군) | 의료용 스쿠터 | 자세보조용구 | 욕창예방방석 | 욕창예방매트리스 | 이동식전동리프트 | 후방보행차 | 수동휠체어","경기 광주시 고불로186번길 16-17","경기 광주시 태전동 401-8","12781","광주시","127.216706683501","37.3962822681896","ROAD_ADDR","A","경기도 광주시 고불로186번길 16-17, 1동 1층 (태전동)","1"
"41","경기도","132","유한종합의료기","경기도 용인시 기흥구 신구로12번길 12-1 (신갈동)","031-285-3006","전동휠체어(가군, 나군) | 의료용 스쿠터 | 보청기 | 욕창예방방석 | 욕창예방매트리스 | 전방보행차 | 수동휠체어","경기 용인시 기흥구 신구로12번길 12-1","경기 용인시 기흥구 신갈동 65-7","17064","용인시 기흥구","127.11094909892","37.2735147544838","ROAD_ADDR","A","경기도 용인시 기흥구 신구로12번길 12-1 (신갈동)","1"
"41","경기도","131","을지의료기 의정부점","경기도 의정부시 동일로 712, B1층 (금오동, 을지대학교 의정부캠퍼스 및 부속병원)","031-951-7474","전동휠체어(가군, 나군) | 의료용 스쿠터 | 욕창예방방석 | 욕창예방매트리스 | 전방보행차 | 후방보행차 | 수동휠체어","경기 의정부시 동일로 712","경기 의정부시 금오동 489","11759","의정부시","127.050695679688","37.7518290378344","ROAD_ADDR","A","경기도 의정부시 동일로 712, B1층 (금오동, 을지대학교 의정부캠퍼스 및 부속병원)","1"
"41","경기도","130","의료기백화점","경기도 수원시 팔달구 중부대로 100 (인계동, 풍림빌딩신관)","031-224-1930","전동휠체어(가군, 나군) | 의료용 스쿠터 | 욕창예방방석 | 욕창예방매트리스 | 이동식전동리프트 | 전방보행차 | 후방보행차 | 수동휠체어","경기 수원시 팔달구 중부대로 100","경기 수원시 팔달구 인계동 208-5","16471","수원시 팔달구","127.027515054417","37.2769375834208","ROAD_ADDR","A","경기도 수원시 팔달구 중부대로 100 (인계동, 풍림빌딩신관)","1"
"41","경기도","129","이에이치주식회사","경기도 안산시 단원구 중앙대로 475 (원곡동)","032-507-5857","전동휠체어(가군, 나군) | 의료용 스쿠터 | 수동휠체어","경기 안산시 단원구 중앙대로 475","경기 안산시 단원구 원곡동 799-7","15392","안산시 단원구","126.791713981651","37.3272937020542","ROAD_ADDR","A","경기도 안산시 단원구 중앙대로 475 (원곡동)","1"
"41","경기도","128","이웃사람들 협동조합","경기도 수원시 팔달구 장다리로 269, 상가동 2층 (인계동, 장안아파트)","031-247-4751","전동휠체어(가군, 나군) | 의료용 스쿠터 | 욕창예방방석 | 욕창예방매트리스 | 이동식전동리프트 | 전방보행차 | 후방보행차 | 수동휠체어","경기 수원시 팔달구 장다리로 269","경기 수원시 팔달구 인계동 261-1","16472","수원시 팔달구","127.026979524552","37.2736209768806","ROAD_ADDR","A","경기도 수원시 팔달구 장다리로 269, 상가동 2층 (인계동, 장안아파트)","1"
"41","경기도","127","이원건강의료기","경기도 김포시 감암로 7 (걸포동)","031-982-0088","전동휠체어(가군, 나군) | 의료용 스쿠터 | 욕창예방방석 | 욕창예방매트리스 | 수동휠체어","경기 김포시 감암로 7","경기 김포시 걸포동 389-17","10099","김포시","126.711190977538","37.631913707594","ROAD_ADDR","A","경기도 김포시 감암로 7 (걸포동)","1"
"41","경기도","126","이원건강의료기","경기도 여주시 세종로 59-0 (교동)","031-882-1321","전동휠체어(가군, 나군) | 의료용 스쿠터 | 보청기 | 욕창예방방석 | 욕창예방매트리스 | 수동휠체어","경기 여주시 세종로 59","경기 여주시 홍문동 217-32","12631","여주시","127.635801214747","37.2924986149075","ROAD_ADDR","A","경기도 여주시 세종로 59-0 (교동)","1"
"41","경기도","125","이원건강의료기 의정부제일시장점","경기도 의정부시 태평로 88-1 (의정부동)","031-846-3343","전동휠체어(가군, 나군) | 의료용 스쿠터 | 보청기 | 수동휠체어","경기 의정부시 태평로 88-1","경기 의정부시 의정부동 121-1","11694","의정부시","127.051822328699","37.740420756823","ROAD_ADDR","A","경기도 의정부시 태평로 88-1 (의정부동)","1"
"41","경기도","124","이원건강의료기 장현점","경기도 남양주시 진접읍(진접읍) 장현로 47번길 6-2","031-528-2136","전동휠체어(가군, 나군) | 의료용 스쿠터 | 보청기 | 수동휠체어","경기 남양주시 진접읍 장현로47번길 6-2","경기 남양주시 진접읍 장현리 659","12015","남양주시","127.179224440985","37.7158763632996","ROAD_ADDR","A","경기도 남양주시 진접읍(진접읍) 장현로 47번길 6-2","1"
"41","경기도","123","이원건강의료기 화성점","경기도 화성시 병점동로 78, 1층 (병점동, 유진클라우스)","031-223-3322","전동휠체어(가군, 나군) | 의료용 스쿠터 | 보청기 | 욕창예방방석 | 욕창예방매트리스 | 이동식전동리프트 | 수동휠체어","경기 화성시 병점구 병점동로 78","경기 화성시 병점구 병점동 829-1","18403","화성시 병점구","127.04152702346","37.2112242394103","ROAD_ADDR","A","경기도 화성시 병점동로 78, 1층 (병점동, 유진클라우스)","1"
"41","경기도","122","이원건강의료기군포점","경기도 군포시 군포로485번길 3, 103호 (당동)","031-392-2125","전동휠체어(가군, 나군) | 의료용 스쿠터 | 욕창예방방석 | 욕창예방매트리스 | 이동식전동리프트 | 수동휠체어","경기 군포시 군포로485번길 3","경기 군포시 당동 794-1","15861","군포시","126.944058327233","37.3494771530742","ROAD_ADDR","A","경기도 군포시 군포로485번길 3, 103호 (당동)","1"
"41","경기도","121","이원보경의료기","경기도 김포시 김포한강3로 287, 2층 (장기동)","031-983-8711","전동휠체어(가군, 나군) | 의료용 스쿠터 | 욕창예방방석 | 욕창예방매트리스 | 수동휠체어","경기 김포시 김포한강3로 287","경기 김포시 장기동 1766","10086","김포시","126.659818166374","37.6413761889126","ROAD_ADDR","A","경기도 김포시 김포한강3로 287, 2층 (장기동)","1"
"41","경기도","120","이원의료기","경기도 군포시 산본로323번길 6, 103호 (산본동, 럭키빌딩)","031-391-3119","전동휠체어(가군, 나군) | 의료용 스쿠터 | 욕창예방방석 | 욕창예방매트리스 | 이동식전동리프트 | 수동휠체어","경기 군포시 산본로323번길 6","경기 군포시 산본동 1129-1","15865","군포시","126.932988198165","37.3595432735816","ROAD_ADDR","A","경기도 군포시 산본로323번길 6, 103호 (산본동, 럭키빌딩)","1"
"41","경기도","119","이원의료기","경기도 동두천시 중앙로 125, 103호 (지행동, 영스포렉스)","031-866-2020","전동휠체어(가군, 나군) | 의료용 스쿠터 | 보청기 | 욕창예방방석 | 욕창예방매트리스 | 이동식전동리프트 | 전방보행차 | 수동휠체어","경기 동두천시 중앙로 125","경기 동두천시 지행동 691-5","11347","동두천시","127.05179234216","37.892849182327","ROAD_ADDR","A","경기도 동두천시 중앙로 125, 103호 (지행동, 영스포렉스)","1"
"41","경기도","118","이한의료기","경기도 의정부시 가금로 29, 402호 (가능동, 지승메디컬프라자)","031-851-3054","전동휠체어(가군, 나군) | 욕창예방방석 | 욕창예방매트리스 | 이동식전동리프트 | 전방보행차 | 수동휠체어","경기 의정부시 가금로 29","경기 의정부시 가능동 96-1","11611","의정부시","127.03965933128","37.7557140943338","ROAD_ADDR","A","경기도 의정부시 가금로 29, 402호 (가능동, 지승메디컬프라자)","1"
"41","경기도","117","인메디케어","경기도 화성시 안녕남로142번길 51 (안녕동)","031-222-7681","전동휠체어(가군, 나군) | 의료용 스쿠터 | 욕창예방방석 | 욕창예방매트리스 | 수동휠체어","경기 화성시 병점구 안녕남로142번길 51","경기 화성시 병점구 안녕동 115-26","18365","화성시 병점구","127.002387438285","37.1935552054327","ROAD_ADDR","A","경기도 화성시 안녕남로142번길 51 (안녕동)","1"
"41","경기도","116","일산의료기","경기도 고양시 일산동구 일산로 100, 지하1층 (백석동, 일산병원)","031-901-6004","전동휠체어(가군, 나군) | 의료용 스쿠터 | 욕창예방방석 | 욕창예방매트리스 | 이동식전동리프트 | 전방보행차 | 후방보행차 | 수동휠체어","경기 고양시 일산동구 일산로 100","경기 고양시 일산동구 백석동 1232","10444","고양시 일산동구","126.793040196618","37.6454753592134","ROAD_ADDR","A","경기도 고양시 일산동구 일산로 100, 지하1층 (백석동, 일산병원)","1"
"41","경기도","115","일신케어","경기도 수원시 권선구 구운로45번길 27 (구운동)","031-247-9337","전동휠체어(가군, 나군) | 의료용 스쿠터 | 욕창예방방석 | 수동휠체어","경기 수원시 권선구 구운로45번길 27","경기 수원시 권선구 구운동 522-2","16408","수원시 권선구","126.972522152563","37.2766334008936","ROAD_ADDR","A","경기도 수원시 권선구 구운로45번길 27 (구운동)","1"
"41","경기도","114","임마누엘의료기","경기도 남양주시 화도읍 마석중앙로 40","031-511-7575","전동휠체어(가군, 나군) | 의료용 스쿠터 | 보청기 | 욕창예방방석 | 욕창예방매트리스 | 전방보행차 | 후방보행차 | 수동휠체어","경기 남양주시 화도읍 마석중앙로 40","경기 남양주시 화도읍 창현리 494-3","12179","남양주시","127.304133035501","37.6526187612319","ROAD_ADDR","A","경기도 남양주시 화도읍 마석중앙로 40","1"
"41","경기도","113","자립원","경기도 수원시 팔달구 창룡대로 194, 1층 103,104호 (우만동, 주공4단지아파트)","010-3055-6744","전동휠체어(가군, 나군) | 의료용 스쿠터 | 이동식전동리프트 | 수동휠체어","경기 수원시 팔달구 창룡대로 194","경기 수원시 팔달구 우만동 300","16231","수원시 팔달구","127.029780400117","37.2917773282982","ROAD_ADDR","A","경기도 수원시 팔달구 창룡대로 194, 1층 103,104호 (우만동, 주공4단지아파트)","1"
"41","경기도","112","장애인복지협회의료기","경기도 고양시 덕양구 화중로 126, 507호 (화정동, 찬우물상가)","031-966-0064","전동휠체어(가군, 나군) | 의료용 스쿠터 | 욕창예방방석 | 욕창예방매트리스 | 수동휠체어","경기 고양시 덕양구 화중로 126","경기 고양시 덕양구 화정동 902-5","10477","고양시 덕양구","126.831899039746","37.6382450188893","ROAD_ADDR","A","경기도 고양시 덕양구 화중로 126, 507호 (화정동, 찬우물상가)","1"
"41","경기도","111","장애인사회발전협의회 화성시협의회","경기도 화성시 건달산로 161, 1층 (팔탄면)","010-8071-4500","전동휠체어(가군, 나군) | 의료용 스쿠터 | 수동휠체어","경기 화성시 만세구 팔탄면 건달산로 161","경기 화성시 만세구 팔탄면 기천리 220","18526","화성시 만세구","126.907410401172","37.1869007244009","ROAD_ADDR","A","경기도 화성시 건달산로 161, 1층 (팔탄면)","1"
"41","경기도","110","정다운의료기","경기도 고양시 일산동구 강송로74번길 8-16, 1층 (백석동)","031-904-9697","전동휠체어(가군, 나군) | 욕창예방방석 | 욕창예방매트리스 | 이동식전동리프트 | 수동휠체어","경기 고양시 일산동구 강송로74번길 8-16","경기 고양시 일산동구 백석동 1181-5","10445","고양시 일산동구","126.791024657404","37.6464416235063","ROAD_ADDR","A","경기도 고양시 일산동구 강송로74번길 8-16, 1층 (백석동)","1"
"41","경기도","109","제생의료기","경기도 성남시 분당구 서현로180번길 20, 본관동 B1층 (서현동, 제생병원)","031-708-1955","전동휠체어(가군, 나군) | 의료용 스쿠터","경기 성남시 분당구 서현로180번길 20","경기 성남시 분당구 서현동 255-2","13590","성남시 분당구","127.121778342112","37.3882035182255","ROAD_ADDR","A","경기도 성남시 분당구 서현로180번길 20, 본관동 B1층 (서현동, 제생병원)","1"
"41","경기도","108","제이엔헬스케어","경기도 이천시 죽당로 227-15 (부발읍)","1544-1544-9675","전동휠체어(가군, 나군) | 의료용 스쿠터 | 자세보조용구 | 욕창예방방석 | 욕창예방매트리스 | 이동식전동리프트 | 전방보행차 | 후방보행차 | 수동휠체어","경기 이천시 부발읍 죽당로 227-15","경기 이천시 부발읍 죽당리 319-27","17320","이천시","127.515387243786","37.28157266116","ROAD_ADDR","A","경기도 이천시 죽당로 227-15 (부발읍)","1"
"41","경기도","107","제이피테크","경기도 양주시 호명로 24 (백석읍), 진양주택 1층 상가 103호","070-7711-8236","전동휠체어(가군, 나군) | 의료용 스쿠터 | 욕창예방방석","경기 양주시 백석읍 호명로 24","경기 양주시 백석읍 복지리 171-11","11510","양주시","126.992234431453","37.7910200209873","ROAD_ADDR","A","경기도 양주시 호명로 24 (백석읍), 진양주택 1층 상가 103호","1"
"41","경기도","106","제일메디칼","경기도 안양시 동안구 관평로182번길 20, 101호 (관양동, 동인프라자)","031-383-2630","전동휠체어(가군, 나군) | 의료용 스쿠터 | 욕창예방방석 | 욕창예방매트리스 | 전방보행차 | 후방보행차 | 수동휠체어","경기 안양시 동안구 관평로182번길 20","경기 안양시 동안구 관양동 1603-5","14066","안양시 동안구","126.961445466183","37.3932332215365","ROAD_ADDR","A","경기도 안양시 동안구 관평로182번길 20, 101호 (관양동, 동인프라자)","1"
"41","경기도","105","제일의료기","경기도 의정부시 금오로 121-4 (금오동)","031-846-1116","전동휠체어(가군, 나군) | 의료용 스쿠터 | 보청기 | 욕창예방방석 | 욕창예방매트리스 | 수동휠체어","경기 의정부시 금오로 121-4","경기 의정부시 금오동 60-12","11765","의정부시","127.078777396789","37.7574524956148","ROAD_ADDR","A","경기도 의정부시 금오로 121-4 (금오동)","1"
"41","경기도","104","제일의료기","경기도 성남시 분당구 서현로 170, 235동 1호 (서현동, 풍림아이원플러스)","031-703-0200","전동휠체어(가군, 나군) | 의료용 스쿠터 | 욕창예방방석 | 욕창예방매트리스 | 수동휠체어","경기 성남시 분당구 서현로 170","경기 성남시 분당구 서현동 255-1","13590","성남시 분당구","127.122531112568","37.3889890630627","ROAD_ADDR","A","경기도 성남시 분당구 서현로 170, 235동 1호 (서현동, 풍림아이원플러스)","1"
"41","경기도","103","제일의료기","경기도 고양시 일산서구 호수로856번길 74-3, 지하1층 (대화동)","031-915-5611","전동휠체어(가군, 나군) | 의료용 스쿠터 | 보청기","경기 고양시 일산서구 호수로856번길 74-3","경기 고양시 일산서구 대화동 2248-1","10383","고양시 일산서구","126.750191954966","37.6735812672191","ROAD_ADDR","A","경기도 고양시 일산서구 호수로856번길 74-3, 지하1층 (대화동)","1"
"41","경기도","102","제일하나의료기","경기도 김포시 흥신로 320-8 (통진읍)","031-989-7295","전동휠체어(가군, 나군) | 의료용 스쿠터 | 욕창예방방석 | 욕창예방매트리스 | 수동휠체어","경기 김포시 통진읍 흥신로 320-8","경기 김포시 통진읍 도사리 734-1","10035","김포시","126.608078765089","37.6840449856615","ROAD_ADDR","A","경기도 김포시 흥신로 320-8 (통진읍)","1"
"41","경기도","101","조선보조기","경기도 성남시 수정구 성남대로 1273, 1층 102호 (태평동)","031-751-0747","의지·보조기(교정형신발 등) | 전동휠체어(가군, 나군) | 의료용 스쿠터 | 보청기 | 수동휠체어","경기 성남시 수정구 성남대로 1273","경기 성남시 수정구 태평동 6797","13110","성남시 수정구","127.126741682162","37.4433713546047","ROAD_ADDR","A","경기도 성남시 수정구 성남대로 1273, 1층 102호 (태평동)","1"
"41","경기도","100","조아의료기","경기도 파주시 휴암로 538 기가타운빌, 103호 (문산읍)","010-5637-6299","의지·보조기(교정형신발 등) | 전동휠체어(가군, 나군) | 의료용 스쿠터 | 욕창예방방석 | 욕창예방매트리스 | 이동식전동리프트 | 전방보행차 | 수동휠체어","경기 파주시 문산읍 휴암로 538","경기 파주시 문산읍 내포리 1634-2","10841","파주시","126.778531986856","37.8386303845663","ROAD_ADDR","A","경기도 파주시 휴암로 538 기가타운빌, 103호 (문산읍)","1"
"41","경기도","99","종로의료기","경기도 고양시 일산동구 동국로 20, 102호 (식사동)","031-967-8686","전동휠체어(가군, 나군) | 의료용 스쿠터 | 보청기 | 욕창예방방석 | 욕창예방매트리스 | 이동식전동리프트 | 전방보행차 | 후방보행차 | 수동휠체어","경기 고양시 일산동구 동국로 20","경기 고양시 일산동구 식사동 662-11","10325","고양시 일산동구","126.807546668897","37.6759407039046","ROAD_ADDR","A","경기도 고양시 일산동구 동국로 20, 102호 (식사동)","1"
"41","경기도","98","종로의료기","경기도 파주시 중앙로 288 (아동동)","031-944-9836","전동휠체어(가군, 나군) | 의료용 스쿠터 | 보청기 | 욕창예방방석 | 욕창예방매트리스 | 전방보행차 | 수동휠체어","경기 파주시 중앙로 288","경기 파주시 아동동 328-45","10930","파주시","126.776513924366","37.7617113897905","ROAD_ADDR","A","경기도 파주시 중앙로 288 (아동동)","1"
"41","경기도","97","종로의료기","경기도 용인시 처인구 백옥대로 1072 (김량장동)","031-335-4488","전동휠체어(가군, 나군) | 의료용 스쿠터 | 보청기 | 욕창예방방석 | 욕창예방매트리스 | 이동식전동리프트 | 전방보행차 | 후방보행차 | 수동휠체어","경기 용인시 처인구 백옥대로 1072","경기 용인시 처인구 김량장동 24","17063","용인시 처인구","127.209825652261","37.2315347695123","ROAD_ADDR","A","경기도 용인시 처인구 백옥대로 1072 (김량장동)","1"
"41","경기도","96","주식회사 그레이스케일","경기도 부천시 경인로 175, 2층 203호 (심곡본동, 케이씨씨엠파이어타워)","070-4120-3344","전동휠체어(가군, 나군) | 의료용 스쿠터 | 욕창예방방석 | 욕창예방매트리스 | 이동식전동리프트 | 전방보행차 | 수동휠체어","경기 부천시 소사구 경인로 175","경기 부천시 소사구 심곡본동 527","14724","부천시 소사구","126.774882751782","37.4842363704364","ROAD_ADDR","A","경기도 부천시 경인로 175, 2층 203호 (심곡본동, 케이씨씨엠파이어타워)","1"
"41","경기도","95","주식회사 대아","경기도 수원시 영통구 월드컵로 164, 지하1층 (원천동, 아주대학병원)","031-216-1478","전동휠체어(가군, 나군) | 의료용 스쿠터 | 보청기 | 욕창예방방석 | 욕창예방매트리스 | 이동식전동리프트 | 전방보행차 | 후방보행차 | 수동휠체어","경기 수원시 영통구 월드컵로 164","경기 수원시 영통구 원천동 산 26-6","16499","수원시 영통구","127.047519373907","37.2794385674316","ROAD_ADDR","A","경기도 수원시 영통구 월드컵로 164, 지하1층 (원천동, 아주대학병원)","1"
"41","경기도","94","주식회사 루웰","경기도 용인시 수지구 달맞이로 49, 101-1호 (죽전동)","031-261-7779","전동휠체어(가군, 나군) | 의료용 스쿠터 | 욕창예방방석 | 욕창예방매트리스 | 이동식전동리프트 | 전방보행차 | 후방보행차 | 수동휠체어","경기 용인시 수지구 달맞이로 49","경기 용인시 수지구 죽전동 347-2","16873","용인시 수지구","127.116306028782","37.3264451281853","ROAD_ADDR","A","경기도 용인시 수지구 달맞이로 49","2"
"41","경기도","93","주식회사 빅베어","경기도 시흥시 옥구천서로237번길 78, 1나동 308호 (정왕동, (주)대양)","031-431-2451","전동휠체어(가군, 나군) | 의료용 스쿠터 | 욕창예방방석 | 욕창예방매트리스 | 이동식전동리프트 | 전방보행차 | 후방보행차 | 수동휠체어","경기 시흥시 옥구천서로237번길 78","경기 시흥시 정왕동 1242-7","15086","시흥시","126.711007433545","37.3501035593292","ROAD_ADDR","A","경기도 시흥시 옥구천서로237번길 78","2"
"41","경기도","92","주식회사 사랑으로","경기도 수원시 영통구 신원로 306, 1동 비201호 (원천동, 영통 이노플렉스-1단지)","070-7757-2014","전동휠체어(가군, 나군) | 의료용 스쿠터 | 자세보조용구 | 욕창예방방석 | 욕창예방매트리스 | 이동식전동리프트 | 전방보행차 | 후방보행차 | 수동휠체어","경기 수원시 영통구 신원로 306","경기 수원시 영통구 원천동 552","16675","수원시 영통구","127.061988441895","37.2623536343617","ROAD_ADDR","A","경기도 수원시 영통구 신원로 306, 1동 비201호 (원천동, 영통 이노플렉스-1단지)","1"
"41","경기도","91","주식회사 성우","경기도 고양시 일산동구 성석로 48, 나동 201호 (중산동)","031-926-3137","전동휠체어(가군, 나군) | 의료용 스쿠터 | 욕창예방방석 | 욕창예방매트리스 | 이동식전동리프트 | 수동휠체어","경기 고양시 일산동구 성석로 48","경기 고양시 일산동구 중산동 7","10319","고양시 일산동구","126.791679588506","37.6843615764622","ROAD_ADDR","A","경기도 고양시 일산동구 성석로 48, 나동 201호 (중산동)","1"
"41","경기도","90","주식회사 스위브(SWIV CO.,Ltd.)","경기도 성남시 중원구 둔촌대로 449, B104호 (상대원동, 중앙인더스피아)","031-733-1882","전동휠체어(가군, 나군) | 의료용 스쿠터 | 욕창예방방석 | 욕창예방매트리스 | 이동식전동리프트 | 전방보행차 | 후방보행차 | 수동휠체어","경기 성남시 중원구 둔촌대로 449","경기 성남시 중원구 상대원동 517-13","13219","성남시 중원구","127.167487616616","37.4328740957341","ROAD_ADDR","A","경기도 성남시 중원구 둔촌대로 449, B104호 (상대원동, 중앙인더스피아)","1"
"41","경기도","89","주식회사 알에스케어서비스","경기도 김포시 태장로 741 경동미르웰시티, 754호 (장기동)","031-901-3658","전동휠체어(가군, 나군) | 의료용 스쿠터 | 욕창예방방석 | 욕창예방매트리스 | 이동식전동리프트 | 후방보행차 | 수동휠체어","경기 김포시 태장로 741","경기 김포시 장기동 2008-5","10090","김포시","126.683941382999","37.6412239811458","ROAD_ADDR","A","경기도 김포시 태장로 741 경동미르웰시티, 754호 (장기동)","1"
"41","경기도","88","주식회사 알에스케어서비스","경기도 김포시 양촌읍 황금로 117, 메카존 나동 7층 727호","031-901-3658","전동휠체어(가군, 나군) | 의료용 스쿠터 | 욕창예방방석 | 욕창예방매트리스 | 이동식전동리프트 | 후방보행차 | 수동휠체어","경기 김포시 양촌읍 황금로 117","경기 김포시 양촌읍 학운리 2979","10048","김포시","126.621275478816","37.6164960068509","ROAD_ADDR","A","경기도 김포시 양촌읍 황금로 117, 메카존 나동 7층 727호","1"
"41","경기도","87","주식회사 엠알케어","경기도 김포시 오정동로 107 (하성면)","070-7711-4030","전동휠체어(가군, 나군) | 의료용 스쿠터 | 욕창예방방석 | 욕창예방매트리스 | 수동휠체어","경기 김포시 하성면 오정동로 107","경기 김포시 하성면 석탄리 235","10012","김포시","126.651139976982","37.7234300241721","ROAD_ADDR","A","경기도 김포시 오정동로 107 (하성면)","1"
"41","경기도","86","주식회사 엠피에스코리아(용인기흥지점)","경기도 용인시 기흥구 동백죽전대로 444 (중동, 쥬네브썬월드빌딩) 제지1층 제비060호","031-337-3025","전동휠체어(가군, 나군) | 의료용 스쿠터","경기 용인시 기흥구 동백죽전대로 444","경기 용인시 기흥구 중동 833","17006","용인시 기흥구","127.151598440729","37.2779959612183","ROAD_ADDR","A","경기도 용인시 기흥구 동백죽전대로 444 (중동, 쥬네브썬월드빌딩) 제지1층 제비060호","1"
"41","경기도","85","주식회사 이원의료기","경기도 구리시 경춘로 160, 1층 (교문동, 도양빌딩)","031-567-2221","전동휠체어(가군, 나군) | 의료용 스쿠터 | 보청기 | 욕창예방방석 | 욕창예방매트리스 | 이동식전동리프트 | 전방보행차 | 후방보행차 | 수동휠체어","경기 구리시 경춘로 160","경기 구리시 교문동 206-3","11924","구리시","127.133002039007","37.6004783455556","ROAD_ADDR","A","경기도 구리시 경춘로 160, 1층 (교문동, 도양빌딩)","1"
"41","경기도","84","주식회사 자모","경기도 파주시 헤이리로 284, 2동 (탄현면)","070-5025-7866","전동휠체어(가군, 나군) | 의료용 스쿠터 | 수동휠체어","경기 파주시 탄현면 헤이리로 284","경기 파주시 탄현면 금산리 120-15","10858","파주시","126.705981774726","37.8043239229208","ROAD_ADDR","A","경기도 파주시 헤이리로 284, 2동 (탄현면)","1"
"41","경기도","83","주식회사 케어플러스","경기도 양주시 화합로1162번길 27 (은현면)","02-6052-5365","전동휠체어(가군, 나군) | 의료용 스쿠터 | 보청기 | 욕창예방방석 | 욕창예방매트리스 | 이동식전동리프트 | 전방보행차 | 후방보행차 | 수동휠체어","경기 양주시 은현면 화합로1162번길 27","경기 양주시 은현면 용암리 441","11429","양주시","127.045440194248","37.8487019582565","ROAD_ADDR","A","경기도 양주시 화합로1162번길 27 (은현면)","1"
"41","경기도","82","주식회사 케이체어","경기도 성남시 중원구 둔촌대로309번길 8 1층 (하대원동)","000-1544-4676","전동휠체어(가군, 나군) | 의료용 스쿠터 | 욕창예방방석 | 욕창예방매트리스 | 이동식전동리프트 | 전방보행차 | 후방보행차 | 수동휠체어","경기 성남시 중원구 둔촌대로309번길 8","경기 성남시 중원구 하대원동 138-10","13390","성남시 중원구","127.152259021265","37.4309707535438","ROAD_ADDR","A","경기도 성남시 중원구 둔촌대로309번길 8 1층 (하대원동)","1"
"41","경기도","81","주식회사 코모","경기도 화성시 팔탄면 밤뒤길39번길 30-1 1층 (팔탄면)","031-354-1597","전동휠체어(가군, 나군) | 의료용 스쿠터","경기 화성시 만세구 팔탄면 밤뒤길39번길 30-1","경기 화성시 만세구 팔탄면 율암리 133-30","18524","화성시 만세구","126.878817209396","37.1706579288663","ROAD_ADDR","A","경기도 화성시 팔탄면 밤뒤길39번길 30-1 1층 (팔탄면)","1"
"41","경기도","80","주식회사 토탈실버","경기도 용인시 기흥구 신갈로58번길 27, 3층 (신갈동)","031-693-9330","전동휠체어(가군, 나군) | 의료용 스쿠터 | 욕창예방방석 | 욕창예방매트리스 | 수동휠체어","경기 용인시 기흥구 신갈로58번길 27","경기 용인시 기흥구 신갈동 51-9","16969","용인시 기흥구","127.108746260051","37.2729354472613","ROAD_ADDR","A","경기도 용인시 기흥구 신갈로58번길 27, 3층 (신갈동)","1"
"41","경기도","79","주식회사 필스컴퍼니","경기도 고양시 덕양구 안진5길 28 상가 1층 (지축동)","02-2088-2287","전동휠체어(가군, 나군) | 욕창예방방석 | 욕창예방매트리스 | 수동휠체어","경기 고양시 덕양구 안진5길 28","경기 고양시 덕양구 지축동 1032-3","10585","고양시 덕양구","126.915473498997","37.6472708142935","ROAD_ADDR","A","경기도 고양시 덕양구 안진5길 28 상가 1층 (지축동)","1"
"41","경기도","78","주식회사 힐빙케어","경기도 부천시 소사구 경인로 281, 1001호 (심곡본동, 진성타워)","032-322-6586","전동휠체어(가군, 나군) | 의료용 스쿠터 | 욕창예방방석 | 욕창예방매트리스 | 이동식전동리프트 | 수동휠체어","경기 부천시 소사구 경인로 281","경기 부천시 소사구 심곡본동 556-7","14710","부천시 소사구","126.78674704348","37.483091576447","ROAD_ADDR","A","경기도 부천시 소사구 경인로 281, 1001호 (심곡본동, 진성타워)","1"
"41","경기도","77","주식회사이웃사람들","경기도 수원시팔달구 수성로 92-0(화서동)농민회관본관3층","070-7139-3114","전동휠체어(가군, 나군) | 의료용 스쿠터","경기 수원시 팔달구 수성로 92","경기 수원시 팔달구 화서동 436-3","16432","수원시 팔달구","126.98877518272","37.2818342466838","ROAD_ADDR","A","경기도 수원시팔달구 수성로 92-0(화서동)농민회관본관3층","1"
"41","경기도","76","주식회사전진","경기도 안산시 상록구 광덕1로 365, 606호 (이동, 신화프라자)","010-7752-8522","전동휠체어(가군, 나군) | 의료용 스쿠터 | 자세보조용구 | 욕창예방방석 | 욕창예방매트리스 | 이동식전동리프트 | 전방보행차 | 후방보행차 | 수동휠체어","경기 안산시 상록구 광덕1로 365","경기 안산시 상록구 이동 714","15494","안산시 상록구","126.850057897366","37.3078575335796","ROAD_ADDR","A","경기도 안산시 상록구 광덕1로 365, 606호 (이동, 신화프라자)","1"
"41","경기도","75","주식회사휠스코리아","경기도 용인시 기흥구 기흥단지로141번길 23, 2층 (고매동)","031-746-0584","전동휠체어(가군, 나군) | 의료용 스쿠터 | 욕창예방방석 | 욕창예방매트리스 | 이동식전동리프트 | 수동휠체어","경기 용인시 기흥구 기흥단지로141번길 23","경기 용인시 기흥구 고매동 365-18","17086","용인시 기흥구","127.11057339834","37.2279165257833","ROAD_ADDR","A","경기도 용인시 기흥구 기흥단지로141번길 23, 2층 (고매동)","1"
"41","경기도","74","중앙의료기","경기도 광명시 덕안로104번길 17 광명역M클러스터 1층, 122호 (일직동)","02-6676-4685","전동휠체어(가군, 나군) | 의료용 스쿠터 | 욕창예방방석 | 욕창예방매트리스 | 전방보행차 | 후방보행차 | 수동휠체어","경기 광명시 덕안로104번길 17","경기 광명시 일직동 501-4","14353","광명시","126.887063229173","37.4242146189695","ROAD_ADDR","A","경기도 광명시 덕안로104번길 17 광명역M클러스터 1층, 122호 (일직동)","1"
"41","경기도","73","중앙의료기","경기도 화성시 삼천병마로 206-0 (향남읍)","031-352-9133","전동휠체어(가군, 나군) | 보청기 | 욕창예방방석 | 욕창예방매트리스 | 수동휠체어","경기 화성시 만세구 향남읍 삼천병마로 206","경기 화성시 만세구 향남읍 평리 81-22","18592","화성시 만세구","126.910527627715","37.1313131652431","ROAD_ADDR","A","경기도 화성시 삼천병마로 206-0 (향남읍)","1"
"41","경기도","72","중앙의료기","경기도 부천시 경인로10번길 24 (송내동)","032-504-2072","전동휠체어(가군, 나군) | 의료용 스쿠터 | 보청기 | 욕창예방방석 | 욕창예방매트리스 | 이동식전동리프트 | 수동휠체어","경기 부천시 소사구 경인로10번길 24","경기 부천시 소사구 송내동 303-7","14743","부천시 소사구","126.755563395533","37.4822077472119","ROAD_ADDR","A","경기도 부천시 경인로10번길 24 (송내동)","1"
"41","경기도","71","지성메디칼","경기도 고양시 일산동구 동국로 16 (식사동)","031-968-0377","전동휠체어(가군, 나군) | 의료용 스쿠터 | 보청기 | 욕창예방방석 | 욕창예방매트리스 | 이동식전동리프트 | 전방보행차 | 후방보행차 | 수동휠체어","경기 고양시 일산동구 동국로 16","경기 고양시 일산동구 식사동 815-2","10325","고양시 일산동구","126.807578113045","37.6754406223542","ROAD_ADDR","A","경기도 고양시 일산동구 동국로 16 (식사동)","1"
"41","경기도","70","참사랑실버용품샵","경기도 고양시 덕양구 토당로 72, 나동 2층 (토당동)","031-978-6171","전동휠체어(가군, 나군) | 의료용 스쿠터 | 욕창예방방석 | 욕창예방매트리스 | 이동식전동리프트 | 수동휠체어","경기 고양시 덕양구 토당로 72","경기 고양시 덕양구 토당동 330-6","10508","고양시 덕양구","126.8189301518","37.6216380619991","ROAD_ADDR","A","경기도 고양시 덕양구 토당로 72, 나동 2층 (토당동)","1"
"41","경기도","69","참조은애의료기","경기도 오산시 밀머리로1번길 14, 102호 (원동, 메디마트)","031-8043-3214","전동휠체어(가군, 나군) | 의료용 스쿠터 | 욕창예방방석 | 욕창예방매트리스 | 이동식전동리프트 | 수동휠체어","경기 오산시 밀머리로1번길 14","경기 오산시 원동 560-86","18144","오산시","127.075099783012","37.1415020719912","ROAD_ADDR","A","경기도 오산시 밀머리로1번길 14, 102호 (원동, 메디마트)","1"
"41","경기도","68","창림정공(주)","경기도 화성시 향남읍 서해로 529-12 (,63-19)","031-359-8326","전동휠체어(가군, 나군)","경기 화성시 만세구 향남읍 서해로 529-12","경기 화성시 만세구 향남읍 상신리 63-19","18614","화성시 만세구","126.899590081353","37.1101237334114","ROAD_ADDR","A","경기도 화성시 향남읍 서해로 529-12 (,63-19)","1"
"41","경기도","67","천수기업","경기도 수원시 권선구 덕영대로1126번길 30, 1층 (세류동)","010-3586-4081","전동휠체어(가군, 나군) | 의료용 스쿠터 | 욕창예방방석 | 욕창예방매트리스 | 이동식전동리프트 | 수동휠체어","경기 수원시 권선구 덕영대로1126번길 30","경기 수원시 권선구 세류동 978-1","16656","수원시 권선구","127.013553553756","37.2508324881554","ROAD_ADDR","A","경기도 수원시 권선구 덕영대로1126번길 30, 1층 (세류동)","1"
"41","경기도","66","천지인의료기","경기도 성남시 중원구 산성대로476번길 4, 1층 (금광동)","031-733-6001","전동휠체어(가군, 나군) | 의료용 스쿠터 | 보청기 | 욕창예방방석 | 욕창예방매트리스 | 이동식전동리프트 | 수동휠체어","경기 성남시 중원구 산성대로476번길 4","경기 성남시 중원구 금광동 4844","13161","성남시 중원구","127.161368297335","37.4537739654578","ROAD_ADDR","A","경기도 성남시 중원구 산성대로476번길 4, 1층 (금광동)","1"
"41","경기도","65","케어 라이프(K-LIFE)","경기도 양평군 중앙로 135, 101호 (양평읍, 준빌리지)","031-790-0595","전동휠체어(가군, 나군) | 의료용 스쿠터 | 욕창예방방석 | 욕창예방매트리스 | 이동식전동리프트 | 전방보행차 | 후방보행차 | 수동휠체어","경기 양평군 양평읍 중앙로 135","경기 양평군 양평읍 공흥리 513-1","12550","양평군","127.503787128027","37.4929814972179","ROAD_ADDR","A","경기도 양평군 중앙로 135, 101호 (양평읍, 준빌리지)","1"
"41","경기도","64","케어 메디칼","경기도 의정부시 부용로210번길 14 (신곡동)","031-853-6724","전동휠체어(가군, 나군) | 의료용 스쿠터 | 욕창예방방석 | 욕창예방매트리스 | 이동식전동리프트 | 수동휠체어","경기 의정부시 부용로210번길 14","경기 의정부시 신곡동 786-8","11773","의정부시","127.078792177844","37.7496680399459","ROAD_ADDR","A","경기도 의정부시 부용로210번길 14 (신곡동)","1"
"41","경기도","63","케어닉스(carenix)","경기도 화성시 동탄대로21길 10, 지하1층 비104호 (영천동)","031-8043-4443","전동휠체어(가군, 나군) | 의료용 스쿠터 | 욕창예방방석 | 욕창예방매트리스 | 수동휠체어","경기 화성시 동탄구 동탄대로21길 10","경기 화성시 동탄구 영천동 652-5","18471","화성시 동탄구","127.097636159342","37.2079011859129","ROAD_ADDR","A","경기도 화성시 동탄대로21길 10, 지하1층 비104호 (영천동)","1"
"41","경기도","62","케어메디칼","경기도 남양주시 경춘로1256번길 10, 206호 (평내동, 평내프라자)","031-591-2133","전동휠체어(가군, 나군) | 의료용 스쿠터 | 보청기 | 욕창예방방석 | 욕창예방매트리스 | 수동휠체어","경기 남양주시 경춘로1256번길 10","경기 남양주시 평내동 578-2","12223","남양주시","127.234719794418","37.6456701737497","ROAD_ADDR","A","경기도 남양주시 경춘로1256번길 10, 206호 (평내동, 평내프라자)","1"
"41","경기도","61","케어박사복지센터","경기도 수원시 장안구 정조로 1039, 3층 (송죽동, 송죽빌딩)","010-2300-8920","전동휠체어(가군, 나군) | 의료용 스쿠터 | 보청기 | 욕창예방방석 | 욕창예방매트리스 | 이동식전동리프트 | 전방보행차 | 후방보행차 | 수동휠체어","경기 수원시 장안구 정조로 1039","경기 수원시 장안구 송죽동 379-1","16306","수원시 장안구","127.006356484623","37.2987513293284","ROAD_ADDR","A","경기도 수원시 장안구 정조로 1039, 3층 (송죽동, 송죽빌딩)","1"
"41","경기도","60","케어존","경기도 수원시 권선구 효원로 196, 2층 (권선동)","031-292-4847","전동휠체어(가군, 나군) | 의료용 스쿠터 | 욕창예방방석 | 욕창예방매트리스 | 이동식전동리프트 | 수동휠체어","경기 수원시 권선구 효원로 196","경기 수원시 권선구 권선동 940-1","16569","수원시 권선구","127.023197061265","37.2635832756765","ROAD_ADDR","A","경기도 수원시 권선구 효원로 196, 2층 (권선동)","1"
"41","경기도","59","케어팜","경기도 성남시 중원구 사기막골로 124, 테크동 B2층 202-1호 (상대원동, SKn테크노파크)","031-777-8040","전동휠체어(가군, 나군) | 의료용 스쿠터 | 보청기 | 욕창예방방석 | 욕창예방매트리스 | 이동식전동리프트 | 수동휠체어","경기 성남시 중원구 사기막골로 124","경기 성남시 중원구 상대원동 190-1","13207","성남시 중원구","127.177483892075","37.4405625538568","ROAD_ADDR","A","경기도 성남시 중원구 사기막골로 124, 테크동 B2층 202-1호 (상대원동, SKn테크노파크)","1"
"41","경기도","58","케어플러스","경기도 의정부시 용현로150번길 6-17, 1층 (민락동)","031-824-5222","전동휠체어(가군, 나군) | 의료용 스쿠터 | 욕창예방방석 | 욕창예방매트리스 | 이동식전동리프트 | 전방보행차 | 후방보행차 | 수동휠체어","경기 의정부시 용현로150번길 6-17","경기 의정부시 민락동 704-1","11808","의정부시","127.09143864226","37.7405894900943","ROAD_ADDR","A","경기도 의정부시 용현로150번길 6-17, 1층 (민락동)","1"
"41","경기도","57","케이에이치라이프(KHLife)","경기도 의정부시 진등로11번길 16 일부호, 녹양동 (녹양동)","031-823-6392","전동휠체어(가군, 나군) | 의료용 스쿠터 | 욕창예방방석 | 욕창예방매트리스 | 이동식전동리프트 | 전방보행차 | 후방보행차 | 수동휠체어","경기 의정부시 진등로11번길 16","경기 의정부시 녹양동 382-11","11606","의정부시","127.032072044781","37.7595357810465","ROAD_ADDR","A","경기도 의정부시 진등로11번길 16 일부호, 녹양동 (녹양동)","1"
"41","경기도","56","탑오토바이 (BIKE TOP)","경기도 파주시 평화로 11-1, 1층 101호 (금촌동, 주중취)","010-8259-5182","전동휠체어(가군, 나군) | 의료용 스쿠터 | 욕창예방방석 | 수동휠체어","경기 파주시 평화로 11-1","경기 파주시 금촌동 938-14","10927","파주시","126.772505920239","37.7589307326795","ROAD_ADDR","A","경기도 파주시 평화로 11-1, 1층 101호 (금촌동, 주중취)","1"
"41","경기도","55","태영의료기","경기도 군포시 고산로250번길 12, 207호 (당동, 중앙프라자)","031-394-4242","전동휠체어(가군, 나군) | 의료용 스쿠터 | 욕창예방방석 | 욕창예방매트리스 | 수동휠체어","경기 군포시 고산로250번길 12","경기 군포시 당동 917-4","15856","군포시","126.944997772973","37.3470422017657","ROAD_ADDR","A","경기도 군포시 고산로250번길 12, 207호 (당동, 중앙프라자)","1"
"41","경기도","54","태웅의료기상사","경기도 안산시 상록구 구룡로 84 (일동)","031-407-7340","전동휠체어(가군, 나군) | 의료용 스쿠터 | 욕창예방방석 | 욕창예방매트리스 | 이동식전동리프트 | 수동휠체어","경기 안산시 상록구 구룡로 84","경기 안산시 상록구 일동 99-1","15324","안산시 상록구","126.87324785228","37.3158101404431","ROAD_ADDR","A","경기도 안산시 상록구 구룡로 84 (일동)","1"
"41","경기도","53","터미널의료기","경기도 이천시 중리천로 93 (창전동)","031-638-8285","전동휠체어(가군, 나군) | 의료용 스쿠터 | 보청기 | 수동휠체어","경기 이천시 중리천로 93","경기 이천시 창전동 170-8","17370","이천시","127.447352097851","37.2781897884936","ROAD_ADDR","A","경기도 이천시 중리천로 93 (창전동)","1"
"41","경기도","52","테마건강의료기","경기도 안산시 상록구 용신로 351, 110호 (본오동, 대아상가)","031-482-8860","전동휠체어(가군, 나군) | 의료용 스쿠터 | 욕창예방방석 | 욕창예방매트리스 | 수동휠체어","경기 안산시 상록구 용신로 351","경기 안산시 상록구 본오동 877-12","15532","안산시 상록구","126.861184439964","37.3020537540885","ROAD_ADDR","A","경기도 안산시 상록구 용신로 351, 110호 (본오동, 대아상가)","1"
"41","경기도","51","토탈실버","경기도 용인시 처인구 석성로819번길 90-19 (포곡읍)","010-2820-5707","전동휠체어(가군, 나군) | 의료용 스쿠터 | 욕창예방방석 | 욕창예방매트리스 | 이동식전동리프트 | 전방보행차 | 후방보행차 | 수동휠체어","경기 용인시 처인구 포곡읍 석성로819번길 90-19","경기 용인시 처인구 포곡읍 마성리 92-1","17024","용인시 처인구","127.195953674534","37.280642524409","ROAD_ADDR","A","경기도 용인시 처인구 석성로819번길 90-19 (포곡읍)","1"
"41","경기도","50","튼튼의료기","경기도 안산시 상록구 충장로 72, 1층 (본오동)","031-8042-6551","전동휠체어(가군, 나군) | 의료용 스쿠터 | 욕창예방방석 | 욕창예방매트리스 | 이동식전동리프트 | 수동휠체어","경기 안산시 상록구 충장로 72","경기 안산시 상록구 본오동 939-15","15564","안산시 상록구","126.857269218739","37.2881885401034","ROAD_ADDR","A","경기도 안산시 상록구 충장로 72, 1층 (본오동)","1"
"41","경기도","49","파워메디","경기도 부천시 수주로 31-1, 1층 103,104호 (고강동)","032-675-6237","전동휠체어(가군, 나군) | 의료용 스쿠터 | 욕창예방방석 | 욕창예방매트리스 | 이동식전동리프트 | 수동휠체어","경기 부천시 오정구 수주로 31-1","경기 부천시 오정구 고강동 414-16","14409","부천시 오정구","126.82444937058","37.5264091147621","ROAD_ADDR","A","경기도 부천시 수주로 31-1, 1층 103,104호 (고강동)","1"
"41","경기도","48","파워메디칼","경기도 부천시 중동로 64, 상가동 108호 (송내동, 부천중동역푸르지오)","032-651-0112","전동휠체어(가군, 나군) | 의료용 스쿠터 | 욕창예방방석 | 욕창예방매트리스 | 이동식전동리프트 | 수동휠체어","경기 부천시 소사구 중동로 64","경기 부천시 소사구 송내동 372","14722","부천시 소사구","126.765631767331","37.4853441893951","ROAD_ADDR","A","경기도 부천시 중동로 64, 상가동 108호 (송내동, 부천중동역푸르지오)","1"
"41","경기도","47","퍼슨","경기도 김포시 중봉1로 12, b205호 (감정동, 이삼메디칼센타)","031-996-7494","전동휠체어(가군, 나군) | 의료용 스쿠터 | 욕창예방방석 | 욕창예방매트리스 | 이동식전동리프트 | 수동휠체어","경기 김포시 중봉1로 12","경기 김포시 감정동 551-8","10104","김포시","126.699670102646","37.6223050575793","ROAD_ADDR","A","경기도 김포시 중봉1로 12, b205호 (감정동, 이삼메디칼센타)","1"
"41","경기도","46","평촌의료기","경기도 안양시 동안구 관평로170번길 33, 106호 (관양동, 평촌주공공이)","031-388-0438","전동휠체어(가군, 나군) | 의료용 스쿠터 | 보청기 | 욕창예방매트리스 | 수동휠체어","경기 안양시 동안구 관평로170번길 33","경기 안양시 동안구 관양동 1606","14066","안양시 동안구","126.962287233607","37.3930187793518","ROAD_ADDR","A","경기도 안양시 동안구 관평로170번길 33, 106호 (관양동, 평촌주공공이)","1"
"41","경기도","45","평화의료기","경기도 평택시 국제로 37 (서정동)","031-663-3010","의지·보조기(교정형신발 등) | 전동휠체어(가군, 나군) | 의료용 스쿠터 | 보청기","경기 평택시 국제로 37","경기 평택시 서정동 603-24","17769","평택시","127.043557087313","37.0751560731349","ROAD_ADDR","A","경기도 평택시 국제로 37 (서정동)","1"
"41","경기도","44","포천C.I.L","경기도 포천시 청신로 2072 (신북면)","031-531-6368","전동휠체어(가군, 나군) | 의료용 스쿠터 | 욕창예방방석 | 수동휠체어","경기 포천시 신북면 청신로 2072","경기 포천시 신북면 신평리 605-2","11138","포천시","127.219930511245","37.9373953116987","ROAD_ADDR","A","경기도 포천시 청신로 2072 (신북면)","1"
"41","경기도","43","포천의료기상사","경기도 포천시 포천로 1604 (신읍동, 고려빌딩)","031-534-0050","전동휠체어(가군, 나군) | 의료용 스쿠터 | 수동휠체어","경기 포천시 포천로 1604","경기 포천시 신읍동 178-13","11143","포천시","127.201671561385","37.9000198870163","ROAD_ADDR","A","경기도 포천시 포천로 1604 (신읍동, 고려빌딩)","1"
"41","경기도","42","피포스","경기도 용인시 기흥구 동백3로11번길 33, 403호 (중동, 새롬프라자)","031-679-0134","전동휠체어(가군, 나군) | 의료용 스쿠터 | 욕창예방방석 | 욕창예방매트리스 | 이동식전동리프트 | 수동휠체어","경기 용인시 기흥구 동백3로11번길 33","경기 용인시 기흥구 중동 845-6","17006","용인시 기흥구","127.151231873838","37.2714599277524","ROAD_ADDR","A","경기도 용인시 기흥구 동백3로11번길 33, 403호 (중동, 새롬프라자)","1"
"41","경기도","41","하나의료기","경기도 안산시 단원구 보배2길 59, 나동 1층 (고잔동)","031-405-4911","전동휠체어(가군, 나군) | 의료용 스쿠터 | 보청기 | 욕창예방방석 | 욕창예방매트리스 | 전방보행차 | 후방보행차 | 수동휠체어","경기 안산시 단원구 보배2길 59","경기 안산시 단원구 고잔동 618-5","15263","안산시 단원구","126.832186473301","37.3312024542039","ROAD_ADDR","A","경기도 안산시 단원구 보배2길 59, 나동 1층 (고잔동)","1"
"41","경기도","40","하나의료기","경기도 안산시단원구 선부1동(선부동) 1071-1호 한도병원(B102호)","031-401-4911","전동휠체어(가군, 나군) | 의료용 스쿠터 | 보청기 | 욕창예방방석 | 욕창예방매트리스 | 전방보행차 | 후방보행차 | 수동휠체어","경기 안산시 단원구 선부광장1로 186","경기 안산시 단원구 선부동 1071","15367","안산시 단원구","126.807105301307","37.3340686941731","REGION_ADDR","A","경기도 안산시단원구 선부1동(선부동) 1071-1호 한도병원(B102호)","1"
"41","경기도","39","하남의료기","경기도 하남시 하남대로 823, 1층 (덕풍동)","031-793-8093","전동휠체어(가군, 나군) | 의료용 스쿠터 | 보청기 | 욕창예방방석 | 욕창예방매트리스 | 이동식전동리프트 | 전방보행차 | 수동휠체어","경기 하남시 하남대로 823","경기 하남시 덕풍동 406-15","12967","하남시","127.206310261197","37.54172809481","ROAD_ADDR","A","경기도 하남시 하남대로 823, 1층 (덕풍동)","1"
"41","경기도","38","하늘높이복지용구사업소","경기도 시흥시 신천로68번길 4 (신천동, 1층)","031-404-0104","전동휠체어(가군, 나군) | 의료용 스쿠터 | 이동식전동리프트 | 수동휠체어","경기 시흥시 신천로68번길 4","경기 시흥시 신천동 852-2","14950","시흥시","126.787117862585","37.4366123504643","ROAD_ADDR","A","경기도 시흥시 신천로68번길 4 (신천동, 1층)","1"
"41","경기도","37","하늘케어","경기도 성남시 수정구 제일로 219-2, 1층 (태평동)","031-735-5300","전동휠체어(가군, 나군) | 의료용 스쿠터 | 욕창예방방석 | 욕창예방매트리스 | 이동식전동리프트 | 전방보행차 | 후방보행차 | 수동휠체어","경기 성남시 수정구 제일로 219-2","경기 성남시 수정구 태평동 5589","13307","성남시 수정구","127.129355013232","37.4457968462166","ROAD_ADDR","A","경기도 성남시 수정구 제일로 219-2, 1층 (태평동)","1"
"41","경기도","36","한결애복지센터","경기도 안산시 단원구 선부광장1로 26, 205호 (선부동, 문정프라자)","031-411-1911","전동휠체어(가군, 나군) | 의료용 스쿠터 | 욕창예방방석 | 욕창예방매트리스 | 이동식전동리프트 | 전방보행차 | 수동휠체어","경기 안산시 단원구 선부광장1로 26","경기 안산시 단원구 선부동 1070-14","15240","안산시 단원구","126.80809475155","37.33612708429","ROAD_ADDR","A","경기도 안산시 단원구 선부광장1로 26, 205호 (선부동, 문정프라자)","1"
"41","경기도","35","한국 의료기","경기도 시흥시 신천5길 19, 1층 101호 (신천동)","031-318-8317","전동휠체어(가군, 나군) | 수동휠체어","경기 시흥시 신천5길 19","경기 시흥시 신천동 833-3","14948","시흥시","126.780164935665","37.4376791285613","ROAD_ADDR","A","경기도 시흥시 신천5길 19, 1층 101호 (신천동)","1"
"41","경기도","34","한국모터즈","경기도 평택시 원평로25번길 61-1, 2층 6호 (군문동)","070-8811-9112","전동휠체어(가군, 나군) | 의료용 스쿠터 | 전방보행차 | 후방보행차 | 수동휠체어","경기 평택시 원평로25번길 61-1","경기 평택시 군문동 360-4","17922","평택시","127.082982621915","36.9861719344163","ROAD_ADDR","A","경기도 평택시 원평로25번길 61-1, 2층 6호 (군문동)","1"
"41","경기도","33","한국보조기","경기도 안양시 동안구 경수대로 927, 별층 1호 (비산동)","031-444-2400","의지·보조기(교정형신발 등) | 전동휠체어(가군, 나군) | 의료용 스쿠터 | 욕창예방방석 | 욕창예방매트리스 | 수동휠체어","경기 안양시 동안구 경수대로 927","경기 안양시 동안구 비산동 571","13955","안양시 동안구","126.933604464775","37.3981513487264","ROAD_ADDR","A","경기도 안양시 동안구 경수대로 927, 별층 1호 (비산동)","1"
"41","경기도","32","한국장애인기업연합회","경기도 수원시 권선구 장다리로 60, 502-2호 (세류동)","031-236-9336","전동휠체어(가군, 나군) | 의료용 스쿠터 | 욕창예방방석 | 욕창예방매트리스 | 이동식전동리프트 | 수동휠체어","경기 수원시 권선구 장다리로 60","경기 수원시 권선구 세류동 1081-8","16580","수원시 권선구","127.02018999645","37.2556807800556","ROAD_ADDR","A","경기도 수원시 권선구 장다리로 60","2"
"41","경기도","31","한림보청기의료기","경기도 화성시 큰재봉길 23-11, 107호 (석우동, 동탄 삼성쉐르빌)","031-8003-8496","전동휠체어(가군, 나군) | 보청기 | 욕창예방매트리스 | 수동휠체어","경기 화성시 동탄구 큰재봉길 23-11","경기 화성시 동탄구 석우동 36-1","18450","화성시 동탄구","127.079347543416","37.2174984132794","ROAD_ADDR","A","경기도 화성시 큰재봉길 23-11, 107호 (석우동, 동탄 삼성쉐르빌)","1"
"41","경기도","30","한마음실버복지용구","경기도 포천시 왕방로 159 (신읍동, 유한아파트상가)","031-534-9964","전동휠체어(가군, 나군) | 의료용 스쿠터 | 욕창예방방석 | 욕창예방매트리스 | 이동식전동리프트 | 전방보행차 | 후방보행차","경기 포천시 왕방로 159","경기 포천시 신읍동 143-4","11141","포천시","127.194461641551","37.89719053245","ROAD_ADDR","A","경기도 포천시 왕방로 159 (신읍동, 유한아파트상가)","1"
"41","경기도","29","한북실버케어","경기도 의정부시 흥선로 132 (의정부동)","031-847-8861","전동휠체어(가군, 나군) | 의료용 스쿠터 | 욕창예방방석 | 욕창예방매트리스 | 이동식전동리프트 | 수동휠체어","경기 의정부시 흥선로 132","경기 의정부시 의정부동 427-3","11671","의정부시","127.041458657729","37.7417227936689","ROAD_ADDR","A","경기도 의정부시 흥선로 132 (의정부동)","1"
"41","경기도","28","한솔 의료기","경기도 여주시 여흥로 149 (상동)","031-881-4111","전동휠체어(가군, 나군) | 의료용 스쿠터 | 보청기 | 욕창예방방석 | 욕창예방매트리스 | 이동식전동리프트 | 전방보행차 | 후방보행차 | 수동휠체어","경기 여주시 여흥로 149","경기 여주시 상동 283-7","12621","여주시","127.639905989844","37.295553755658","ROAD_ADDR","A","경기도 여주시 여흥로 149 (상동)","1"
"41","경기도","27","한양의료기","경기도 고양시 덕양구 호국로 816, 1층 (성사동, 동양쇼핑A)","031-967-2977","전동휠체어(가군, 나군) | 의료용 스쿠터 | 욕창예방방석 | 욕창예방매트리스 | 수동휠체어","경기 고양시 덕양구 호국로 816","경기 고양시 덕양구 성사동 502-5","10463","고양시 덕양구","126.838381369035","37.6580899280365","ROAD_ADDR","A","경기도 고양시 덕양구 호국로 816, 1층 (성사동, 동양쇼핑A)","1"
"41","경기도","26","한일사의료기","경기도 성남시 수정구 수정로 205 (태평동, 산운빌딩１층)","031-756-7635","전동휠체어(가군, 나군) | 의료용 스쿠터 | 보청기 | 수동휠체어","경기 성남시 수정구 수정로 205","경기 성남시 수정구 태평동 7338","13282","성남시 수정구","127.142501510672","37.444399661868","ROAD_ADDR","A","경기도 성남시 수정구 수정로 205 (태평동, 산운빌딩１층)","1"
"41","경기도","25","한일의료기","경기도 구리시 경춘로 169 (교문동)","031-552-9270","전동휠체어(가군, 나군) | 의료용 스쿠터 | 보청기 | 욕창예방방석 | 욕창예방매트리스 | 이동식전동리프트 | 전방보행차 | 수동휠체어","경기 구리시 경춘로 169","경기 구리시 교문동 241-2","11923","구리시","127.134175441975","37.600853901558","ROAD_ADDR","A","경기도 구리시 경춘로 169 (교문동)","1"
"41","경기도","24","한일의료기","경기도 수원시 영통구 월드컵로150번길 20, 103호 (원천동, 아주프라자)","031-217-4988","전동휠체어(가군, 나군) | 의료용 스쿠터 | 보청기 | 욕창예방방석 | 욕창예방매트리스 | 이동식전동리프트 | 전방보행차 | 후방보행차 | 수동휠체어","경기 수원시 영통구 월드컵로150번길 20","경기 수원시 영통구 원천동 576","16500","수원시 영통구","127.049860440004","37.2778518645025","ROAD_ADDR","A","경기도 수원시 영통구 월드컵로150번길 20, 103호 (원천동, 아주프라자)","1"
"41","경기도","23","한일의료기","경기도 의정부시 범골로158번길 50, 1층 (의정부동)","02-960-5799","전동휠체어(가군, 나군) | 의료용 스쿠터","경기 의정부시 범골로158번길 50","경기 의정부시 의정부동 563-8","11653","의정부시","127.042920408712","37.7336299410089","ROAD_ADDR","A","경기도 의정부시 범골로158번길 50, 1층 (의정부동)","1"
"41","경기도","22","한일의료기상사","경기도 고양시 일산서구 호수로856번길 73-18 (대화동)","031-915-4090","전동휠체어(가군, 나군) | 의료용 스쿠터 | 욕창예방방석 | 욕창예방매트리스 | 이동식전동리프트 | 전방보행차 | 후방보행차 | 수동휠체어","경기 고양시 일산서구 호수로856번길 73-18","경기 고양시 일산서구 대화동 2252","10383","고양시 일산서구","126.748914212475","37.6741301323437","ROAD_ADDR","A","경기도 고양시 일산서구 호수로856번길 73-18 (대화동)","1"
"41","경기도","21","행복케어","경기도 남양주시 경춘로1308번길 20-9, 16호 (평내동, 진주종합상가)","031-559-8491","전동휠체어(가군, 나군) | 의료용 스쿠터 | 욕창예방방석 | 욕창예방매트리스 | 이동식전동리프트 | 전방보행차 | 후방보행차","경기 남양주시 경춘로1308번길 20-9","경기 남양주시 평내동 산 87-1","12218","남양주시","127.240258323795","37.6513511544336","ROAD_ADDR","A","경기도 남양주시 경춘로1308번길 20-9, 16호 (평내동, 진주종합상가)","1"
"41","경기도","20","행복한의료기","경기도 양주시 고암길 208, 208호 (고암동, 골드프라자)","031-858-8417","전동휠체어(가군, 나군) | 의료용 스쿠터 | 욕창예방방석 | 욕창예방매트리스 | 이동식전동리프트 | 수동휠체어","경기 양주시 고암길 208","경기 양주시 고암동 580-8","11454","양주시","127.07444834115","37.8349464788308","ROAD_ADDR","A","경기도 양주시 고암길 208, 208호 (고암동, 골드프라자)","1"
"41","경기도","19","행복한의수족","경기도 하남시 미사대로 540 A동 근린생활시설, 2층 20호 (덕풍동)","010-5879-3741","의지·보조기(교정형신발 등) | 전동휠체어(가군, 나군) | 의료용 스쿠터 | 욕창예방방석 | 수동휠체어","경기 하남시 미사대로 540","경기 하남시 덕풍동 833","12925","하남시","127.20583464536","37.5578052341426","ROAD_ADDR","A","경기도 하남시 미사대로 540 A동 근린생활시설, 2층 20호 (덕풍동)","1"
"41","경기도","18","향누리","경기도 안양시 동안구 전파로 88 지하1층, B10호 (호계동, 신원비젼타워)","070-8258-1272","전동휠체어(가군, 나군) | 의료용 스쿠터 | 보청기 | 욕창예방방석 | 욕창예방매트리스 | 이동식전동리프트 | 수동휠체어 | 의안","경기 안양시 동안구 전파로 88","경기 안양시 동안구 호계동 898","14042","안양시 동안구","126.942557408975","37.3893873786035","ROAD_ADDR","A","경기도 안양시 동안구 전파로 88 지하1층, B10호 (호계동, 신원비젼타워)","1"
"41","경기도","17","허준의료기","경기도 여주시 여양로 1481 (대신면)","031-881-5611","전동휠체어(가군, 나군) | 의료용 스쿠터 | 욕창예방방석 | 욕창예방매트리스 | 이동식전동리프트 | 전방보행차 | 후방보행차 | 수동휠체어","경기 여주시 대신면 여양로 1481","경기 여주시 대신면 율촌리 344-3","12610","여주시","127.584148699047","37.3732505094813","ROAD_ADDR","A","경기도 여주시 여양로 1481 (대신면)","1"
"41","경기도","16","헬스마일평택점","경기도 평택시 탄현로 318 (지산동)","031-666-0009","전동휠체어(가군, 나군) | 의료용 스쿠터 | 욕창예방방석 | 욕창예방매트리스 | 전방보행차 | 수동휠체어","경기 평택시 탄현로 318","경기 평택시 지산동 767-45","17757","평택시","127.055560978417","37.0806116344726","ROAD_ADDR","A","경기도 평택시 탄현로 318 (지산동)","1"
"41","경기도","15","헬퍼메디칼","경기도 고양시 일산서구 일산로 806, 지하층 3,4,6호 (대화동, 장성마을3단지)","031-911-2144","전동휠체어(가군, 나군)","경기 고양시 일산서구 일산로 806","경기 고양시 일산서구 대화동 2234","10382","고양시 일산서구","126.746881577292","37.6723912260351","ROAD_ADDR","A","경기도 고양시 일산서구 일산로 806","2"
"41","경기도","14","현대의료기","경기도 여주시 세종로 36-2 (홍문동)","031-883-2501","전동휠체어(가군, 나군) | 의료용 스쿠터 | 보청기 | 욕창예방방석 | 욕창예방매트리스 | 전방보행차 | 수동휠체어","경기 여주시 세종로 36-2","경기 여주시 홍문동 67-6","12627","여주시","127.63601187125","37.2947077820196","ROAD_ADDR","A","경기도 여주시 세종로 36-2 (홍문동)","1"
"41","경기도","13","현대의료기","경기도 안양시 만안구 안양로 344-1 (안양동)","031-468-5681","전동휠체어(가군, 나군) | 의료용 스쿠터 | 보청기 | 욕창예방방석 | 욕창예방매트리스 | 수동휠체어","경기 안양시 만안구 안양로 344-1","경기 안양시 만안구 안양동 689-49","13991","안양시 만안구","126.918763537147","37.402401931753","ROAD_ADDR","A","경기도 안양시 만안구 안양로 344-1 (안양동)","1"
"41","경기도","12","현대의료기","경기도 이천시 중리천로 23, 103호 (창전동)","031-635-6722","전동휠체어(가군, 나군) | 의료용 스쿠터 | 보청기 | 수동휠체어","경기 이천시 중리천로 23","경기 이천시 창전동 155","17368","이천시","127.440671569486","37.2805950139595","ROAD_ADDR","A","경기도 이천시 중리천로 23, 103호 (창전동)","1"
"41","경기도","11","현대의료기","경기도 수원시 팔달구 중부대로 123, 1층 (지동, 우성빌딩)","031-242-1177","전동휠체어(가군, 나군) | 의료용 스쿠터 | 보청기 | 욕창예방방석 | 욕창예방매트리스 | 이동식전동리프트 | 수동휠체어","경기 수원시 팔달구 중부대로 123","경기 수원시 팔달구 지동 71-2","16249","수원시 팔달구","127.029740534706","37.2784561086551","ROAD_ADDR","A","경기도 수원시 팔달구 중부대로 123, 1층 (지동, 우성빌딩)","1"
"41","경기도","10","협동조합 따숨복지","경기도 수원시 권선구 금곡로140번길 95-152, 101호 (호매실동)","031-292-2604","전동휠체어(가군, 나군) | 의료용 스쿠터 | 욕창예방방석 | 욕창예방매트리스 | 이동식전동리프트 | 전방보행차 | 후방보행차 | 수동휠체어","경기 수원시 권선구 금곡로140번길 95-152","경기 수원시 권선구 호매실동 1345-7","16387","수원시 권선구","126.944120232041","37.2687694797856","ROAD_ADDR","A","경기도 수원시 권선구 금곡로140번길 95-152, 101호 (호매실동)","1"
"41","경기도","9","화메디","경기도 성남시 수정구 제일로 192, 202호 (태평동, 율산빌딩)","031-1577-9281","전동휠체어(가군, 나군) | 의료용 스쿠터 | 욕창예방방석 | 욕창예방매트리스 | 이동식전동리프트 | 전방보행차 | 후방보행차 | 수동휠체어","경기 성남시 수정구 제일로 192","경기 성남시 수정구 태평동 3740-25","13302","성남시 수정구","127.13086104316","37.4434457944163","ROAD_ADDR","A","경기도 성남시 수정구 제일로 192, 202호 (태평동, 율산빌딩)","1"
"41","경기도","8","효드림방문요양 재가복지용구센터","경기도 안양시 동안구 관악대로418번길 26, B01호 (관양동)","070-4045-5223","전동휠체어(가군, 나군) | 의료용 스쿠터 | 수동휠체어","경기 안양시 동안구 관악대로418번길 26","경기 안양시 동안구 관양동 1468-10","13948","안양시 동안구","126.969320482109","37.4034266221488","ROAD_ADDR","A","경기도 안양시 동안구 관악대로418번길 26, B01호 (관양동)","1"
"41","경기도","7","효메디칼","경기도 안산시 상록구 오목로3안길 14 (본오동)","031-362-5151","전동휠체어(가군, 나군) | 의료용 스쿠터 | 욕창예방방석 | 욕창예방매트리스 | 이동식전동리프트 | 전방보행차 | 수동휠체어","경기 안산시 상록구 오목로3안길 14","경기 안산시 상록구 본오동 896-8","15553","안산시 상록구","126.859643311738","37.2909694579938","ROAD_ADDR","A","경기도 안산시 상록구 오목로3안길 14 (본오동)","1"
"41","경기도","6","효진복지의료기","경기도 김포시 황금로48번길 13-12, 1동 (양촌읍)","032-551-2271","전동휠체어(가군, 나군) | 의료용 스쿠터 | 욕창예방방석 | 욕창예방매트리스 | 수동휠체어","경기 김포시 양촌읍 황금로48번길 13-12","경기 김포시 양촌읍 학운리 2872","10047","김포시","126.627150164565","37.6206095026742","ROAD_ADDR","A","경기도 김포시 황금로48번길 13-12, 1동 (양촌읍)","1"
"41","경기도","5","휄라이프센터","경기도 고양시 일산서구 현중로 29, 201호 (탄현동, 탄현마을2단지)","031-911-5666","전동휠체어(가군, 나군) | 의료용 스쿠터 | 보청기","경기 고양시 일산서구 현중로 29","경기 고양시 일산서구 탄현동 1487","10243","고양시 일산서구","126.76769576648","37.6932627366292","ROAD_ADDR","A","경기도 고양시 일산서구 현중로 29, 201호 (탄현동, 탄현마을2단지)","1"
"41","경기도","4","휠마스터","경기도 의정부시 둔야로45번길 11, 1층 A163호 (의정부동)","031-827-1862","전동휠체어(가군, 나군) | 의료용 스쿠터 | 욕창예방방석 | 욕창예방매트리스 | 이동식전동리프트 | 수동휠체어","경기 의정부시 둔야로45번길 11","경기 의정부시 의정부동 484-1","11673","의정부시","127.038984810408","37.7399066532078","ROAD_ADDR","A","경기도 의정부시 둔야로45번길 11, 1층 A163호 (의정부동)","1"
"41","경기도","3","희망의료기","경기도 안산시 단원구 원포공원1로 20, 107호 (초지동, 동의성단원병원)","031-8040-5885","전동휠체어(가군, 나군) | 의료용 스쿠터 | 욕창예방방석 | 욕창예방매트리스 | 이동식전동리프트 | 전방보행차 | 후방보행차 | 수동휠체어","경기 안산시 단원구 원포공원1로 20","경기 안산시 단원구 초지동 745-2","15457","안산시 단원구","126.813498281546","37.3002272326294","ROAD_ADDR","A","경기도 안산시 단원구 원포공원1로 20, 107호 (초지동, 동의성단원병원)","1"
"41","경기도","2","희망의료기센터","경기도 가평군 가화로 169, 1층 102호 (가평읍)","031-581-9411","전동휠체어(가군, 나군) | 의료용 스쿠터 | 욕창예방방석 | 욕창예방매트리스 | 이동식전동리프트 | 전방보행차 | 수동휠체어","경기 가평군 가평읍 가화로 169","경기 가평군 가평읍 읍내리 631","12413","가평군","127.51084777237","37.8344088979556","ROAD_ADDR","A","경기도 가평군 가화로 169, 1층 102호 (가평읍)","1"
"41","경기도","1","힐링산업","경기도 수원시 팔달구 정조로 781, 3층 3103호 (팔달로2가, 중앙니즈몰)","031-216-8661","전동휠체어(가군, 나군) | 의료용 스쿠터 | 수동휠체어","경기 수원시 팔달구 정조로 781","경기 수원시 팔달구 팔달로2가 112-2","16261","수원시 팔달구","127.016109438067","37.2780392242085","ROAD_ADDR","A","경기도 수원시 팔달구 정조로 781, 3층 3103호 (팔달로2가, 중앙니즈몰)","1"
"43","충청북도","78","(주)대송메디칼","충청북도 청주시 흥덕구 1순환로 617 (봉명동, 광혜빌딩１０１호)","043-274-5200","전동휠체어(가군, 나군) | 의료용 스쿠터","충북 청주시 흥덕구 1순환로 617","충북 청주시 흥덕구 봉명동 1066-1","28562","청주시 흥덕구","127.459914279652","36.6383344122806","ROAD_ADDR","A","충청북도 청주시 흥덕구 1순환로 617 (봉명동, 광혜빌딩１０１호)","1"
"43","충청북도","77","(주)케어라인","충청북도 보은군 내북산외로 112 (내북면, (주)케어라인)","043-543-5721","전동휠체어(가군, 나군) | 의료용 스쿠터 | 수동휠체어","충북 보은군 내북면 내북산외로 112","충북 보은군 내북면 적음리 285-1","28900","보은군","127.669783517337","36.5710021578764","ROAD_ADDR","A","충청북도 보은군 내북산외로 112 (내북면, (주)케어라인)","1"
"43","충청북도","76","100세 동안 제천점","충청북도 제천시 내토로 518 (화산동)","043-648-3100","전동휠체어(가군, 나군) | 의료용 스쿠터 | 보청기 | 수동휠체어","충북 제천시 내토로 518","충북 제천시 화산동 935","27197","제천시","128.214293158367","37.1270192896516","ROAD_ADDR","A","충청북도 제천시 내토로 518 (화산동)","1"
"43","충청북도","75","100세동안재가장기요양기관(청주점)","충청북도 청주시 서원구 사직대로 270, 1층 (사직동)","043-262-1113","전동휠체어(가군, 나군) | 의료용 스쿠터 | 보청기 | 욕창예방방석 | 욕창예방매트리스 | 이동식전동리프트 | 전방보행차 | 수동휠체어 | 의안","충북 청주시 서원구 사직대로 270","충북 청주시 서원구 사직동 600-20","28654","청주시 서원구","127.477353670743","36.6355170984835","ROAD_ADDR","A","충청북도 청주시 서원구 사직대로 270, 1층 (사직동)","1"
"43","충청북도","74","가나의료기 임대","충청북도 제천시 의림대로 42-2 (화산동)","043-644-7451","전동휠체어(가군, 나군) | 의료용 스쿠터 | 보청기 | 욕창예방방석 | 욕창예방매트리스 | 이동식전동리프트 | 수동휠체어","충북 제천시 의림대로 42-2","충북 제천시 화산동 201-17","27184","제천시","128.207582619919","37.1319211208905","ROAD_ADDR","A","충청북도 제천시 의림대로 42-2 (화산동)","1"
"43","충청북도","73","건강의료기","충청북도 청주시 상당구 상당로 4-2, 1층 (서운동, 서울삼성치과)","043-222-5955","전동휠체어(가군, 나군) | 의료용 스쿠터 | 보청기 | 욕창예방방석 | 욕창예방매트리스 | 이동식전동리프트 | 전방보행차 | 후방보행차 | 수동휠체어","충북 청주시 상당구 상당로 4-2","충북 청주시 상당구 서운동 88-16","28715","청주시 상당구","127.491620351536","36.6285823875922","ROAD_ADDR","A","충청북도 청주시 상당구 상당로 4-2, 1층 (서운동, 서울삼성치과)","1"
"43","충청북도","72","건강의료기 한국병원점","충청북도 청주시 상당구 영운로 53 (영운동)","043-252-9361","전동휠체어(가군, 나군) | 의료용 스쿠터 | 보청기 | 욕창예방방석 | 욕창예방매트리스 | 이동식전동리프트 | 수동휠체어","충북 청주시 상당구 영운로 53","충북 청주시 상당구 영운동 154-5","28712","청주시 상당구","127.495486377605","36.6202538121759","ROAD_ADDR","A","충청북도 청주시 상당구 영운로 53 (영운동)","1"
"43","충청북도","71","건강의료종합상사","충청북도 음성군 음성로 1645, 1층 (생극면)","043-750-8403","전동휠체어(가군, 나군) | 의료용 스쿠터 | 욕창예방방석 | 욕창예방매트리스 | 이동식전동리프트 | 전방보행차 | 후방보행차 | 수동휠체어","충북 음성군 생극면 음성로 1645","충북 음성군 생극면 신양리 443-12","27619","음성군","127.606537142179","37.0337118635863","ROAD_ADDR","A","충청북도 음성군 음성로 1645, 1층 (생극면)","1"
"43","충청북도","70","괴산의료기","충청북도 괴산군 괴산읍 괴강로 24","043-834-0113","전동휠체어(가군, 나군) | 의료용 스쿠터 | 보청기 | 수동휠체어","충북 괴산군 괴산읍 괴강로 24","충북 괴산군 괴산읍 동부리 189","28033","괴산군","127.796905795992","36.8088810793871","ROAD_ADDR","A","충청북도 괴산군 괴산읍 괴강로 24","1"
"43","충청북도","69","국제의료기","충청북도 청주시 서원구 사직대로 250-0 (사직동)","043-262-8448","전동휠체어(가군, 나군) | 의료용 스쿠터 | 보청기","충북 청주시 서원구 사직대로 250","충북 청주시 서원구 사직동 593-1","28651","청주시 서원구","127.475130455363","36.6352536645994","ROAD_ADDR","A","충청북도 청주시 서원구 사직대로 250-0 (사직동)","1"
"43","충청북도","68","굿케어메디칼(GCM)","충청북도 청주시 서원구 구룡산로371번길 35, 101동 (수곡동)","043-260-3119","전동휠체어(가군, 나군) | 의료용 스쿠터 | 욕창예방방석 | 욕창예방매트리스 | 이동식전동리프트 | 수동휠체어","충북 청주시 서원구 구룡산로371번길 35","충북 청주시 서원구 수곡동 85-45","28678","청주시 서원구","127.485566325924","36.6199479852854","ROAD_ADDR","A","충청북도 청주시 서원구 구룡산로371번길 35, 101동 (수곡동)","1"
"43","충청북도","67","금가오토바이","충청북도 충주시 용정4길 19 (용산동)","043-847-9546","전동휠체어(가군, 나군) | 의료용 스쿠터","충북 충주시 용정4길 19","충북 충주시 용산동 58","27394","충주시","127.934811282627","36.9669291230718","ROAD_ADDR","A","충청북도 충주시 용정4길 19 (용산동)","1"
"43","충청북도","66","금왕의료기","충청북도 음성군 금석로 95 (금왕읍)","043-883-0132","전동휠체어(가군, 나군) | 의료용 스쿠터 | 욕창예방방석 | 욕창예방매트리스 | 수동휠체어","충북 음성군 금왕읍 금석로 95","충북 음성군 금왕읍 무극리 139-5","27636","음성군","127.596625499787","36.9935873340028","ROAD_ADDR","A","충청북도 음성군 금석로 95 (금왕읍)","1"
"43","충청북도","65","나이팅게일 복지용구의료기","충청북도 청주시 서원구 사직대로 308-2 (사직동)","043-267-8980","전동휠체어(가군, 나군) | 의료용 스쿠터 | 욕창예방방석 | 욕창예방매트리스 | 이동식전동리프트 | 수동휠체어","충북 청주시 서원구 사직대로 308-2","충북 청주시 서원구 사직동 126-9","28655","청주시 서원구","127.481662432995","36.6359426608679","ROAD_ADDR","A","충청북도 청주시 서원구 사직대로 308-2 (사직동)","1"
"43","충청북도","64","누리복지용구","충청북도 청주시 청원구 내덕로 66 (내덕동)","043-224-8897","전동휠체어(가군, 나군) | 의료용 스쿠터 | 욕창예방방석 | 욕창예방매트리스 | 수동휠체어","충북 청주시 청원구 내덕로 66","충북 청주시 청원구 내덕동 291-4","28479","청주시 청원구","127.487829583191","36.6570078954228","ROAD_ADDR","A","충청북도 청주시 청원구 내덕로 66 (내덕동)","1"
"43","충청북도","63","다영의료기","충청북도 청주시 청원구 내덕로8번길 20, 101호 (우암동)","043-224-9595","전동휠체어(가군, 나군) | 의료용 스쿠터 | 욕창예방방석 | 욕창예방매트리스 | 이동식전동리프트 | 수동휠체어","충북 청주시 청원구 내덕로8번길 20","충북 청주시 청원구 우암동 372-5","28480","청주시 청원구","127.482402597934","36.654711132775","ROAD_ADDR","A","충청북도 청주시 청원구 내덕로8번길 20, 101호 (우암동)","1"
"43","충청북도","62","단양의료기","충청북도 단양군 삼봉로 323 (단양읍, 델파시(주))","043-423-1800","전동휠체어(가군, 나군) | 의료용 스쿠터 | 욕창예방방석 | 욕창예방매트리스 | 수동휠체어","충북 단양군 단양읍 삼봉로 323","충북 단양군 단양읍 별곡리 337","27010","단양군","128.369211421245","36.9856761951759","ROAD_ADDR","A","충청북도 단양군 삼봉로 323 (단양읍, 델파시(주))","1"
"43","충청북도","61","단양의료기","충청북도 단양군 삼봉로 323 (단양읍, 델파시(주))","043-423-1800","전동휠체어(가군, 나군) | 의료용 스쿠터 | 보청기 | 욕창예방매트리스 | 수동휠체어","충북 단양군 단양읍 삼봉로 323","충북 단양군 단양읍 별곡리 337","27010","단양군","128.369211421245","36.9856761951759","ROAD_ADDR","A","충청북도 단양군 삼봉로 323 (단양읍, 델파시(주))","1"
"43","충청북도","60","대림영동오토바이","충청북도 영동군 난계로 1156 (영동읍, 상가)","010-9980-9075","전동휠체어(가군, 나군) | 의료용 스쿠터 | 욕창예방방석 | 욕창예방매트리스 | 이동식전동리프트 | 수동휠체어","충북 영동군 영동읍 난계로 1156","충북 영동군 영동읍 부용리 348-16","29149","영동군","127.772516158623","36.1759929182625","ROAD_ADDR","A","충청북도 영동군 난계로 1156 (영동읍, 상가)","1"
"43","충청북도","59","대성보조기쎈타","충청북도 충주시 계명대로 159-1 (연수동)","043-843-1343","의지·보조기(교정형신발 등) | 전동휠체어(가군, 나군) | 의료용 스쿠터 | 자세보조용구 | 욕창예방방석 | 욕창예방매트리스 | 이동식전동리프트 | 전방보행차 | 후방보행차 | 수동휠체어","충북 충주시 계명대로 159-1","충북 충주시 연수동 1199","27349","충주시","127.932290850834","36.9825487805491","ROAD_ADDR","A","충청북도 충주시 계명대로 159-1 (연수동)","1"
"43","충청북도","58","대영스포츠의료기","충청북도 진천군 상산로 32 (진천읍)","043-535-8850","전동휠체어(가군, 나군) | 의료용 스쿠터 | 욕창예방방석 | 욕창예방매트리스 | 이동식전동리프트 | 수동휠체어","충북 진천군 진천읍 상산로 32","충북 진천군 진천읍 읍내리 440-7","27832","진천군","127.437470798996","36.8544720517866","ROAD_ADDR","A","충청북도 진천군 상산로 32 (진천읍)","1"
"43","충청북도","57","대한의료기","충청북도 제천시 의병대로13길 14 (명동)","043-646-8277","전동휠체어(가군, 나군) | 의료용 스쿠터 | 수동휠체어","","","","","","","","NONE","","2"
"43","충청북도","56","동보의료기","충청북도 제천시 청전대로15길 14, 1층 (청전동)","043-642-4449","전동휠체어(가군, 나군) | 의료용 스쿠터 | 욕창예방방석 | 욕창예방매트리스 | 수동휠체어","충북 제천시 청전대로15길 14","충북 제천시 청전동 605","27147","제천시","128.214343480234","37.1526677044886","ROAD_ADDR","A","충청북도 제천시 청전대로15길 14, 1층 (청전동)","1"
"43","충청북도","55","동행보조기","충청북도 청주시 서원구 원흥로100번길 65, 1층 (산남동)","010-2775-1810","의지·보조기(교정형신발 등) | 전동휠체어(가군, 나군) | 의료용 스쿠터 | 욕창예방방석 | 욕창예방매트리스 | 수동휠체어","충북 청주시 서원구 원흥로100번길 65","충북 청주시 서원구 산남동 397","28626","청주시 서원구","127.469625713872","36.6122516007896","ROAD_ADDR","A","충청북도 청주시 서원구 원흥로100번길 65, 1층 (산남동)","1"
"43","충청북도","54","메디컬프랜즈","충청북도 청주시 서원구 서부로 710-19 (남이면, 사무소)","02-1660-1770","전동휠체어(가군, 나군) | 의료용 스쿠터 | 욕창예방방석 | 욕창예방매트리스 | 전방보행차 | 후방보행차 | 수동휠체어","충북 청주시 서원구 남이면 서부로 710-19","충북 청주시 서원구 남이면 상발리 16-11","28178","청주시 서원구","127.395602096404","36.5881135840031","ROAD_ADDR","A","충청북도 청주시 서원구 서부로 710-19 (남이면, 사무소)","1"
"43","충청북도","53","모세휠체어","충청북도 청주시 상당구 호미로202번길 19, 1층 (용정동, 덴마크밀크)","043-222-9963","전동휠체어(가군, 나군) | 의료용 스쿠터 | 보청기 | 욕창예방방석 | 욕창예방매트리스 | 이동식전동리프트 | 전방보행차 | 후방보행차 | 수동휠체어","충북 청주시 상당구 호미로202번길 19","충북 청주시 상당구 용정동 1019","28749","청주시 상당구","127.516727948729","36.6266860502061","ROAD_ADDR","A","충청북도 청주시 상당구 호미로202번길 19, 1층 (용정동, 덴마크밀크)","1"
"43","충청북도","52","민중의료기","충청북도 충주시 광명2길 6 (교현동)","070-8269-6706","전동휠체어(가군, 나군) | 의료용 스쿠터 | 욕창예방방석 | 욕창예방매트리스 | 전방보행차 | 후방보행차 | 수동휠체어","충북 충주시 광명2길 6","충북 충주시 교현동 618-4","27376","충주시","127.928860484977","36.9784156931768","ROAD_ADDR","A","충청북도 충주시 광명2길 6 (교현동)","1"
"43","충청북도","51","바다메디칼","충청북도 청주시 서원구 1순환로 785, 101호 (개신동)","043-268-7755","전동휠체어(가군, 나군) | 의료용 스쿠터 | 욕창예방방석 | 욕창예방매트리스 | 이동식전동리프트 | 전방보행차 | 후방보행차 | 수동휠체어","충북 청주시 서원구 1순환로 785","충북 청주시 서원구 개신동 446-2","28668","청주시 서원구","127.464754605517","36.6241871742765","ROAD_ADDR","A","충청북도 청주시 서원구 1순환로 785, 101호 (개신동)","1"
"43","충청북도","50","보은의료기","충청북도 보은군 보은로 100-1 (보은읍, 신용협동조합)","043-542-4832","전동휠체어(가군, 나군) | 보청기 | 욕창예방방석 | 욕창예방매트리스 | 이동식전동리프트 | 수동휠체어","충북 보은군 보은읍 보은로 100-1","충북 보은군 보은읍 삼산리 34-1","28949","보은군","127.718285145298","36.4831205255822","ROAD_ADDR","A","충청북도 보은군 보은로 100-1 (보은읍, 신용협동조합)","1"
"43","충청북도","49","보은전동스쿠터,휠체어판매점","충청북도 보은군 교사1길 42 (보은읍)","043-543-8945","전동휠체어(가군, 나군) | 의료용 스쿠터","충북 보은군 보은읍 교사1길 42","충북 보은군 보은읍 교사리 40-3","28948","보은군","127.720732018317","36.4854344960377","ROAD_ADDR","A","충청북도 보은군 교사1길 42 (보은읍)","1"
"43","충청북도","48","사회적협동조합 휴먼케어","충청북도 청주시 청원구 율봉로176번길 56-10 2층 (율량동, 드림교회)","043-277-9194","전동휠체어(가군, 나군) | 의료용 스쿠터 | 욕창예방방석 | 욕창예방매트리스 | 이동식전동리프트 | 전방보행차 | 후방보행차 | 수동휠체어","충북 청주시 청원구 율봉로176번길 56-10","충북 청주시 청원구 율량동 944","28331","청주시 청원구","127.487600817782","36.6663106881623","ROAD_ADDR","A","충청북도 청주시 청원구 율봉로176번길 56-10 2층 (율량동, 드림교회)","1"
"43","충청북도","47","상당메디칼","충청북도 청주시 서원구 1순환로 785, 102호 (개신동)","043-274-5046","전동휠체어(가군, 나군) | 욕창예방방석 | 욕창예방매트리스 | 이동식전동리프트 | 수동휠체어","충북 청주시 서원구 1순환로 785","충북 청주시 서원구 개신동 446-2","28668","청주시 서원구","127.464754605517","36.6241871742765","ROAD_ADDR","A","충청북도 청주시 서원구 1순환로 785, 102호 (개신동)","1"
"43","충청북도","46","성모의료기","충청북도 청주시 청원구 주성로 172, 102호 (율량동)","043-211-5800","전동휠체어(가군, 나군) | 의료용 스쿠터 | 욕창예방방석 | 욕창예방매트리스 | 이동식전동리프트 | 전방보행차 | 수동휠체어","충북 청주시 청원구 주성로 172","충북 청주시 청원구 율량동 713-2","28328","청주시 청원구","127.485386712505","36.6718479436751","ROAD_ADDR","A","충청북도 청주시 청원구 주성로 172, 102호 (율량동)","1"
"43","충청북도","45","성모케어","충청북도 충주시 국원대로 104 (교현동)","043-852-0400","전동휠체어(가군, 나군) | 의료용 스쿠터 | 욕창예방방석 | 욕창예방매트리스 | 이동식전동리프트 | 수동휠체어","충북 충주시 국원대로 104","충북 충주시 교현동 540-12","27370","충주시","127.928548086473","36.9808500777253","ROAD_ADDR","A","충청북도 충주시 국원대로 104 (교현동)","1"
"43","충청북도","44","세영의지,보조기","충청북도 청주시 청원구 공항로13번길 2-0 (내덕동) 지하","043-256-9722","의지·보조기(교정형신발 등) | 전동휠체어(가군, 나군) | 의료용 스쿠터 | 수동휠체어","충북 청주시 청원구 공항로13번길 2","충북 청주시 청원구 내덕동 173-5","28478","청주시 청원구","127.487717440004","36.6585561268331","ROAD_ADDR","A","충청북도 청주시 청원구 공항로13번길 2-0 (내덕동) 지하","1"
"43","충청북도","43","세운의료기","충청북도 충주시 국원대로 91 (교현동)","043-848-7976","전동휠체어(가군, 나군) | 의료용 스쿠터 | 욕창예방방석 | 욕창예방매트리스 | 이동식전동리프트 | 전방보행차 | 수동휠체어","충북 충주시 국원대로 91","충북 충주시 교현동 623-23","27364","충주시","127.928021384794","36.9796793141069","ROAD_ADDR","A","충청북도 충주시 국원대로 91 (교현동)","1"
"43","충청북도","42","소리샘보청기 괴산센터","충청북도 괴산군 읍내로 288 (괴산읍, 안경나라 소리샘보청기의료기)","043-832-2364","전동휠체어(가군, 나군) | 의료용 스쿠터 | 보청기 | 수동휠체어","충북 괴산군 괴산읍 읍내로 288","충북 괴산군 괴산읍 동부리 661-5","28033","괴산군","127.794753495886","36.808888094076","ROAD_ADDR","A","충청북도 괴산군 읍내로 288 (괴산읍, 안경나라 소리샘보청기의료기)","1"
"43","충청북도","41","실버의료기","충청북도 청주시 서원구 1순환로 765, 1층 (개신동)","010-9930-0398","전동휠체어(가군, 나군) | 의료용 스쿠터 | 욕창예방방석 | 욕창예방매트리스 | 이동식전동리프트 | 수동휠체어","충북 청주시 서원구 1순환로 765","충북 청주시 서원구 개신동 52-17","28666","청주시 서원구","127.463723796376","36.6256157882246","ROAD_ADDR","A","충청북도 청주시 서원구 1순환로 765, 1층 (개신동)","1"
"43","충청북도","40","엄정기계상사","충청북도 충주시 내창로 215-1 (엄정면)","","전동휠체어(가군, 나군) | 의료용 스쿠터","충북 충주시 엄정면 내창로 215-1","충북 충주시 엄정면 미내리 152-11","27313","충주시","127.918080298104","37.0869012542673","ROAD_ADDR","A","충청북도 충주시 내창로 215-1 (엄정면)","1"
"43","충청북도","39","엑스트라(EXTRA)","충청북도 제천시 장락로 167, 1층 102호 (장락동, 퍼스트스포렉스)","043-644-8188","전동휠체어(가군, 나군) | 의료용 스쿠터 | 욕창예방방석 | 욕창예방매트리스 | 이동식전동리프트 | 전방보행차 | 후방보행차 | 수동휠체어","충북 제천시 장락로 167","충북 제천시 장락동 530-5","27142","제천시","128.226737839139","37.1568066547622","ROAD_ADDR","A","충청북도 제천시 장락로 167, 1층 102호 (장락동, 퍼스트스포렉스)","1"
"43","충청북도","38","영메디칼의료기","충청북도 청주시 서원구 수곡로67번길 15-3 (수곡동)","043-295-9200","전동휠체어(가군, 나군) | 의료용 스쿠터 | 욕창예방매트리스 | 이동식전동리프트 | 수동휠체어","충북 청주시 서원구 수곡로67번길 15-3","충북 청주시 서원구 수곡동 833","28688","청주시 서원구","127.471468012287","36.617367982492","ROAD_ADDR","A","충청북도 청주시 서원구 수곡로67번길 15-3 (수곡동)","1"
"43","충청북도","37","오광케어","충청북도 청주시 상당구 무심동로372번길 40 (서문동)","043-223-5584","전동휠체어(가군, 나군) | 의료용 스쿠터 | 욕창예방방석 | 욕창예방매트리스 | 이동식전동리프트 | 수동휠체어","충북 청주시 상당구 무심동로372번길 40","충북 청주시 상당구 서문동 177-2","28528","청주시 상당구","127.485786180853","36.6338197097327","ROAD_ADDR","A","충청북도 청주시 상당구 무심동로372번길 40 (서문동)","1"
"43","충청북도","36","우리복지","충청북도 청주시 서원구 사직대로 311 (사직동)","043-254-4503","전동휠체어(가군, 나군) | 의료용 스쿠터 | 욕창예방방석 | 욕창예방매트리스 | 이동식전동리프트 | 전방보행차 | 수동휠체어","충북 청주시 서원구 사직대로 311","충북 청주시 서원구 사직동 236-63","28554","청주시 서원구","127.482016749492","36.6364961427057","ROAD_ADDR","A","충청북도 청주시 서원구 사직대로 311 (사직동)","1"
"43","충청북도","35","우리의료기","충청북도 청주시 흥덕구 짐대로34번길 23, 1층 102호 (복대동)","043-293-5206","전동휠체어(가군, 나군) | 의료용 스쿠터 | 욕창예방방석 | 욕창예방매트리스 | 전방보행차 | 수동휠체어","충북 청주시 흥덕구 짐대로34번길 23","충북 청주시 흥덕구 복대동 2756","28417","청주시 흥덕구","127.426092190802","36.6330030259057","ROAD_ADDR","A","충청북도 청주시 흥덕구 짐대로34번길 23, 1층 102호 (복대동)","1"
"43","충청북도","34","우리의료기 보청기","충청북도 영동군 계산로 20 (영동읍, 영동빌딩)","043-745-7475","전동휠체어(가군, 나군) | 의료용 스쿠터 | 보청기 | 욕창예방방석 | 욕창예방매트리스 | 이동식전동리프트 | 전방보행차 | 후방보행차 | 수동휠체어","충북 영동군 영동읍 계산로 20","충북 영동군 영동읍 계산리 682-22","29145","영동군","127.779266186823","36.1741961923216","ROAD_ADDR","A","충청북도 영동군 계산로 20 (영동읍, 영동빌딩)","1"
"43","충청북도","33","이원건강의료기 청주복대점","충청북도 청주시 흥덕구 사직대로 38, 제1동 101호 (복대동, 포빌)","043-273-2121","전동휠체어(가군, 나군) | 의료용 스쿠터 | 보청기 | 욕창예방방석 | 욕창예방매트리스 | 이동식전동리프트 | 수동휠체어","충북 청주시 흥덕구 사직대로 38","충북 청주시 흥덕구 복대동 853-5","28594","청주시 흥덕구","127.451509776399","36.6340917833658","ROAD_ADDR","A","충청북도 청주시 흥덕구 사직대로 38, 제1동 101호 (복대동, 포빌)","1"
"43","충청북도","32","이원건강의료기 청주성모병원점","충청북도 청주시 청원구 율량로3번길 36, 103호 (주중동)","043-212-2233","전동휠체어(가군, 나군) | 의료용 스쿠터 | 욕창예방방석 | 욕창예방매트리스 | 수동휠체어","충북 청주시 청원구 율량로3번길 36","충북 청주시 청원구 주중동 850","28323","청주시 청원구","127.485909483301","36.6726883616655","ROAD_ADDR","A","충청북도 청주시 청원구 율량로3번길 36, 103호 (주중동)","1"
"43","충청북도","31","이원건강의료기가경점","충청북도 청주시 흥덕구 2순환로 1256, 101호 (강서동, 강서밀레니엄타워)","043-231-1948","전동휠체어(가군, 나군) | 의료용 스쿠터 | 보청기 | 욕창예방방석 | 욕창예방매트리스 | 이동식전동리프트 | 전방보행차 | 후방보행차 | 수동휠체어","충북 청주시 흥덕구 2순환로 1256","충북 청주시 흥덕구 강서동 527","28378","청주시 흥덕구","127.431080126385","36.624075506304","ROAD_ADDR","A","충청북도 청주시 흥덕구 2순환로 1256, 101호 (강서동, 강서밀레니엄타워)","1"
"43","충청북도","30","이원건강의료기단양점","충청북도 단양군 삼봉로 281 (단양읍, 단양종합보일러)","043-421-2021","전동휠체어(가군, 나군) | 의료용 스쿠터 | 전방보행차 | 수동휠체어","충북 단양군 단양읍 삼봉로 281","충북 단양군 단양읍 도전리 176","27010","단양군","128.368756752293","36.9818578096012","ROAD_ADDR","A","충청북도 단양군 삼봉로 281 (단양읍, 단양종합보일러)","1"
"43","충청북도","29","이원의료기육거리점","충청북도 청주시 상당구 상당로 7 (남문로1가)","043-268-2121","전동휠체어(가군, 나군) | 의료용 스쿠터 | 보청기 | 욕창예방방석 | 욕창예방매트리스 | 이동식전동리프트 | 수동휠체어","충북 청주시 상당구 상당로 7","충북 청주시 상당구 남문로1가 145-3","28531","청주시 상당구","127.491074410184","36.6288625472707","ROAD_ADDR","A","충청북도 청주시 상당구 상당로 7 (남문로1가)","1"
"43","충청북도","28","이지케어","충청북도 충주시 국원대로 83 (교현동)","043-842-5446","전동휠체어(가군, 나군) | 의료용 스쿠터 | 욕창예방방석 | 욕창예방매트리스 | 이동식전동리프트 | 전방보행차 | 후방보행차 | 수동휠체어","충북 충주시 국원대로 83","충북 충주시 교현동 624-6","27365","충주시","127.927900072391","36.9789842893822","ROAD_ADDR","A","충청북도 충주시 국원대로 83 (교현동)","1"
"43","충청북도","27","이편한의료기","충청북도 음성군 대금로 1417, 102호 (금왕읍)","043-883-6666","전동휠체어(가군, 나군) | 의료용 스쿠터 | 수동휠체어","충북 음성군 금왕읍 대금로 1417","충북 음성군 금왕읍 무극리 551-11","27633","음성군","127.589794673739","36.987268653038","ROAD_ADDR","A","충청북도 음성군 대금로 1417, 102호 (금왕읍)","1"
"43","충청북도","26","장수의료기·복지용구","충청북도 제천시 의병대로 146, 1층 (남천동)","043-642-3262","전동휠체어(가군, 나군) | 의료용 스쿠터 | 욕창예방방석 | 욕창예방매트리스 | 이동식전동리프트 | 전방보행차 | 수동휠체어","충북 제천시 의병대로 146","충북 제천시 남천동 867","27172","제천시","128.216686995012","37.1344110198169","ROAD_ADDR","A","충청북도 제천시 의병대로 146, 1층 (남천동)","1"
"43","충청북도","25","전동차제천총판대리점","충청북도 제천시 용두천로 129, 1층 (중앙로2가)","043-645-1195","전동휠체어(가군, 나군) | 의료용 스쿠터 | 욕창예방방석 | 욕창예방매트리스 | 수동휠체어","충북 제천시 용두천로 129","충북 제천시 중앙로2가 109-2","27173","제천시","128.213862110546","37.1388343719404","ROAD_ADDR","A","충청북도 제천시 용두천로 129, 1층 (중앙로2가)","1"
"43","충청북도","24","주성메디칼","충청북도 청주시 상당구 영운로 94-1 (금천동)","043-221-3927","전동휠체어(가군, 나군) | 의료용 스쿠터 | 욕창예방방석 | 욕창예방매트리스 | 이동식전동리프트 | 전방보행차 | 후방보행차 | 수동휠체어","충북 청주시 상당구 영운로 94-1","충북 청주시 상당구 금천동 162-14","28735","청주시 상당구","127.496113874481","36.623867976412","ROAD_ADDR","A","충청북도 청주시 상당구 영운로 94-1 (금천동)","1"
"43","충청북도","23","주식회사 라인의료기","충청북도 청주시 상당구 단재로 27 (석교동)","043-284-8119","전동휠체어(가군, 나군) | 의료용 스쿠터 | 보청기 | 욕창예방방석 | 욕창예방매트리스 | 이동식전동리프트 | 후방보행차 | 수동휠체어","충북 청주시 상당구 단재로 27","충북 청주시 상당구 석교동 27-7","28725","청주시 상당구","127.493180463209","36.6259716762788","ROAD_ADDR","A","충청북도 청주시 상당구 단재로 27 (석교동)","1"
"43","충청북도","22","주식회사 메디컬프렌즈","충청북도 청주시 서원구 서부로 710-17 (남이면, 제조업소)","02-1660-1770","전동휠체어(가군, 나군) | 욕창예방방석 | 욕창예방매트리스 | 전방보행차 | 수동휠체어","충북 청주시 서원구 남이면 서부로 710-17","충북 청주시 서원구 남이면 상발리 16-5","28178","청주시 서원구","127.395213989621","36.5877153065667","ROAD_ADDR","A","충청북도 청주시 서원구 서부로 710-17 (남이면, 제조업소)","1"
"43","충청북도","21","중부복지용구","충청북도 충주시 탄금대로 31 (문화동)","043-842-0107","전동휠체어(가군, 나군) | 의료용 스쿠터 | 욕창예방방석 | 욕창예방매트리스 | 이동식전동리프트 | 전방보행차 | 수동휠체어","충북 충주시 탄금대로 31","충북 충주시 문화동 528","27406","충주시","127.925027604889","36.9744447646234","ROAD_ADDR","A","충청북도 충주시 탄금대로 31 (문화동)","1"
"43","충청북도","20","중앙의료기","충청북도 제천시 숭문로 58 (명동)","043-644-4155","전동휠체어(가군, 나군) | 의료용 스쿠터 | 보청기 | 욕창예방방석 | 욕창예방매트리스 | 이동식전동리프트 | 전방보행차 | 후방보행차 | 수동휠체어","충북 제천시 숭문로 58","충북 제천시 명동 10-11","27169","제천시","128.206848692647","37.1384183699208","ROAD_ADDR","A","충청북도 제천시 숭문로 58 (명동)","1"
"43","충청북도","19","증평보청기","충청북도 증평군 광장로 105 (증평읍)","043-838-9113","전동휠체어(가군, 나군) | 의료용 스쿠터 | 보청기 | 수동휠체어","충북 증평군 증평읍 광장로 105","충북 증평군 증평읍 교동리 99-1","27931","증평군","127.583661689121","36.7846597403347","ROAD_ADDR","A","충청북도 증평군 광장로 105 (증평읍)","1"
"43","충청북도","18","증평의료기","충청북도 증평군 중앙로10길 4 (증평읍)","043-838-1435","전동휠체어(가군, 나군) | 의료용 스쿠터 | 욕창예방방석 | 욕창예방매트리스 | 이동식전동리프트 | 후방보행차 | 수동휠체어","충북 증평군 증평읍 중앙로10길 4","충북 증평군 증평읍 교동리 37","27931","증평군","127.583619542725","36.7855872708972","ROAD_ADDR","A","충청북도 증평군 중앙로10길 4 (증평읍)","1"
"43","충청북도","17","진천성모의료기","충청북도 진천군 중앙북로 33 (진천읍)","010-7200-2223","전동휠체어(가군, 나군) | 의료용 스쿠터 | 보청기 | 욕창예방방석 | 욕창예방매트리스 | 수동휠체어","충북 진천군 진천읍 중앙북로 33","충북 진천군 진천읍 읍내리 245","27831","진천군","127.440683726259","36.8589927000578","ROAD_ADDR","A","충청북도 진천군 중앙북로 33 (진천읍)","1"
"43","충청북도","16","청남복지센터","충청북도 청주시 상당구 월평로144번길 32 (용암동)","043-217-4526","전동휠체어(가군, 나군) | 의료용 스쿠터","충북 청주시 상당구 월평로144번길 32","충북 청주시 상당구 용암동 1501","28775","청주시 상당구","127.500244326267","36.6098962489078","ROAD_ADDR","A","충청북도 청주시 상당구 월평로144번길 32 (용암동)","1"
"43","충청북도","15","청주성모의료기","충청북도 청주시 청원구 주성로 173-19, 1층 (주중동, 청주성모병원)","010-6431-9593","전동휠체어(가군, 나군) | 의료용 스쿠터 | 욕창예방방석 | 욕창예방매트리스 | 이동식전동리프트 | 수동휠체어","충북 청주시 청원구 주성로 173-19","충북 청주시 청원구 주중동 589-5","28323","청주시 청원구","127.48550064422","36.6734945514514","ROAD_ADDR","A","충청북도 청주시 청원구 주성로 173-19, 1층 (주중동, 청주성모병원)","1"
"43","충청북도","14","청주의료기","충청북도 청주시 청원구 상당로 297-0 (내덕동)","043-259-8209","전동휠체어(가군, 나군) | 의료용 스쿠터 | 보청기 | 욕창예방방석 | 욕창예방매트리스 | 이동식전동리프트 | 수동휠체어","충북 청주시 청원구 상당로 297","충북 청주시 청원구 내덕동 216-11","28479","청주시 청원구","127.488352551245","36.655040488518","ROAD_ADDR","A","충청북도 청주시 청원구 상당로 297-0 (내덕동)","1"
"43","충청북도","13","충주의료기","충청북도 충주시 금봉대로 365 (교현동)","043-855-3656","전동휠체어(가군, 나군) | 의료용 스쿠터 | 수동휠체어","충북 충주시 금봉대로 365","충북 충주시 교현동 845","27391","충주시","127.946558234632","36.9673081130197","ROAD_ADDR","A","충청북도 충주시 금봉대로 365 (교현동)","1"
"43","충청북도","12","케어메디칼","충청북도 청주시 서원구 양촌3길 64 (남이면)","043-284-8119","전동휠체어(가군, 나군) | 의료용 스쿠터 | 보청기 | 욕창예방방석 | 욕창예방매트리스 | 이동식전동리프트 | 전방보행차 | 후방보행차 | 수동휠체어","충북 청주시 서원구 남이면 양촌3길 64","충북 청주시 서원구 남이면 양촌리 95","28805","청주시 서원구","127.471358219932","36.5878072613849","ROAD_ADDR","A","충청북도 청주시 서원구 양촌3길 64 (남이면)","1"
"43","충청북도","11","한국의료기 유한회사","충청북도 청주시 상당구 영운로 57, 1층 (영운동)","043-255-5929","전동휠체어(가군, 나군) | 의료용 스쿠터 | 보청기 | 욕창예방방석 | 욕창예방매트리스 | 이동식전동리프트 | 전방보행차 | 수동휠체어","충북 청주시 상당구 영운로 57","충북 청주시 상당구 영운동 154-4","28712","청주시 상당구","127.49531589554","36.6205505422645","ROAD_ADDR","A","충청북도 청주시 상당구 영운로 57, 1층 (영운동)","1"
"43","충청북도","10","한독의료기","충청북도 증평군 삼보로 114-1, 3동 1층 (증평읍)","043-838-1711","전동휠체어(가군, 나군) | 의료용 스쿠터 | 보청기 | 욕창예방방석 | 욕창예방매트리스 | 이동식전동리프트 | 수동휠체어","충북 증평군 증평읍 삼보로 114-1","충북 증평군 증평읍 초중리 8-1","27938","증평군","127.576649476087","36.780198430541","ROAD_ADDR","A","충청북도 증평군 삼보로 114-1, 3동 1층 (증평읍)","1"
"43","충청북도","9","한방의료기","충청북도 충주시 삼원로 25 (봉방동)","043-843-5994","전동휠체어(가군, 나군) | 의료용 스쿠터 | 욕창예방방석 | 욕창예방매트리스 | 이동식전동리프트 | 전방보행차 | 후방보행차 | 수동휠체어","충북 충주시 삼원로 25","충북 충주시 봉방동 245-7","27430","충주시","127.915654609103","36.9715996322979","ROAD_ADDR","A","충청북도 충주시 삼원로 25 (봉방동)","1"
"43","충청북도","8","한울재가복지용구","충청북도 괴산군 괴강로 9, 2층 (괴산읍, OK공인중개사)","043-832-3511","전동휠체어(가군, 나군) | 의료용 스쿠터 | 욕창예방방석 | 욕창예방매트리스 | 수동휠체어","충북 괴산군 괴산읍 괴강로 9","충북 괴산군 괴산읍 동부리 635-2","28031","괴산군","127.795329355073","36.8094596780937","ROAD_ADDR","A","충청북도 괴산군 괴강로 9, 2층 (괴산읍, OK공인중개사)","1"
"43","충청북도","7","한천오토바이 진천특약점","충청북도 진천군 초금로 739, 1층 (덕산읍, 대림모터사이클)","043-536-4124","전동휠체어(가군, 나군) | 의료용 스쿠터","충북 진천군 덕산읍 초금로 739","충북 진천군 덕산읍 용몽리 608-7","27852","진천군","127.507240090988","36.910463482718","ROAD_ADDR","A","충청북도 진천군 초금로 739, 1층 (덕산읍, 대림모터사이클)","1"
"43","충청북도","6","행복한 세상","충청북도 옥천군 향수1길 17, 102호 (옥천읍, 한의원)","043-733-0724","전동휠체어(가군, 나군) | 의료용 스쿠터 | 욕창예방방석 | 욕창예방매트리스 | 이동식전동리프트 | 수동휠체어","충북 옥천군 옥천읍 향수1길 17","충북 옥천군 옥천읍 문정리 60","29030","옥천군","127.578266294729","36.313133146416","ROAD_ADDR","A","충청북도 옥천군 향수1길 17, 102호 (옥천읍, 한의원)","1"
"43","충청북도","5","현대메디컬","충청북도 음성군 덕생로 1028, 다동 (음성읍)","043-883-2031","전동휠체어(가군, 나군) | 의료용 스쿠터 | 보청기 | 욕창예방방석 | 욕창예방매트리스 | 이동식전동리프트 | 수동휠체어","충북 음성군 음성읍 덕생로 1028","충북 음성군 음성읍 신천리 715-2","27717","음성군","127.669578028814","36.9281030555211","ROAD_ADDR","A","충청북도 음성군 덕생로 1028, 다동 (음성읍)","1"
"43","충청북도","4","현대유압호스","충청북도 영동군 학산영동로 1233 (영동읍)","043-743-9797","전동휠체어(가군, 나군) | 의료용 스쿠터","충북 영동군 영동읍 학산영동로 1233","충북 영동군 영동읍 부용리 65-6","29149","영동군","127.772512218275","36.1727380529707","ROAD_ADDR","A","충청북도 영동군 학산영동로 1233 (영동읍)","1"
"43","충청북도","3","현대의료기상사","충청북도 충주시 광명2길 10-1 (교현동)","043-843-5564","전동휠체어(가군, 나군) | 의료용 스쿠터 | 수동휠체어","충북 충주시 광명2길 10-1","충북 충주시 교현동 617-13","27376","충주시","127.92949140562","36.9782469435974","ROAD_ADDR","A","충청북도 충주시 광명2길 10-1 (교현동)","1"
"43","충청북도","2","화랑오토바이","충청북도 진천군 중앙북2길 24 (진천읍)","043-533-5281","전동휠체어(가군, 나군) | 의료용 스쿠터 | 욕창예방방석 | 욕창예방매트리스 | 이동식전동리프트 | 수동휠체어","충북 진천군 진천읍 중앙북2길 24","충북 진천군 진천읍 읍내리 286-1","27832","진천군","127.441890540062","36.8577450672032","ROAD_ADDR","A","충청북도 진천군 중앙북2길 24 (진천읍)","1"
"43","충청북도","1","회르만보청기","충청북도 청주시 청원구 상당로 239-1 (우암동)","010-7225-8485","전동휠체어(가군, 나군) | 의료용 스쿠터 | 보청기","충북 청주시 청원구 상당로 239-1","충북 청주시 청원구 우암동 110-2","28536","청주시 청원구","127.48883876541","36.6497927711179","ROAD_ADDR","A","충청북도 청주시 청원구 상당로 239-1 (우암동)","1"
"44","충청남도","101","(주)거봉","충청남도 아산시 음봉로681번길 40-51 (음봉면, (주)거봉)","041-541-0360","전동휠체어(가군, 나군) | 의료용 스쿠터","충남 아산시 음봉면 음봉로681번길 40-51","충남 아산시 음봉면 월랑리 679","31416","아산시","127.084351279747","36.8416531387463","ROAD_ADDR","A","충청남도 아산시 음봉로681번길 40-51 (음봉면, (주)거봉)","1"
"44","충청남도","100","(주)바디렉스","충청남도 천안시 서북구 서부대로 428, 2층 (쌍용동, 나래타워)","041-900-1080","의지·보조기(교정형신발 등) | 전동휠체어(가군, 나군) | 의료용 스쿠터 | 욕창예방방석 | 욕창예방매트리스 | 이동식전동리프트 | 전방보행차 | 후방보행차 | 수동휠체어","충남 천안시 서북구 서부대로 428","충남 천안시 서북구 쌍용동 919","31155","천안시 서북구","127.128291397993","36.8053998206104","ROAD_ADDR","A","충청남도 천안시 서북구 서부대로 428, 2층 (쌍용동, 나래타워)","1"
"44","충청남도","99","(주)애드에이블","충청남도 천안시 서북구 천안대로 1223-24, 산업협동 314호 (부대동, 공주대학교천안공과대학)","041-587-5030","전동휠체어(가군, 나군) | 의료용 스쿠터 | 자세보조용구 | 욕창예방방석 | 욕창예방매트리스 | 이동식전동리프트 | 전방보행차 | 후방보행차 | 수동휠체어","충남 천안시 서북구 천안대로 1223-24","충남 천안시 서북구 부대동 275","31080","천안시 서북구","127.151019558662","36.8508404103786","ROAD_ADDR","A","충청남도 천안시 서북구 천안대로 1223-24, 산업협동 314호 (부대동, 공주대학교천안공과대학)","1"
"44","충청남도","98","(주)오토앤로봇","충청남도 아산시 음봉면 음봉로681번길 50 (음봉면)","","전동휠체어(가군, 나군) | 의료용 스쿠터","충남 아산시 음봉면 음봉로681번길 50","충남 아산시 음봉면 덕지리 26-43","31416","아산시","127.082508335718","36.8380721733331","ROAD_ADDR","A","충청남도 아산시 음봉면 음봉로681번길 50 (음봉면)","1"
"44","충청남도","97","100세동안 의료기","충청남도 당진시 남부로 264 (수청동)","041-358-8101","전동휠체어(가군, 나군) | 의료용 스쿠터 | 욕창예방방석 | 욕창예방매트리스 | 이동식전동리프트 | 전방보행차 | 후방보행차 | 수동휠체어","충남 당진시 남부로 264","충남 당진시 수청동 1060","31778","당진시","126.645738317251","36.8859158597096","ROAD_ADDR","A","충청남도 당진시 남부로 264 (수청동)","1"
"44","충청남도","96","KR모터스 의료기기","충청남도 예산군 예산로 36 (예산읍)","041-331-1522","전동휠체어(가군, 나군) | 의료용 스쿠터","충남 예산군 예산읍 예산로 36","충남 예산군 예산읍 주교리 290-7","32441","예산군","126.830016150522","36.6819958058691","ROAD_ADDR","A","충청남도 예산군 예산로 36 (예산읍)","1"
"44","충청남도","95","NEW 100세 의료기","충청남도 서산시 한마음13로 6 (석림동)","041-669-4800","전동휠체어(가군, 나군) | 의료용 스쿠터 | 욕창예방방석 | 욕창예방매트리스 | 이동식전동리프트 | 전방보행차 | 후방보행차 | 수동휠체어","충남 서산시 한마음13로 6","충남 서산시 석림동 647-12","31994","서산시","126.462412073519","36.7743380187283","ROAD_ADDR","A","충청남도 서산시 한마음13로 6 (석림동)","1"
"44","충청남도","94","가족사랑의료기","충청남도 논산시 청동로 39-1, 102호 (연산면)","041-736-9327","전동휠체어(가군, 나군) | 의료용 스쿠터 | 수동휠체어","충남 논산시 연산면 청동로 39-1","충남 논산시 연산면 청동리 486-4","32913","논산시","127.197785414448","36.2094861775009","ROAD_ADDR","A","충청남도 논산시 청동로 39-1, 102호 (연산면)","1"
"44","충청남도","93","공방오픈마인드","충청남도 천안시 동남구 대평1길 296 (북면)","041-561-4506","전동휠체어(가군, 나군) | 수동휠체어","충남 천안시 동남구 북면 대평1길 296","충남 천안시 동남구 북면 대평리 68-1","31062","천안시 동남구","127.297708698254","36.8734340993011","ROAD_ADDR","A","충청남도 천안시 동남구 대평1길 296 (북면)","1"
"44","충청남도","92","교원의료기","충청남도 예산군 예산로 143 (예산읍)","041-334-5953","전동휠체어(가군, 나군) | 의료용 스쿠터 | 욕창예방방석 | 욕창예방매트리스 | 수동휠체어","충남 예산군 예산읍 예산로 143","충남 예산군 예산읍 예산리 676-26","32435","예산군","126.840975240576","36.6785422256889","ROAD_ADDR","A","충청남도 예산군 예산로 143 (예산읍)","1"
"44","충청남도","91","나누리협동조합","충청남도 아산시 방축로 32 (방축동)","041-547-0207","전동휠체어(가군, 나군) | 의료용 스쿠터","충남 아산시 방축로 32","충남 아산시 방축동 113-4","31565","아산시","126.990422093247","36.7822880192244","ROAD_ADDR","A","충청남도 아산시 방축로 32 (방축동)","1"
"44","충청남도","90","내포그린","충청남도 예산군 시목1길 111 (광시면)","041-331-4420","전동휠체어(가군, 나군) | 의료용 스쿠터 | 보청기 | 욕창예방방석 | 욕창예방매트리스 | 이동식전동리프트 | 수동휠체어","충남 예산군 광시면 시목1길 111","충남 예산군 광시면 시목리 223","32456","예산군","126.792127730382","36.5447716452007","ROAD_ADDR","A","충청남도 예산군 시목1길 111 (광시면)","1"
"44","충청남도","89","논산의료기","충청남도 논산시 시민로 323 (취암동)","041-735-1391","전동휠체어(가군, 나군) | 의료용 스쿠터 | 보청기","충남 논산시 시민로 323","충남 논산시 취암동 920","32977","논산시","127.090754339893","36.1938905576595","ROAD_ADDR","A","충청남도 논산시 시민로 323 (취암동)","1"
"44","충청남도","88","뉴데이 메디칼","충청남도 아산시 모산로 38-11, 115동 202호 (배방읍, 아산배방1단지 우방아이유쉘)","041-546-1664","전동휠체어(가군, 나군) | 의료용 스쿠터 | 욕창예방방석 | 욕창예방매트리스 | 전방보행차 | 후방보행차 | 수동휠체어","충남 아산시 배방읍 모산로 38-11","충남 아산시 배방읍 공수리 1738","31480","아산시","127.046208648754","36.7713936756569","ROAD_ADDR","A","충청남도 아산시 모산로 38-11, 115동 202호 (배방읍, 아산배방1단지 우방아이유쉘)","1"
"44","충청남도","87","다모아 의료기 백화점","충청남도 보령시 지장골길 52-5 (죽정동)","041-932-7889","전동휠체어(가군, 나군) | 의료용 스쿠터 | 욕창예방방석 | 욕창예방매트리스 | 수동휠체어","충남 보령시 지장골길 52-5","충남 보령시 죽정동 683","33441","보령시","126.604061515948","36.3591899397816","ROAD_ADDR","A","충청남도 보령시 지장골길 52-5 (죽정동)","1"
"44","충청남도","86","당진건강의료기","충청남도 당진시 당진중앙1로 185 (읍내동, 알톤자전거 중앙대리점)","041-356-4658","전동휠체어(가군, 나군) | 의료용 스쿠터 | 욕창예방방석 | 욕창예방매트리스 | 이동식전동리프트 | 수동휠체어","충남 당진시 당진중앙1로 185","충남 당진시 읍내동 269-8","31770","당진시","126.633285735731","36.897091203769","ROAD_ADDR","A","충청남도 당진시 당진중앙1로 185 (읍내동, 알톤자전거 중앙대리점)","1"
"44","충청남도","85","대림오토바이예산대리점","충청남도 예산군 예산로 93 (예산읍)","041-331-2727","전동휠체어(가군, 나군) | 의료용 스쿠터","충남 예산군 예산읍 예산로 93","충남 예산군 예산읍 주교리 129-13","32435","예산군","126.835857057332","36.6801705616477","ROAD_ADDR","A","충청남도 예산군 예산로 93 (예산읍)","1"
"44","충청남도","84","대새메디칼","충청남도 아산시 번영로115번길 24-1 (권곡동)","041-544-5799","전동휠체어(가군, 나군) | 의료용 스쿠터 | 욕창예방방석 | 욕창예방매트리스 | 이동식전동리프트 | 전방보행차 | 후방보행차 | 수동휠체어","충남 아산시 번영로115번길 24-1","충남 아산시 권곡동 574","31511","아산시","127.00572315803","36.7878015594774","ROAD_ADDR","A","충청남도 아산시 번영로115번길 24-1 (권곡동)","1"
"44","충청남도","83","대천의료기","충청남도 보령시 원동1길 56-4 (대천동, 명동이용원)","041-936-7138","전동휠체어(가군, 나군) | 의료용 스쿠터 | 욕창예방방석 | 욕창예방매트리스 | 이동식전동리프트 | 전방보행차 | 수동휠체어","충남 보령시 원동1길 56-4","충남 보령시 대천동 179-1","33466","보령시","126.597891585467","36.3508159067384","ROAD_ADDR","A","충청남도 보령시 원동1길 56-4 (대천동, 명동이용원)","1"
"44","충청남도","82","대한의료기","충청남도 보령시 해태로 3 (대천동)","041-936-5638","전동휠체어(가군, 나군) | 의료용 스쿠터 | 보청기","충남 보령시 해태로 3","충남 보령시 대천동 439-6","33454","보령시","126.593190013578","36.3522907151691","ROAD_ADDR","A","충청남도 보령시 해태로 3 (대천동)","1"
"44","충청남도","81","대한의료기상사","충청남도 홍성군 조양로 177 (홍성읍)","041-634-6795","전동휠체어(가군, 나군) | 의료용 스쿠터 | 보청기 | 전방보행차","충남 홍성군 홍성읍 조양로 177","충남 홍성군 홍성읍 대교리 395-6","32221","홍성군","126.669514519302","36.6010157298815","ROAD_ADDR","A","충청남도 홍성군 조양로 177 (홍성읍)","1"
"44","충청남도","80","더울림케어","충청남도 홍성군 도청대로 132, 401호 (홍성읍)","0000-1688-7475","전동휠체어(가군, 나군) | 의료용 스쿠터 | 욕창예방방석 | 욕창예방매트리스 | 이동식전동리프트 | 수동휠체어","충남 홍성군 홍성읍 도청대로 132","충남 홍성군 홍성읍 내법리 409-11","32217","홍성군","126.664818669739","36.6164913641342","ROAD_ADDR","A","충청남도 홍성군 도청대로 132, 401호 (홍성읍)","1"
"44","충청남도","79","독일 시그니아 보청기 보령점","충청남도 보령시 번영로 37 (대천동, 해피천)","041-931-5777","전동휠체어(가군, 나군) | 의료용 스쿠터 | 보청기 | 수동휠체어","충남 보령시 번영로 37","충남 보령시 대천동 336-6","33455","보령시","126.592426944563","36.3505260495288","ROAD_ADDR","A","충청남도 보령시 번영로 37 (대천동, 해피천)","1"
"44","충청남도","78","독일보청기멀티샵","충청남도 공주시 왕릉로 142, 2층 (금성동, 연문빌딩)","041-852-5559","전동휠체어(가군, 나군) | 의료용 스쿠터 | 보청기","충남 공주시 왕릉로 142","충남 공주시 금성동 191-2","32538","공주시","127.122716998645","36.4638635878102","ROAD_ADDR","A","충청남도 공주시 왕릉로 142, 2층 (금성동, 연문빌딩)","1"
"44","충청남도","77","동부케어","충청남도 보령시 청수로길 85 (대천동)","041-934-0675","전동휠체어(가군, 나군) | 의료용 스쿠터 | 욕창예방방석 | 욕창예방매트리스 | 이동식전동리프트 | 전방보행차 | 후방보행차 | 수동휠체어","충남 보령시 청수로길 85","충남 보령시 대천동 392-2","33453","보령시","126.588054414887","36.3533687677736","ROAD_ADDR","A","충청남도 보령시 청수로길 85 (대천동)","1"
"44","충청남도","76","동일오토바이 의료기","충청남도 논산시 중앙로 514-1, 1층 (대교동)","041-735-4383","전동휠체어(가군, 나군) | 의료용 스쿠터 | 수동휠체어","충남 논산시 중앙로 514-1","충남 논산시 대교동 97-3","32948","논산시","127.082010494667","36.2084603109793","ROAD_ADDR","A","충청남도 논산시 중앙로 514-1, 1층 (대교동)","1"
"44","충청남도","75","두드림 장애인 보장구","충청남도 보령시 보령북로 76, 3층 (대천동)","010-9402-1420","전동휠체어(가군, 나군) | 의료용 스쿠터 | 욕창예방방석 | 욕창예방매트리스 | 이동식전동리프트 | 수동휠체어","충남 보령시 보령북로 76","충남 보령시 대천동 127-3","33439","보령시","126.597536513306","36.3527908058064","ROAD_ADDR","A","충청남도 보령시 보령북로 76, 3층 (대천동)","1"
"44","충청남도","74","드림YOU복지용구","충청남도 천안시 서북구 봉정로 168-1 (성정동, 현대사무용가구)","041-563-3001","전동휠체어(가군, 나군) | 의료용 스쿠터 | 욕창예방방석 | 수동휠체어","충남 천안시 서북구 봉정로 168-1","충남 천안시 서북구 성정동 142-6","31143","천안시 서북구","127.142598962268","36.8169979371116","ROAD_ADDR","A","충청남도 천안시 서북구 봉정로 168-1 (성정동, 현대사무용가구)","1"
"44","충청남도","73","드림케어","충청남도 보령시 원모루길 234, 1층 (청라면)","041-931-3748","전동휠체어(가군, 나군) | 의료용 스쿠터 | 욕창예방방석 | 욕창예방매트리스 | 이동식전동리프트 | 수동휠체어","충남 보령시 청라면 원모루길 234","충남 보령시 청라면 나원리 910-4","33424","보령시","126.673931997284","36.3897726402388","ROAD_ADDR","A","충청남도 보령시 원모루길 234, 1층 (청라면)","1"
"44","충청남도","72","디앤에이모터스부여대리점","충청남도 부여군 성왕로 154 (부여읍)","041-834-9977","전동휠체어(가군, 나군) | 의료용 스쿠터 | 수동휠체어","충남 부여군 부여읍 성왕로 154","충남 부여군 부여읍 구교리 385-2","33144","부여군","126.906617563528","36.2790837175913","ROAD_ADDR","A","충청남도 부여군 성왕로 154 (부여읍)","1"
"44","충청남도","71","미래메디칼","충청남도 홍성군 온천3길 38 (홍성읍)","010-3481-0234","전동휠체어(가군, 나군) | 의료용 스쿠터 | 욕창예방방석 | 욕창예방매트리스 | 이동식전동리프트 | 전방보행차 | 후방보행차","충남 홍성군 홍성읍 온천3길 38","충남 홍성군 홍성읍 옥암리 1262","32244","홍성군","126.652946961148","36.5929631900585","ROAD_ADDR","A","충청남도 홍성군 온천3길 38 (홍성읍)","1"
"44","충청남도","70","미래보조기","충청남도 천안시 동남구 봉정로 5 (봉명동, 선진진열장)","041-573-6665","의지·보조기(교정형신발 등) | 전동휠체어(가군, 나군) | 의료용 스쿠터","충남 천안시 동남구 봉정로 5","충남 천안시 동남구 봉명동 20-3","31151","천안시 동남구","127.138988986659","36.8025606529079","ROAD_ADDR","A","충청남도 천안시 동남구 봉정로 5 (봉명동, 선진진열장)","1"
"44","충청남도","69","바른몸 재활공방","충청남도 천안시 서북구 쌍용15길 73, 101호 (쌍용동)","041-579-3204","전동휠체어(가군, 나군) | 의료용 스쿠터 | 자세보조용구 | 욕창예방방석 | 욕창예방매트리스 | 이동식전동리프트 | 전방보행차 | 후방보행차 | 수동휠체어","충남 천안시 서북구 쌍용15길 73","충남 천안시 서북구 쌍용동 584","31172","천안시 서북구","127.125166950149","36.7965882917485","ROAD_ADDR","A","충청남도 천안시 서북구 쌍용15길 73, 101호 (쌍용동)","1"
"44","충청남도","68","배방의료기","충청남도 아산시 북수로39번길 36 (배방읍)","041-546-2024","전동휠체어(가군, 나군) | 의료용 스쿠터 | 욕창예방방석 | 욕창예방매트리스 | 수동휠체어","충남 아산시 배방읍 북수로39번길 36","충남 아산시 배방읍 북수리 641-6","31485","아산시","127.068034926562","36.7746197371943","ROAD_ADDR","A","충청남도 아산시 북수로39번길 36 (배방읍)","1"
"44","충청남도","67","백세의료기","충청남도 청양군 칠갑산로6길 11 (청양읍)","010-6488-1695","전동휠체어(가군, 나군) | 의료용 스쿠터 | 욕창예방방석 | 욕창예방매트리스 | 이동식전동리프트 | 전방보행차 | 후방보행차 | 수동휠체어","충남 청양군 청양읍 칠갑산로6길 11","충남 청양군 청양읍 읍내리 178-1","33331","청양군","126.80223949367","36.4499841418579","ROAD_ADDR","A","충청남도 청양군 칠갑산로6길 11 (청양읍)","1"
"44","충청남도","66","백제의료기","충청남도 논산시 시민로295번길 2 (내동)","041-735-1392","전동휠체어(가군, 나군) | 의료용 스쿠터 | 욕창예방방석 | 욕창예방매트리스 | 이동식전동리프트 | 전방보행차 | 후방보행차 | 수동휠체어","충남 논산시 시민로295번길 2","충남 논산시 내동 1038","32981","논산시","127.092374970438","36.1919364081498","ROAD_ADDR","A","충청남도 논산시 시민로295번길 2 (내동)","1"
"44","충청남도","65","백제의료기보청기","충청남도 부여군 성왕로 200-1 (부여읍)","041-833-5001","전동휠체어(가군, 나군) | 의료용 스쿠터 | 보청기 | 욕창예방방석 | 욕창예방매트리스 | 이동식전동리프트 | 전방보행차 | 후방보행차 | 수동휠체어","충남 부여군 부여읍 성왕로 200-1","충남 부여군 부여읍 구아리 337","33145","부여군","126.909921415303","36.2823340544353","ROAD_ADDR","A","충청남도 부여군 성왕로 200-1 (부여읍)","1"
"44","충청남도","64","베스트메딕스","충청남도 천안시 서북구 백석로 17-5 (백석동, 중화요리난향)","041-556-4008","전동휠체어(가군, 나군) | 의료용 스쿠터 | 욕창예방방석 | 욕창예방매트리스 | 전방보행차 | 수동휠체어","충남 천안시 서북구 백석로 17-5","충남 천안시 서북구 백석동 302-7","31095","천안시 서북구","127.113978161113","36.8231993392244","ROAD_ADDR","A","충청남도 천안시 서북구 백석로 17-5 (백석동, 중화요리난향)","1"
"44","충청남도","63","보령의료기","충청남도 보령시 원동1길 30-13 (대천동, 보령의료기)","041-935-2419","전동휠체어(가군, 나군) | 의료용 스쿠터 | 보청기 | 욕창예방방석 | 욕창예방매트리스 | 이동식전동리프트 | 수동휠체어","충남 보령시 원동1길 30-13","충남 보령시 대천동 184-2","33465","보령시","126.596679219115","36.3507641488099","ROAD_ADDR","A","충청남도 보령시 원동1길 30-13 (대천동, 보령의료기)","1"
"44","충청남도","62","삼성보조기","충청남도 천안시 동남구 망향로 186, 1층 (안서동, 맛골진곰탕)","041-569-8888","의지·보조기(교정형신발 등) | 전동휠체어(가군, 나군) | 의료용 스쿠터 | 보청기 | 욕창예방방석 | 욕창예방매트리스 | 전방보행차 | 수동휠체어","충남 천안시 동남구 망향로 186","충남 천안시 동남구 안서동 358-1","31065","천안시 동남구","127.174641601621","36.8395999329899","ROAD_ADDR","A","충청남도 천안시 동남구 망향로 186, 1층 (안서동, 맛골진곰탕)","1"
"44","충청남도","61","삼성의료기","세종특별자치시 조치원읍 새내로 85 (조치원읍)","044-862-3688","전동휠체어(가군, 나군) | 의료용 스쿠터 | 욕창예방방석 | 욕창예방매트리스 | 이동식전동리프트 | 전방보행차 | 후방보행차 | 수동휠체어","세종특별자치시 조치원읍 새내로 85","세종특별자치시 조치원읍 정리 102-13","30028","","127.298249343527","36.5995124121542","ROAD_ADDR","A","세종특별자치시 조치원읍 새내로 85 (조치원읍)","1"
"44","충청남도","60","삼일의료기유통","충청남도 논산시 시민로 293 (내동)","041-735-6651","전동휠체어(가군, 나군) | 의료용 스쿠터 | 욕창예방방석 | 욕창예방매트리스 | 수동휠체어","충남 논산시 시민로 293","충남 논산시 내동 1082","32981","논산시","127.092666417551","36.1916923169461","ROAD_ADDR","A","충청남도 논산시 시민로 293 (내동)","1"
"44","충청남도","59","서산의료기복지용구센터","충청남도 서산시 동헌로 24, 1층 (석남동)","041-665-8103","전동휠체어(가군, 나군) | 의료용 스쿠터 | 욕창예방방석 | 욕창예방매트리스 | 이동식전동리프트 | 수동휠체어","충남 서산시 동헌로 24","충남 서산시 석남동 15-9","31995","서산시","126.453682029362","36.7717430746201","ROAD_ADDR","A","충청남도 서산시 동헌로 24, 1층 (석남동)","1"
"44","충청남도","58","서천미소의료기","충청남도 서천군 서천로 52-1, 1층 (서천읍)","041-952-7336","전동휠체어(가군, 나군) | 의료용 스쿠터 | 욕창예방방석 | 욕창예방매트리스 | 이동식전동리프트 | 전방보행차 | 후방보행차 | 수동휠체어","충남 서천군 서천읍 서천로 52-1","충남 서천군 서천읍 군사리 560-5","33644","서천군","126.693818267889","36.0764646386995","ROAD_ADDR","A","충청남도 서천군 서천로 52-1, 1층 (서천읍)","1"
"44","충청남도","57","서천의료기","충청남도 서천군 서천읍 충절로81번길 7 ((102호))","041-953-0882","전동휠체어(가군, 나군) | 의료용 스쿠터 | 욕창예방방석 | 욕창예방매트리스 | 이동식전동리프트 | 전방보행차 | 수동휠체어","충남 서천군 서천읍 충절로81번길 7","충남 서천군 서천읍 군사리 649-2","33646","서천군","126.69153970493","36.074889865249","ROAD_ADDR","A","충청남도 서천군 서천읍 충절로81번길 7 ((102호))","1"
"44","충청남도","56","선진의료기","충청남도 보령시 원동2길 36 (대천동)","041-931-0001","전동휠체어(가군, 나군) | 의료용 스쿠터 | 보청기","충남 보령시 원동2길 36","충남 보령시 대천동 187-1","33465","보령시","126.596093623802","36.3513788443174","ROAD_ADDR","A","충청남도 보령시 원동2길 36 (대천동)","1"
"44","충청남도","55","성심메디칼","충청남도 천안시 동남구 대흥로 136 (사직동, 인정받은불낙지)","041-523-0478","전동휠체어(가군, 나군) | 의료용 스쿠터 | 욕창예방방석 | 욕창예방매트리스 | 이동식전동리프트 | 수동휠체어","충남 천안시 동남구 대흥로 136","충남 천안시 동남구 사직동 214-6","31129","천안시 동남구","127.148100664926","36.8010979648944","ROAD_ADDR","A","충청남도 천안시 동남구 대흥로 136 (사직동, 인정받은불낙지)","1"
"44","충청남도","54","성심의료기","충청남도 서산시 서해로 3616 (잠홍동)","041-662-3345","전동휠체어(가군, 나군) | 의료용 스쿠터 | 욕창예방방석 | 욕창예방매트리스 | 이동식전동리프트 | 전방보행차 | 후방보행차 | 수동휠체어","충남 서산시 서해로 3616","충남 서산시 잠홍동 753-2","32002","서산시","126.473345832253","36.7830441120293","ROAD_ADDR","A","충청남도 서산시 서해로 3616 (잠홍동)","1"
"44","충청남도","53","송산의료기","충청남도 당진시 당진중앙1로 151 (읍내동, BHC 당진점)","041-357-1178","전동휠체어(가군, 나군) | 의료용 스쿠터 | 욕창예방방석 | 욕창예방매트리스 | 수동휠체어","충남 당진시 당진중앙1로 151","충남 당진시 읍내동 270-5","31770","당진시","126.631862758291","36.896070010279","ROAD_ADDR","A","충청남도 당진시 당진중앙1로 151 (읍내동, BHC 당진점)","1"
"44","충청남도","52","수레바퀴","충청남도 보령시 보령북로 76 (대천동)","041-934-2662","전동휠체어(가군, 나군) | 의료용 스쿠터 | 욕창예방방석 | 욕창예방매트리스 | 이동식전동리프트 | 수동휠체어","충남 보령시 보령북로 76","충남 보령시 대천동 127-3","33439","보령시","126.597536513306","36.3527908058064","ROAD_ADDR","A","충청남도 보령시 보령북로 76 (대천동)","1"
"44","충청남도","51","시온메디칼","충청남도 천안시 서북구 불당8길 4, 101호 (불당동, 영진빌딩)","041-577-0691","전동휠체어(가군, 나군) | 의료용 스쿠터 | 욕창예방방석 | 욕창예방매트리스 | 이동식전동리프트 | 수동휠체어","충남 천안시 서북구 불당8길 4","충남 천안시 서북구 불당동 1090","31164","천안시 서북구","127.106400683244","36.8022839286334","ROAD_ADDR","A","충청남도 천안시 서북구 불당8길 4, 101호 (불당동, 영진빌딩)","1"
"44","충청남도","50","신진오토바이센타","충청남도 공주시 번영1로 45 (신관동)","041-854-1588","전동휠체어(가군, 나군) | 의료용 스쿠터 | 욕창예방매트리스 | 이동식전동리프트 | 수동휠체어","충남 공주시 번영1로 45","충남 공주시 신관동 585-10","32574","공주시","127.133393871822","36.4720547831663","ROAD_ADDR","A","충청남도 공주시 번영1로 45 (신관동)","1"
"44","충청남도","49","아산의료기","충청남도 아산시 시민로 403 (온천동, 좋은안경원)","041-546-0198","전동휠체어(가군, 나군) | 의료용 스쿠터 | 욕창예방방석 | 수동휠체어","충남 아산시 시민로 403","충남 아산시 온천동 226-352","31507","아산시","127.001074699839","36.7845937232642","ROAD_ADDR","A","충청남도 아산시 시민로 403 (온천동, 좋은안경원)","1"
"44","충청남도","48","양촌의료기","충청남도 논산시 매죽헌로 1668 (양촌면)","041-741-0806","전동휠체어(가군, 나군) | 의료용 스쿠터","충남 논산시 양촌면 매죽헌로 1668","충남 논산시 양촌면 인천리 347-2","33023","논산시","127.23527023231","36.1367001878757","ROAD_ADDR","A","충청남도 논산시 매죽헌로 1668 (양촌면)","1"
"44","충청남도","47","에벤에셀","충청남도 금산군 비선길 23 (금산읍)","010-5521-1925","전동휠체어(가군, 나군) | 의료용 스쿠터 | 욕창예방방석 | 욕창예방매트리스 | 수동휠체어","충남 금산군 금산읍 비선길 23","충남 금산군 금산읍 상옥리 56-2","32747","금산군","127.48926830343","36.1009650787806","ROAD_ADDR","A","충청남도 금산군 비선길 23 (금산읍)","1"
"44","충청남도","46","엔젤복지용구","충청남도 홍성군 조양로 227, 105호 (홍성읍)","041-632-2209","전동휠체어(가군, 나군) | 의료용 스쿠터 | 욕창예방방석 | 욕창예방매트리스 | 이동식전동리프트 | 전방보행차 | 후방보행차 | 수동휠체어","충남 홍성군 홍성읍 조양로 227","충남 홍성군 홍성읍 고암리 1018","32220","홍성군","126.674804332035","36.5999344061514","ROAD_ADDR","A","충청남도 홍성군 조양로 227, 105호 (홍성읍)","1"
"44","충청남도","45","엔젤요양서비스","충청남도 천안시 동남구 청수7로 43, 202호 (청당동)","010-9839-5809","전동휠체어(가군, 나군) | 의료용 스쿠터 | 욕창예방방석 | 욕창예방매트리스 | 이동식전동리프트 | 수동휠체어","충남 천안시 동남구 청수7로 43","충남 천안시 동남구 청당동 721","31197","천안시 동남구","127.158801892298","36.7862269711253","ROAD_ADDR","A","충청남도 천안시 동남구 청수7로 43, 202호 (청당동)","1"
"44","충청남도","44","연세의료기","충청남도 천안시 서북구 두정로 203, 106호 (두정동)","041-581-1180","전동휠체어(가군, 나군) | 의료용 스쿠터 | 욕창예방방석 | 욕창예방매트리스 | 전방보행차 | 후방보행차 | 수동휠체어","충남 천안시 서북구 두정로 203","충남 천안시 서북구 두정동 1263","31101","천안시 서북구","127.13961178171","36.8339648429907","ROAD_ADDR","A","충청남도 천안시 서북구 두정로 203, 106호 (두정동)","1"
"44","충청남도","43","예산의료기 복지용구","충청남도 예산군 임성로 40 (예산읍)","041-331-5979","전동휠체어(가군, 나군) | 의료용 스쿠터 | 욕창예방방석 | 욕창예방매트리스 | 이동식전동리프트 | 전방보행차 | 수동휠체어","충남 예산군 예산읍 임성로 40","충남 예산군 예산읍 예산리 133-11","32434","예산군","126.849627642942","36.6818437619333","ROAD_ADDR","A","충청남도 예산군 임성로 40 (예산읍)","1"
"44","충청남도","42","온양의료기","충청남도 아산시 번영로 177 (권곡동)","041-545-7263","전동휠체어(가군, 나군) | 의료용 스쿠터 | 보청기 | 수동휠체어","충남 아산시 번영로 177","충남 아산시 권곡동 547-41","31519","아산시","127.010321161532","36.785336790418","ROAD_ADDR","A","충청남도 아산시 번영로 177 (권곡동)","1"
"44","충청남도","41","우리의료기","충청남도 천안시 서북구 성환2로 19 , 2층 1호 (성환읍, 한서SS기정비센터)","010-9415-4600","전동휠체어(가군, 나군) | 의료용 스쿠터 | 이동식전동리프트 | 수동휠체어","충남 천안시 서북구 성환읍 성환2로 19","충남 천안시 서북구 성환읍 매주리 423-14","31019","천안시 서북구","127.128980189526","36.9095478884939","ROAD_ADDR","A","충청남도 천안시 서북구 성환2로 19 , 2층 1호 (성환읍, 한서SS기정비센터)","1"
"44","충청남도","40","웅진대성의료기","충청남도 공주시 웅진로 118, 1층 (중학동)","041-853-7674","전동휠체어(가군, 나군) | 의료용 스쿠터 | 욕창예방방석 | 욕창예방매트리스 | 이동식전동리프트 | 전방보행차 | 후방보행차 | 수동휠체어","충남 공주시 웅진로 118","충남 공주시 중학동 43","32563","공주시","127.124051373221","36.4508612037432","ROAD_ADDR","A","충청남도 공주시 웅진로 118, 1층 (중학동)","1"
"44","충청남도","39","원라인코리아","충청남도 논산시 대화로70번길 9-10, 1층 (화지동)","041-736-7477","전동휠체어(가군, 나군) | 의료용 스쿠터 | 이동식전동리프트 | 수동휠체어","충남 논산시 대화로70번길 9-10","충남 논산시 화지동 43-1","32967","논산시","127.085205738552","36.2074852311376","ROAD_ADDR","A","충청남도 논산시 대화로70번길 9-10, 1층 (화지동)","1"
"44","충청남도","38","월드케어","충청남도 천안시 동남구 다가5길 21, 1층 (다가동, 일성기업)","041-573-8870","의지·보조기(교정형신발 등) | 전동휠체어(가군, 나군) | 의료용 스쿠터 | 욕창예방방석 | 욕창예방매트리스 | 이동식전동리프트 | 전방보행차 | 후방보행차 | 수동휠체어","충남 천안시 동남구 다가5길 21","충남 천안시 동남구 다가동 382-28","31154","천안시 동남구","127.142679880555","36.8003885678823","ROAD_ADDR","A","충청남도 천안시 동남구 다가5길 21, 1층 (다가동, 일성기업)","1"
"44","충청남도","37","웰라이프","충청남도 천안시 동남구 개목8길 7, 지하층 (봉명동, 청정세탁)","041-575-5368","의지·보조기(교정형신발 등) | 전동휠체어(가군, 나군) | 의료용 스쿠터 | 욕창예방방석 | 욕창예방매트리스 | 이동식전동리프트 | 전방보행차 | 후방보행차 | 수동휠체어","충남 천안시 동남구 개목8길 7","충남 천안시 동남구 봉명동 264","31140","천안시 동남구","127.13143176909","36.8162215219888","ROAD_ADDR","A","충청남도 천안시 동남구 개목8길 7, 지하층 (봉명동, 청정세탁)","1"
"44","충청남도","36","유진혤스케어","충청남도 천안시 동남구 통정6로 48 (신방동)","041-556-9477","전동휠체어(가군, 나군) | 의료용 스쿠터","충남 천안시 동남구 통정6로 48","충남 천안시 동남구 신방동 1632","31205","천안시 동남구","127.138477193896","36.775646335182","ROAD_ADDR","A","충청남도 천안시 동남구 통정6로 48 (신방동)","1"
"44","충청남도","35","의료기백화점","충청남도 천안시 동남구 천안여상로 59, 102호 (봉명동)","041-571-8985","전동휠체어(가군, 나군) | 의료용 스쿠터 | 욕창예방방석 | 욕창예방매트리스 | 이동식전동리프트 | 전방보행차 | 후방보행차 | 수동휠체어","충남 천안시 동남구 천안여상로 59","충남 천안시 동남구 봉명동 40-219","31151","천안시 동남구","127.1386113693","36.8032502637586","ROAD_ADDR","A","충청남도 천안시 동남구 천안여상로 59, 102호 (봉명동)","1"
"44","충청남도","34","이원건강의료기","충청남도 공주시 웅진로 235, 103호 (금성동)","041-852-5657","전동휠체어(가군, 나군) | 의료용 스쿠터 | 욕창예방방석 | 욕창예방매트리스 | 이동식전동리프트 | 전방보행차 | 수동휠체어","충남 공주시 웅진로 235","충남 공주시 금성동 19-29","32538","공주시","127.123790910437","36.4611804364657","ROAD_ADDR","A","충청남도 공주시 웅진로 235, 103호 (금성동)","1"
"44","충청남도","33","이원건강의료기천안역점","충청남도 천안시 동남구 대흥로 251 (대흥동)","041-555-2177","전동휠체어(가군, 나군) | 의료용 스쿠터 | 욕창예방방석 | 욕창예방매트리스 | 이동식전동리프트 | 수동휠체어","충남 천안시 동남구 대흥로 251","충남 천안시 동남구 대흥동 21-2","31144","천안시 동남구","127.148195059908","36.8105423923304","ROAD_ADDR","A","충청남도 천안시 동남구 대흥로 251 (대흥동)","1"
"44","충청남도","32","제이엔비모터스(주)","충청남도 논산시 마봉로79번길 17 (연무읍)","041-742-8883","전동휠체어(가군, 나군) | 의료용 스쿠터 | 수동휠체어","충남 논산시 연무읍 마봉로79번길 17","충남 논산시 연무읍 마전리 804-32","33014","논산시","127.085606781959","36.0906585284739","ROAD_ADDR","A","충청남도 논산시 마봉로79번길 17 (연무읍)","1"
"44","충청남도","31","제이제이(JJ)메디칼","충청남도 천안시 동남구 석곡3길 8 1층 101호 (성남면, ST솔루션)","010-4318-3158","전동휠체어(가군, 나군) | 의료용 스쿠터 | 욕창예방방석 | 욕창예방매트리스 | 이동식전동리프트 | 수동휠체어","충남 천안시 동남구 성남면 석곡3길 8","충남 천안시 동남구 성남면 석곡리 345-3","31247","천안시 동남구","127.221598570997","36.7386770979312","ROAD_ADDR","A","충청남도 천안시 동남구 석곡3길 8 1층 101호 (성남면, ST솔루션)","1"
"44","충청남도","30","조은의료기","충청남도 천안시 서북구 성환2로 19, 101호 (성환읍, 한서SS기정비센터)","010-9415-4600","전동휠체어(가군, 나군) | 의료용 스쿠터 | 욕창예방방석 | 욕창예방매트리스 | 전방보행차 | 후방보행차 | 수동휠체어","충남 천안시 서북구 성환읍 성환2로 19","충남 천안시 서북구 성환읍 매주리 423-14","31019","천안시 서북구","127.128980189526","36.9095478884939","ROAD_ADDR","A","충청남도 천안시 서북구 성환2로 19, 101호 (성환읍, 한서SS기정비센터)","1"
"44","충청남도","29","주식회사 서원이엔엠","충청남도 천안시 동남구 미죽로 9, 1층 (풍세면, 소매점)","041-575-6448","전동휠체어(가군, 나군) | 의료용 스쿠터 | 욕창예방방석 | 욕창예방매트리스 | 이동식전동리프트 | 전방보행차 | 후방보행차 | 수동휠체어","충남 천안시 동남구 풍세면 미죽로 9","충남 천안시 동남구 풍세면 남관리 728","31213","천안시 동남구","127.127830262027","36.7518987527602","ROAD_ADDR","A","충청남도 천안시 동남구 미죽로 9, 1층 (풍세면, 소매점)","1"
"44","충청남도","28","주원의료기&복지용구","충청남도 천안시 동남구 중앙로 64, 1층 (영성동, 서울치과)","041-555-5519","전동휠체어(가군, 나군) | 의료용 스쿠터 | 욕창예방방석 | 욕창예방매트리스 | 이동식전동리프트 | 수동휠체어","충남 천안시 동남구 중앙로 64","충남 천안시 동남구 영성동 9-19","31132","천안시 동남구","127.152856513393","36.8040103775833","ROAD_ADDR","A","충청남도 천안시 동남구 중앙로 64, 1층 (영성동, 서울치과)","1"
"44","충청남도","27","중앙메디케어","충청남도 서산시 수석산업로 5 지하1층 (수석동, 서산중앙병원)","041-664-0501","전동휠체어(가군, 나군) | 의료용 스쿠터 | 전방보행차 | 후방보행차 | 수동휠체어","충남 서산시 수석산업로 5","충남 서산시 수석동 1-1","32010","서산시","126.504110464904","36.7816474331456","ROAD_ADDR","A","충청남도 서산시 수석산업로 5 지하1층 (수석동, 서산중앙병원)","1"
"44","충청남도","26","중앙의료기","충청남도 부여군 부여읍 부여로 5-8","041-835-7370","전동휠체어(가군, 나군) | 의료용 스쿠터 | 욕창예방방석 | 욕창예방매트리스 | 이동식전동리프트 | 전방보행차 | 후방보행차 | 수동휠체어","충남 부여군 부여읍 부여로 5-8","충남 부여군 부여읍 구아리 322","33152","부여군","126.909724336255","36.2799739568294","ROAD_ADDR","A","충청남도 부여군 부여읍 부여로 5-8","1"
"44","충청남도","25","지에스메디칼","충청남도 예산군 역전로 69 (예산읍)","041-335-2004","전동휠체어(가군, 나군) | 의료용 스쿠터 | 욕창예방매트리스 | 수동휠체어","충남 예산군 예산읍 역전로 69","충남 예산군 예산읍 주교리 227","32431","예산군","126.829241770504","36.6854118703579","ROAD_ADDR","A","충청남도 예산군 역전로 69 (예산읍)","1"
"44","충청남도","24","진메디컬","충청남도 당진시 거산3거리길 21, 112호 (신평면, 정철어학원)","041-363-5959","전동휠체어(가군, 나군) | 의료용 스쿠터 | 수동휠체어","충남 당진시 신평면 거산3거리길 21","충남 당진시 신평면 거산리 183-6","31748","당진시","126.753773837964","36.8798790650221","ROAD_ADDR","A","충청남도 당진시 거산3거리길 21, 112호 (신평면, 정철어학원)","1"
"44","충청남도","23","진주의료기","충청남도 서천군 서천로 28-2 (서천읍, 서일학원)","041-953-3600","전동휠체어(가군, 나군) | 의료용 스쿠터","충남 서천군 서천읍 서천로 28-2","충남 서천군 서천읍 군사리 180-14","33645","서천군","126.696622173306","36.0756631955445","ROAD_ADDR","A","충청남도 서천군 서천로 28-2 (서천읍, 서일학원)","1"
"44","충청남도","22","천사의료기","충청남도 부여군 사비로99번길 8-2 (부여읍)","041-834-1060","전동휠체어(가군, 나군) | 의료용 스쿠터 | 수동휠체어","충남 부여군 부여읍 사비로99번길 8-2","충남 부여군 부여읍 구아리 331","33145","부여군","126.910023160097","36.281646702596","ROAD_ADDR","A","충청남도 부여군 사비로99번길 8-2 (부여읍)","1"
"44","충청남도","21","청우복지용구 청우의료기","충청남도 예산군 예산읍 예산로176번길 4 (예산읍)","041-331-3412","전동휠체어(가군, 나군) | 의료용 스쿠터 | 욕창예방방석 | 욕창예방매트리스 | 수동휠체어","충남 예산군 예산읍 예산로176번길 4","충남 예산군 예산읍 예산리 426-5","32437","예산군","126.84476787842","36.6784017874963","ROAD_ADDR","A","충청남도 예산군 예산읍 예산로176번길 4 (예산읍)","1"
"44","충청남도","20","충남장애인보장구센터","충청남도 공주시 무령로 261 (산성동)","010-5431-1125","전동휠체어(가군, 나군) | 의료용 스쿠터 | 수동휠체어","충남 공주시 무령로 261","충남 공주시 산성동 69-10","32555","공주시","127.128911791129","36.4561561635366","ROAD_ADDR","A","충청남도 공주시 무령로 261 (산성동)","1"
"44","충청남도","19","충무의료기","충청남도 아산시 문화로 385, 1층 (모종동)","041-546-3838","전동휠체어(가군, 나군) | 의료용 스쿠터 | 욕창예방방석 | 욕창예방매트리스 | 수동휠체어","충남 아산시 문화로 385","충남 아산시 모종동 658","31528","아산시","127.019933182807","36.7789020539611","ROAD_ADDR","A","충청남도 아산시 문화로 385, 1층 (모종동)","1"
"44","충청남도","18","충무휠체어","충청남도 예산군 예산로 208-1, 2층 (예산읍)","010-5599-0712","전동휠체어(가군, 나군) | 의료용 스쿠터 | 전방보행차 | 수동휠체어","충남 예산군 예산읍 예산로 208-1","충남 예산군 예산읍 예산리 481-17","32436","예산군","126.84778359406","36.6797052904313","ROAD_ADDR","A","충청남도 예산군 예산로 208-1, 2층 (예산읍)","1"
"44","충청남도","17","충서상사","충청남도 예산군 충서로 1154 A동남쪽 2,3,4상가 (예산읍)","010-8001-5788","전동휠체어(가군, 나군) | 의료용 스쿠터 | 이동식전동리프트","충남 예산군 예산읍 충서로 1154","충남 예산군 예산읍 관작리 434-9","32423","예산군","126.831926529023","36.7106203069478","ROAD_ADDR","A","충청남도 예산군 충서로 1154 A동남쪽 2,3,4상가 (예산읍)","1"
"44","충청남도","16","충청의료기","충청남도 논산시 시민로294번길 5 (내동)","041-733-8687","전동휠체어(가군, 나군) | 의료용 스쿠터 | 욕창예방방석 | 욕창예방매트리스 | 이동식전동리프트 | 전방보행차 | 후방보행차 | 수동휠체어","충남 논산시 시민로294번길 5","충남 논산시 내동 292-1","32980","논산시","127.093071687353","36.1922748114689","ROAD_ADDR","A","충청남도 논산시 시민로294번길 5 (내동)","1"
"44","충청남도","15","태안의료기복지센터","충청남도 태안군 군청6길 24 (태안읍)","041-672-3345","전동휠체어(가군, 나군) | 의료용 스쿠터 | 욕창예방방석 | 욕창예방매트리스 | 이동식전동리프트 | 전방보행차 | 후방보행차 | 수동휠체어","충남 태안군 태안읍 군청6길 24","충남 태안군 태안읍 남문리 711-3","32144","태안군","126.301959628824","36.7463904754092","ROAD_ADDR","A","충청남도 태안군 군청6길 24 (태안읍)","1"
"44","충청남도","14","태양의료기","충청남도 아산시 온천대로 1626-3, 103호 (풍기동, 포유치과)","010-5599-0712","전동휠체어(가군, 나군) | 의료용 스쿠터 | 욕창예방방석 | 욕창예방매트리스 | 이동식전동리프트 | 전방보행차 | 수동휠체어","충남 아산시 온천대로 1626-3","충남 아산시 풍기동 211-51","31526","아산시","127.018376657526","36.7784776987145","ROAD_ADDR","A","충청남도 아산시 온천대로 1626-3, 103호 (풍기동, 포유치과)","1"
"44","충청남도","13","토토무역상사","충청남도 홍성군 조양로65번길 59 (홍성읍)","041-634-1753","전동휠체어(가군, 나군) | 의료용 스쿠터 | 수동휠체어","충남 홍성군 홍성읍 조양로65번길 59","충남 홍성군 홍성읍 오관리 662-24","32227","홍성군","126.656380470362","36.6014178003379","ROAD_ADDR","A","충청남도 홍성군 조양로65번길 59 (홍성읍)","1"
"44","충청남도","12","한국의료기","충청남도 홍성군 조양로 231 (홍성읍)","041-631-7599","전동휠체어(가군, 나군) | 의료용 스쿠터","충남 홍성군 홍성읍 조양로 231","충남 홍성군 홍성읍 고암리 1022","32220","홍성군","126.675173261889","36.5999598330978","ROAD_ADDR","A","충청남도 홍성군 조양로 231 (홍성읍)","1"
"44","충청남도","11","한빛복지용구","충청남도 공주시 무령로 264 (중동)","041-853-0831","전동휠체어(가군, 나군) | 의료용 스쿠터 | 욕창예방방석 | 욕창예방매트리스 | 이동식전동리프트 | 수동휠체어","충남 공주시 무령로 264","충남 공주시 중동 4-10","32562","공주시","127.128972111123","36.4558003187192","ROAD_ADDR","A","충청남도 공주시 무령로 264 (중동)","1"
"44","충청남도","10","한빛의수족보조기","충청남도 천안시 동남구 천안여상로 19, 1층 (봉명동, 모아문구)","041-592-0222","의지·보조기(교정형신발 등) | 전동휠체어(가군, 나군) | 의료용 스쿠터 | 욕창예방방석 | 욕창예방매트리스 | 수동휠체어","충남 천안시 동남구 천안여상로 19","충남 천안시 동남구 봉명동 215-24","31151","천안시 동남구","127.134413303414","36.8044828467463","ROAD_ADDR","A","충청남도 천안시 동남구 천안여상로 19, 1층 (봉명동, 모아문구)","1"
"44","충청남도","9","행복의료기","충청남도 홍성군 홍성천길 242, A-4동 6호 (홍성읍, 홍성전통시장 어물전)","010-6273-7221","전동휠체어(가군, 나군) | 의료용 스쿠터 | 욕창예방방석 | 욕창예방매트리스 | 이동식전동리프트 | 수동휠체어","충남 홍성군 홍성읍 홍성천길 242","충남 홍성군 홍성읍 대교리 400-1","32221","홍성군","126.668023968774","36.6021818057184","ROAD_ADDR","A","충청남도 홍성군 홍성천길 242, A-4동 6호 (홍성읍, 홍성전통시장 어물전)","1"
"44","충청남도","8","행복이음의료기","충청남도 금산군 금산로 1468 (금산읍, 하나로텔레콤)","041-751-8222","전동휠체어(가군, 나군) | 의료용 스쿠터 | 욕창예방방석 | 욕창예방매트리스 | 이동식전동리프트 | 수동휠체어","충남 금산군 금산읍 금산로 1468","충남 금산군 금산읍 상리 180-2","32738","금산군","127.489262866546","36.104780726168","ROAD_ADDR","A","충청남도 금산군 금산로 1468 (금산읍, 하나로텔레콤)","1"
"44","충청남도","7","현대의료기","충청남도 천안시 서북구 다가말3길 16 (쌍용동, 현대의료기)","041-573-8114","전동휠체어(가군, 나군) | 의료용 스쿠터 | 욕창예방방석 | 욕창예방매트리스 | 수동휠체어","충남 천안시 서북구 다가말3길 16","충남 천안시 서북구 쌍용동 541-4","31181","천안시 서북구","127.13239844693","36.7977515477874","ROAD_ADDR","A","충청남도 천안시 서북구 다가말3길 16 (쌍용동, 현대의료기)","1"
"44","충청남도","6","혜승의료기","충청남도 논산시 중앙로384번길 35-6, C동 101호 (취암동)","041-735-3298","전동휠체어(가군, 나군) | 의료용 스쿠터 | 수동휠체어","충남 논산시 중앙로384번길 35-6","충남 논산시 취암동 1066-6","32974","논산시","127.092982459853","36.2008740772659","ROAD_ADDR","A","충청남도 논산시 중앙로384번길 35-6, C동 101호 (취암동)","1"
"44","충청남도","5","호야의료기","충청남도 홍성군 의사로 42 (홍성읍)","010-9061-5378","전동휠체어(가군, 나군) | 의료용 스쿠터 | 욕창예방방석 | 욕창예방매트리스 | 이동식전동리프트 | 전방보행차 | 수동휠체어","충남 홍성군 홍성읍 의사로 42","충남 홍성군 홍성읍 대교리 392-10","32219","홍성군","126.67132074842","36.601167520338","ROAD_ADDR","A","충청남도 홍성군 의사로 42 (홍성읍)","1"
"44","충청남도","4","홍성의료기상사","충청남도 홍성군 조양로 225 (홍성읍)","041-634-6767","전동휠체어(가군, 나군) | 의료용 스쿠터 | 수동휠체어","충남 홍성군 홍성읍 조양로 225","충남 홍성군 홍성읍 고암리 1016","32220","홍성군","126.674708675383","36.6000382266506","ROAD_ADDR","A","충청남도 홍성군 조양로 225 (홍성읍)","1"
"44","충청남도","3","효심 복지용구 보장구판매대여","충청남도 서산시 석림4로 54, 1층 102호 (석림동, 힐타운)","010-2780-3129","전동휠체어(가군, 나군) | 의료용 스쿠터 | 욕창예방매트리스","충남 서산시 석림4로 54","충남 서산시 석림동 499-7","32003","서산시","126.466520014276","36.7716431915785","ROAD_ADDR","A","충청남도 서산시 석림4로 54, 1층 102호 (석림동, 힐타운)","1"
"44","충청남도","2","희망메디칼","충청남도 천안시 서북구 미라15길 19, 102호 (쌍용동, 현부동산)","041-562-1210","전동휠체어(가군, 나군) | 의료용 스쿠터 | 욕창예방방석 | 욕창예방매트리스 | 이동식전동리프트 | 수동휠체어","충남 천안시 서북구 미라15길 19","충남 천안시 서북구 쌍용동 884","31155","천안시 서북구","127.131307645743","36.8071987510629","ROAD_ADDR","A","충청남도 천안시 서북구 미라15길 19, 102호 (쌍용동, 현부동산)","1"
"44","충청남도","1","희망의료기","충청남도 천안시 동남구 차돌로 91, 1층 (봉명동, 민성사)","010-9400-4907","전동휠체어(가군, 나군) | 의료용 스쿠터 | 욕창예방방석 | 욕창예방매트리스 | 이동식전동리프트 | 전방보행차 | 후방보행차 | 수동휠체어","충남 천안시 동남구 차돌로 91","충남 천안시 동남구 봉명동 34-13","31153","천안시 동남구","127.140144604922","36.8026157064038","ROAD_ADDR","A","충청남도 천안시 동남구 차돌로 91, 1층 (봉명동, 민성사)","1"
"47","경상북도","150","(사)한뇌협 김천전동스쿠터판매수리센터","경상북도 김천시 지좌강변길 11 (지좌동)","054-432-8668","전동휠체어(가군, 나군) | 의료용 스쿠터","경북 김천시 지좌강변길 11","경북 김천시 지좌동 765-2","39652","김천시","128.131542691902","36.1180198141851","ROAD_ADDR","A","경상북도 김천시 지좌강변길 11 (지좌동)","1"
"47","경상북도","149","(주)영주헬스산업","경상북도 영주시 구성로 321, 1층 (영주동)","054-636-7515","전동휠체어(가군, 나군) | 의료용 스쿠터 | 보청기 | 욕창예방방석 | 욕창예방매트리스 | 이동식전동리프트 | 전방보행차 | 후방보행차 | 수동휠체어 | 의안","경북 영주시 구성로 321","경북 영주시 영주동 586","36100","영주시","128.625349651374","36.8210573901088","ROAD_ADDR","A","경상북도 영주시 구성로 321, 1층 (영주동)","1"
"47","경상북도","148","(주)한독의료기","경상북도 문경시 당교11길 5 (모전동)","054-555-9889","전동휠체어(가군, 나군) | 의료용 스쿠터 | 보청기 | 욕창예방방석 | 욕창예방매트리스 | 이동식전동리프트 | 전방보행차 | 후방보행차 | 수동휠체어","경북 문경시 당교11길 5","경북 문경시 모전동 1245","36986","문경시","128.189931145883","36.5850798972876","ROAD_ADDR","A","경상북도 문경시 당교11길 5 (모전동)","1"
"47","경상북도","147","100세동안영주점","경상북도 영주시 영주로 184 (영주동, 백세동안)","054-633-5009","전동휠체어(가군, 나군) | 의료용 스쿠터","경북 영주시 영주로 184","경북 영주시 영주동 547","36096","영주시","128.619832656502","36.8260961581559","ROAD_ADDR","A","경상북도 영주시 영주로 184 (영주동, 백세동안)","1"
"47","경상북도","146","100세의료기","경상북도 상주시 상산로 77, 1층 (신봉동)","054-534-5119","전동휠체어(가군, 나군) | 의료용 스쿠터 | 욕창예방방석 | 욕창예방매트리스 | 수동휠체어","경북 상주시 상산로 77","경북 상주시 신봉동 289-3","37206","상주시","128.157909472958","36.3981748388855","ROAD_ADDR","A","경상북도 상주시 상산로 77, 1층 (신봉동)","1"
"47","경상북도","145","HB 메디칼","경상북도 청도군 청도신기길 13 (청도읍)","010-3337-8841","전동휠체어(가군, 나군) | 의료용 스쿠터 | 욕창예방방석 | 욕창예방매트리스 | 이동식전동리프트 | 전방보행차 | 수동휠체어","경북 청도군 청도읍 청도신기길 13","경북 청도군 청도읍 고수리 702-7","38338","청도군","128.744094718471","35.6440968307877","ROAD_ADDR","A","경상북도 청도군 청도신기길 13 (청도읍)","1"
"47","경상북도","144","MS보조기의료기","경상북도 구미시 구미중앙로 37 (원평동)","054-455-5433","의지·보조기(교정형신발 등) | 전동휠체어(가군, 나군) | 의료용 스쿠터 | 수동휠체어","경북 구미시 구미중앙로 37","경북 구미시 원평동 60-41","39221","구미시","128.327324154942","36.1307463639397","ROAD_ADDR","A","경상북도 구미시 구미중앙로 37 (원평동)","1"
"47","경상북도","143","경북 굴렁쇠 사랑","경상북도 안동시 은행나무로 106-3, 107호 (옥동, 옥동주공임대아파트)","010-8252-0399","전동휠체어(가군, 나군) | 의료용 스쿠터 | 욕창예방방석 | 욕창예방매트리스 | 이동식전동리프트 | 전방보행차 | 후방보행차 | 수동휠체어","경북 안동시 은행나무로 106-3","경북 안동시 옥동 974","36639","안동시","128.697075580868","36.5681226069416","ROAD_ADDR","A","경상북도 안동시 은행나무로 106-3, 107호 (옥동, 옥동주공임대아파트)","1"
"47","경상북도","142","경북 청우메디칼","경상북도 구미시 구미대로26길 19-11 , 201호 (신평동)","054-462-7012","전동휠체어(가군, 나군) | 의료용 스쿠터 | 욕창예방방석 | 욕창예방매트리스 | 전방보행차 | 수동휠체어","경북 구미시 구미대로26길 19-11","경북 구미시 신평동 360-8","39254","구미시","128.365037822689","36.116146128717","ROAD_ADDR","A","경상북도 구미시 구미대로26길 19-11 , 201호 (신평동)","1"
"47","경상북도","141","경북메디칼","경상북도 영천시 상록2길 6 (야사동)","054-331-3185","전동휠체어(가군, 나군) | 의료용 스쿠터 | 수동휠체어","경북 영천시 상록2길 6","경북 영천시 야사동 170-1","38858","영천시","128.94328946781","35.9733476515705","ROAD_ADDR","A","경상북도 영천시 상록2길 6 (야사동)","1"
"47","경상북도","140","경북복지용구사업소","경상북도 문경시 점촌1길 14-1 (점촌동)","054-554-7708","전동휠체어(가군, 나군) | 의료용 스쿠터 | 수동휠체어","경북 문경시 점촌1길 14-1","경북 문경시 점촌동 235-7","36971","문경시","128.198299919406","36.5962337761253","ROAD_ADDR","A","경상북도 문경시 점촌1길 14-1 (점촌동)","1"
"47","경상북도","139","경북의료기","경상북도 상주시 상산로 331 (무양동)","054-535-8089","전동휠체어(가군, 나군) | 의료용 스쿠터 | 보청기 | 욕창예방방석 | 욕창예방매트리스 | 수동휠체어","경북 상주시 상산로 331","경북 상주시 무양동 248","37180","상주시","128.158910099899","36.4203814527608","ROAD_ADDR","A","경상북도 상주시 상산로 331 (무양동)","1"
"47","경상북도","138","경북의료기","경상북도 구미시 신시로10길 7-1 (송정동)","054-455-0090","전동휠체어(가군, 나군) | 의료용 스쿠터 | 욕창예방방석 | 욕창예방매트리스 | 전방보행차 | 수동휠체어","경북 구미시 신시로10길 7-1","경북 구미시 송정동 464-6","39287","구미시","128.339872796491","36.1149210371544","ROAD_ADDR","A","경상북도 구미시 신시로10길 7-1 (송정동)","1"
"47","경상북도","137","경북의료기","경상북도 예천군 시장로 132 (예천읍)","054-6552-2025","전동휠체어(가군, 나군) | 의료용 스쿠터 | 보청기 | 욕창예방방석 | 욕창예방매트리스 | 전방보행차 | 후방보행차 | 수동휠체어","경북 예천군 예천읍 시장로 132","경북 예천군 예천읍 동본리 495-7","36820","예천군","128.458437726188","36.6572342557054","ROAD_ADDR","A","경상북도 예천군 시장로 132 (예천읍)","1"
"47","경상북도","136","경북의료기상사","경상북도 포항시 북구 중앙로 429 (우현동)","054-244-5556","전동휠체어(가군, 나군) | 의료용 스쿠터 | 보청기","경북 포항시 북구 중앙로 429","경북 포항시 북구 우현동 90-1","37701","포항시 북구","129.361896023484","36.0502697901745","ROAD_ADDR","A","경상북도 포항시 북구 중앙로 429 (우현동)","1"
"47","경상북도","135","경산휠체어","경상북도 경산시 중방로 21 (중방동)","070-8272-0793","전동휠체어(가군, 나군) | 의료용 스쿠터 | 욕창예방방석 | 욕창예방매트리스 | 이동식전동리프트 | 전방보행차 | 후방보행차 | 수동휠체어","경북 경산시 중방로 21","경북 경산시 중방동 826-4","38612","경산시","128.736593432801","35.8304394714305","ROAD_ADDR","A","경상북도 경산시 중방로 21 (중방동)","1"
"47","경상북도","134","경주의료기","경상북도 경주시 봉황로 49 (노서동)","054-772-6629","전동휠체어(가군, 나군) | 의료용 스쿠터 | 보청기 | 욕창예방방석 | 욕창예방매트리스 | 수동휠체어","경북 경주시 봉황로 49","경북 경주시 노서동 4","38155","경주시","129.20993551787","35.843958689297","ROAD_ADDR","A","경상북도 경주시 봉황로 49 (노서동)","1"
"47","경상북도","133","김천복지용구센터","경상북도 김천시 모암길 21 (모암동)","054-436-0639","전동휠체어(가군, 나군) | 의료용 스쿠터 | 욕창예방방석 | 욕창예방매트리스 | 이동식전동리프트 | 전방보행차 | 수동휠체어","경북 김천시 모암길 21","경북 김천시 모암동 132-52","39589","김천시","128.126792041417","36.1216164365591","ROAD_ADDR","A","경상북도 김천시 모암길 21 (모암동)","1"
"47","경상북도","132","김천의료기보청기","경상북도 김천시 자산로 126 (성내동)","054-434-4363","전동휠체어(가군, 나군) | 의료용 스쿠터 | 보청기 | 욕창예방방석 | 욕창예방매트리스 | 이동식전동리프트 | 전방보행차 | 후방보행차 | 수동휠체어","경북 김천시 자산로 126","경북 김천시 성내동 40-12","39586","김천시","128.118735646196","36.121796307268","ROAD_ADDR","A","경상북도 김천시 자산로 126 (성내동)","1"
"47","경상북도","131","나눔복지용구","경상북도 김천시 양금로 227 2층 (황금동)","054-439-8987","전동휠체어(가군, 나군) | 의료용 스쿠터 | 욕창예방방석 | 욕창예방매트리스 | 이동식전동리프트 | 전방보행차 | 후방보행차 | 수동휠체어","경북 김천시 양금로 227","경북 김천시 황금동 102-5","39616","김천시","128.123593334395","36.1145613634195","ROAD_ADDR","A","경상북도 김천시 양금로 227 2층 (황금동)","1"
"47","경상북도","130","다올메디칼","경상북도 경산시 남매로4길 13-12, 103동 1층 107호 (상방동, 태성아파트)","053-270-1004","전동휠체어(가군, 나군) | 의료용 스쿠터 | 욕창예방방석 | 욕창예방매트리스 | 이동식전동리프트 | 전방보행차 | 후방보행차 | 수동휠체어","경북 경산시 남매로4길 13-12","경북 경산시 상방동 130","38638","경산시","128.742641901512","35.8127912540989","ROAD_ADDR","A","경상북도 경산시 남매로4길 13-12, 103동 1층 107호 (상방동, 태성아파트)","1"
"47","경상북도","129","대경메디칼","경상북도 경산시 하양읍 대학로 1543 (A동2층23호)","053-857-5051","전동휠체어(가군, 나군) | 의료용 스쿠터","경북 경산시 하양읍 대학로 1543","경북 경산시 하양읍 금락리 35-6","38434","경산시","128.819252706709","35.9156321974668","ROAD_ADDR","A","경상북도 경산시 하양읍 대학로 1543 (A동2층23호)","1"
"47","경상북도","128","대경의료기","경상북도 칠곡군 석전로 6-1 (왜관읍)","054-971-9200","전동휠체어(가군, 나군) | 의료용 스쿠터 | 욕창예방방석 | 욕창예방매트리스 | 이동식전동리프트 | 전방보행차 | 후방보행차 | 수동휠체어","경북 칠곡군 왜관읍 석전로 6-1","경북 칠곡군 왜관읍 왜관리 190-12","39887","칠곡군","128.399758727379","35.9961750436514","ROAD_ADDR","A","경상북도 칠곡군 석전로 6-1 (왜관읍)","1"
"47","경상북도","127","대동과학의료기상사","경상북도 김천시 용암로 1 (모암동)","054-432-4713","전동휠체어(가군, 나군) | 의료용 스쿠터 | 보청기 | 수동휠체어","경북 김천시 용암로 1","경북 김천시 모암동 141-4","39589","김천시","128.127063365938","36.1198194902539","ROAD_ADDR","A","경상북도 김천시 용암로 1 (모암동)","1"
"47","경상북도","126","대성의료기","경상북도 영주시 영주로215번길 7-5, 1층 (영주동)","054-634-7455","전동휠체어(가군, 나군) | 의료용 스쿠터 | 전방보행차 | 후방보행차 | 수동휠체어","경북 영주시 영주로215번길 7-5","경북 영주시 영주동 336-34","36077","영주시","128.622939790756","36.8262878597366","ROAD_ADDR","A","경상북도 영주시 영주로215번길 7-5, 1층 (영주동)","1"
"47","경상북도","125","동국의료기","경상북도 경주시 동대로 87 (석장동)","054-749-9950","전동휠체어(가군, 나군) | 의료용 스쿠터 | 욕창예방방석 | 욕창예방매트리스 | 수동휠체어","경북 경주시 동대로 87","경북 경주시 석장동 1090-1","38067","경주시","129.192877172776","35.8585036441744","ROAD_ADDR","A","경상북도 경주시 동대로 87 (석장동)","1"
"47","경상북도","124","동방의료기","경상북도 김천시 모암길 15 (모암동)","054-435-9960","전동휠체어(가군, 나군) | 의료용 스쿠터 | 수동휠체어","경북 김천시 모암길 15","경북 김천시 모암동 132-53","39589","김천시","128.126832817124","36.1214462740833","ROAD_ADDR","A","경상북도 김천시 모암길 15 (모암동)","1"
"47","경상북도","123","동산보청기 의료기","경상북도 포항시 북구 대신로 40 (대신동)","054-246-2558","전동휠체어(가군, 나군) | 의료용 스쿠터 | 보청기 | 욕창예방방석 | 욕창예방매트리스 | 이동식전동리프트 | 전방보행차 | 후방보행차 | 수동휠체어","경북 포항시 북구 대신로 40","경북 포항시 북구 대신동 68-38","37723","포항시 북구","129.368137291159","36.0477474526707","ROAD_ADDR","A","경상북도 포항시 북구 대신로 40 (대신동)","1"
"47","경상북도","122","동성보조기의료기","경상북도 포항시 북구 용당로 88 (대흥동)","054-247-7410","의지·보조기(교정형신발 등) | 전동휠체어(가군, 나군) | 의료용 스쿠터 | 보청기 | 욕창예방방석 | 욕창예방매트리스 | 전방보행차 | 후방보행차 | 수동휠체어","경북 포항시 북구 용당로 88","경북 포항시 북구 대흥동 619-40","37742","포항시 북구","129.361428040478","36.0351124696201","ROAD_ADDR","A","경상북도 포항시 북구 용당로 88 (대흥동)","1"
"47","경상북도","121","동아의료보조기.보청기","경상북도 안동시 서동문로 68-1 (당북동)","054-858-3334","의지·보조기(교정형신발 등) | 전동휠체어(가군, 나군) | 의료용 스쿠터 | 보청기 | 자세보조용구 | 욕창예방방석 | 욕창예방매트리스 | 이동식전동리프트 | 전방보행차 | 후방보행차 | 수동휠체어","경북 안동시 서동문로 68-1","경북 안동시 당북동 110-6","36670","안동시","128.719369530789","36.5664640639315","ROAD_ADDR","A","경상북도 안동시 서동문로 68-1 (당북동)","1"
"47","경상북도","120","동양의료기상사","경상북도 영덕군 영덕읍 덕곡길 109","054-734-5524","전동휠체어(가군, 나군) | 의료용 스쿠터 | 보청기 | 욕창예방방석 | 욕창예방매트리스 | 전방보행차 | 수동휠체어","경북 영덕군 영덕읍 덕곡길 109","경북 영덕군 영덕읍 남석리 102-4","36434","영덕군","129.367602301947","36.4122374968351","ROAD_ADDR","A","경상북도 영덕군 영덕읍 덕곡길 109","1"
"47","경상북도","119","동양의료보조기,보청기","경상북도 문경시 중앙로 68-1 (점촌동)","054-553-7127","의지·보조기(교정형신발 등) | 전동휠체어(가군, 나군) | 의료용 스쿠터 | 보청기","경북 문경시 중앙로 68-1","경북 문경시 점촌동 180-12","36949","문경시","128.196552839084","36.591798430843","ROAD_ADDR","A","경상북도 문경시 중앙로 68-1 (점촌동)","1"
"47","경상북도","118","동행전동보조기기","경상북도 포항시 남구 중앙로 136 (해도동)","010-3529-0160","전동휠체어(가군, 나군) | 의료용 스쿠터 | 수동휠체어","경북 포항시 남구 중앙로 136","경북 포항시 남구 해도동 412-4","37789","포항시 남구","129.368224434539","36.0252895614883","ROAD_ADDR","A","경상북도 포항시 남구 중앙로 136 (해도동)","1"
"47","경상북도","117","두리메디칼","경상북도 상주시 경상대로 2801, 1층 (신봉동)","054-532-1764","전동휠체어(가군, 나군) | 의료용 스쿠터 | 욕창예방방석 | 욕창예방매트리스 | 이동식전동리프트 | 수동휠체어","경북 상주시 경상대로 2801","경북 상주시 신봉동 548-4","37204","상주시","128.150465701811","36.397298984569","ROAD_ADDR","A","경상북도 상주시 경상대로 2801, 1층 (신봉동)","1"
"47","경상북도","116","디엔에이모터사이클","경상북도 울진군 울진읍 울진중앙로 41-5 (울진읍)","","전동휠체어(가군, 나군) | 의료용 스쿠터 | 욕창예방방석 | 욕창예방매트리스 | 이동식전동리프트 | 전방보행차 | 후방보행차 | 수동휠체어","경북 울진군 울진읍 울진중앙로 41-5","경북 울진군 울진읍 읍내리 215-2","36326","울진군","129.397473882642","36.9858335696561","ROAD_ADDR","A","경상북도 울진군 울진읍 울진중앙로 41-5 (울진읍)","1"
"47","경상북도","115","메디카","경상북도 안동시 중앙시장길 55, 1층 (광석동)","070-4353-0823","전동휠체어(가군, 나군) | 의료용 스쿠터 | 수동휠체어","경북 안동시 중앙시장길 55","경북 안동시 광석동 259-40","36697","안동시","128.724382637595","36.5659792403085","ROAD_ADDR","A","경상북도 안동시 중앙시장길 55, 1층 (광석동)","1"
"47","경상북도","114","명성의료기","경상북도 구미시 금오산로 39-1, 1층 (원평동)","054-451-4456","전동휠체어(가군, 나군) | 의료용 스쿠터 | 보청기 | 욕창예방방석 | 욕창예방매트리스 | 이동식전동리프트 | 전방보행차 | 후방보행차 | 수동휠체어","경북 구미시 금오산로 39-1","경북 구미시 원평동 964-262","39224","구미시","128.338270749687","36.1285518345439","ROAD_ADDR","A","경상북도 구미시 금오산로 39-1, 1층 (원평동)","1"
"47","경상북도","113","명품의료기","경상북도 상주시 동수1길 7 (무양동)","054-536-0821","전동휠체어(가군, 나군) | 의료용 스쿠터 | 보청기 | 욕창예방방석 | 욕창예방매트리스 | 이동식전동리프트 | 수동휠체어","경북 상주시 동수1길 7","경북 상주시 무양동 273-3","37182","상주시","128.151725074614","36.4197535157936","ROAD_ADDR","A","경상북도 상주시 동수1길 7 (무양동)","1"
"47","경상북도","112","명품의료기","경상북도 구미시 남문로 23 (선산읍)","054-482-5331","전동휠체어(가군, 나군) | 의료용 스쿠터 | 보청기 | 욕창예방방석 | 욕창예방매트리스 | 이동식전동리프트 | 수동휠체어","경북 구미시 선산읍 남문로 23","경북 구미시 선산읍 완전리 251-5","39127","구미시","128.301752169682","36.2396806478744","ROAD_ADDR","A","경상북도 구미시 남문로 23 (선산읍)","1"
"47","경상북도","111","미래 현 컴퍼니","경상북도 안동시 광명로 212-10, 4층 (옥동, 금잔디어린이집)","054-843-8061","전동휠체어(가군, 나군) | 의료용 스쿠터 | 욕창예방방석 | 욕창예방매트리스 | 수동휠체어","경북 안동시 광명로 212-10","경북 안동시 옥동 619-12","36665","안동시","128.705968388938","36.5631819826324","ROAD_ADDR","A","경상북도 안동시 광명로 212-10, 4층 (옥동, 금잔디어린이집)","1"
"47","경상북도","110","미래의료기","경상북도 포항시 남구 중섬로 89, 1층 (상도동, 상도신성펠리스)","054-282-2554","전동휠체어(가군, 나군) | 의료용 스쿠터 | 욕창예방방석 | 욕창예방매트리스 | 이동식전동리프트 | 전방보행차 | 후방보행차 | 수동휠체어","경북 포항시 남구 중섬로 89","경북 포항시 남구 상도동 630-3","37768","포항시 남구","129.354243075522","36.0120703569764","ROAD_ADDR","A","경상북도 포항시 남구 중섬로 89, 1층 (상도동, 상도신성펠리스)","1"
"47","경상북도","109","봉화의료용품전문점","경상북도 봉화군 봉화로 1129 (봉화읍)","054-673-9388","전동휠체어(가군, 나군) | 의료용 스쿠터 | 수동휠체어","경북 봉화군 봉화읍 봉화로 1129","경북 봉화군 봉화읍 내성리 426-41","36239","봉화군","128.73344280753","36.8912114079274","ROAD_ADDR","A","경상북도 봉화군 봉화로 1129 (봉화읍)","1"
"47","경상북도","108","봉화종합의료기","경상북도 봉화군 내성로1길 51-1 (봉화읍)","054-672-4123","전동휠체어(가군, 나군) | 의료용 스쿠터 | 보청기 | 수동휠체어","경북 봉화군 봉화읍 내성로1길 51-1","경북 봉화군 봉화읍 내성리 232-1","36238","봉화군","128.739435289417","36.8903360840396","ROAD_ADDR","A","경상북도 봉화군 내성로1길 51-1 (봉화읍)","1"
"47","경상북도","107","부림복지용구","경상북도 포항시 남구 송림로80번길 4, 1층 (송도동)","054-293-3088","전동휠체어(가군, 나군) | 의료용 스쿠터 | 욕창예방방석 | 욕창예방매트리스 | 수동휠체어","경북 포항시 남구 송림로80번길 4","경북 포항시 남구 송도동 417-40","37733","포항시 남구","129.375112111944","36.0367653032628","ROAD_ADDR","A","경상북도 포항시 남구 송림로80번길 4, 1층 (송도동)","1"
"47","경상북도","106","삼백의료기","경상북도 상주시 중앙로 160 (남성동)","054-536-4562","전동휠체어(가군, 나군) | 의료용 스쿠터 | 보청기 | 욕창예방방석 | 욕창예방매트리스 | 이동식전동리프트 | 수동휠체어","경북 상주시 중앙로 160","경북 상주시 남성동 36-14","37199","상주시","128.155757342764","36.4155173317086","ROAD_ADDR","A","경상북도 상주시 중앙로 160 (남성동)","1"
"47","경상북도","105","삼성의료기","경상북도 포항시 북구 용흥로 22 (용흥동)","054-248-3966","전동휠체어(가군, 나군) | 의료용 스쿠터 | 보청기 | 욕창예방방석 | 전방보행차 | 수동휠체어","경북 포항시 북구 용흥로 22","경북 포항시 북구 용흥동 124-1","37688","포항시 북구","129.356985462703","36.0330633124355","ROAD_ADDR","A","경상북도 포항시 북구 용흥로 22 (용흥동)","1"
"47","경상북도","104","삼성의료기","경상북도 문경시 신흥로 173, 1동 1층 101호 (점촌동, 우진행복아파트)","054-556-2466","전동휠체어(가군, 나군) | 의료용 스쿠터 | 수동휠체어","경북 문경시 신흥로 173","경북 문경시 점촌동 159-4","36968","문경시","128.202627805345","36.5965970191555","ROAD_ADDR","A","경상북도 문경시 신흥로 173, 1동 1층 101호 (점촌동, 우진행복아파트)","1"
"47","경상북도","103","삼성의료기","경상북도 영주시 구성로 377, 1층 (영주동)","054-917-2224","전동휠체어(가군, 나군) | 의료용 스쿠터 | 전방보행차 | 후방보행차 | 수동휠체어","경북 영주시 구성로 377","경북 영주시 영주동 504-7","36096","영주시","128.62096941673","36.8247450106933","ROAD_ADDR","A","경상북도 영주시 구성로 377, 1층 (영주동)","1"
"47","경상북도","102","삼성의료기","경상북도 예천군 시장로 119 (예천읍)","054-655-4222","전동휠체어(가군, 나군) | 의료용 스쿠터 | 보청기 | 욕창예방방석 | 욕창예방매트리스 | 수동휠체어","경북 예천군 예천읍 시장로 119","경북 예천군 예천읍 동본리 519-1","36820","예천군","128.456949923871","36.6571177604426","ROAD_ADDR","A","경상북도 예천군 시장로 119 (예천읍)","1"
"47","경상북도","101","삼성종합의료기","경상북도 상주시 상산로 333 (무양동)","054-534-0987","전동휠체어(가군, 나군) | 의료용 스쿠터 | 보청기 | 욕창예방방석 | 욕창예방매트리스 | 이동식전동리프트 | 수동휠체어","경북 상주시 상산로 333","경북 상주시 무양동 246-6","37180","상주시","128.158833408888","36.4205778293181","ROAD_ADDR","A","경상북도 상주시 상산로 333 (무양동)","1"
"47","경상북도","100","삼성현재가장기요양센터","경상북도 경산시 경안로39길 3, 1층 (중방동)","053-801-1477","전동휠체어(가군, 나군) | 의료용 스쿠터 | 욕창예방방석 | 욕창예방매트리스 | 전방보행차 | 수동휠체어","경북 경산시 경안로39길 3","경북 경산시 중방동 862-14","38622","경산시","128.736686794041","35.8246040372436","ROAD_ADDR","A","경상북도 경산시 경안로39길 3, 1층 (중방동)","1"
"47","경상북도","99","상주실버의료기","경상북도 상주시 냉림2길 111, 7701동 103호 (냉림동, 냉림3,4주공아파트)","010-8753-3005","전동휠체어(가군, 나군) | 의료용 스쿠터 | 욕창예방방석 | 욕창예방매트리스 | 이동식전동리프트 | 수동휠체어","경북 상주시 냉림2길 111","경북 상주시 냉림동 78","37177","상주시","128.164636280673","36.4222038362876","ROAD_ADDR","A","경상북도 상주시 냉림2길 111, 7701동 103호 (냉림동, 냉림3,4주공아파트)","1"
"47","경상북도","98","상주의료기상사","경상북도 상주시 상산로 326, 2층 (냉림동)","054-536-2346","전동휠체어(가군, 나군) | 의료용 스쿠터 | 보청기 | 욕창예방방석 | 욕창예방매트리스 | 수동휠체어","경북 상주시 상산로 326","경북 상주시 냉림동 351-5","37179","상주시","128.159292973858","36.4200208939751","ROAD_ADDR","A","경상북도 상주시 상산로 326, 2층 (냉림동)","1"
"47","경상북도","97","선린의료기상사","경상북도 포항시 북구 대신로 47 (대신동)","054-248-5089","전동휠체어(가군, 나군) | 의료용 스쿠터 | 보청기 | 욕창예방방석 | 욕창예방매트리스 | 이동식전동리프트 | 전방보행차 | 후방보행차 | 수동휠체어","경북 포항시 북구 대신로 47","경북 포항시 북구 대신동 69-15","37725","포항시 북구","129.367495102461","36.0484760676696","ROAD_ADDR","A","경상북도 포항시 북구 대신로 47 (대신동)","1"
"47","경상북도","96","선비의료기","경상북도 안동시 대안로 115, 1층 (대석동)","010-8256-3971","전동휠체어(가군, 나군) | 의료용 스쿠터 | 수동휠체어","경북 안동시 대안로 115","경북 안동시 대석동 275-1","36696","안동시","128.725449181401","36.5654693205987","ROAD_ADDR","A","경상북도 안동시 대안로 115, 1층 (대석동)","1"
"47","경상북도","95","성광종합의료기","경상북도 의성군 중앙길 27 (의성읍)","054-832-9779","전동휠체어(가군, 나군) | 의료용 스쿠터 | 보청기","경북 의성군 의성읍 중앙길 27","경북 의성군 의성읍 도서리 165-3","37343","의성군","128.697626136231","36.3467838081426","ROAD_ADDR","A","경상북도 의성군 중앙길 27 (의성읍)","1"
"47","경상북도","94","성주의료기상사","경상북도 성주군 시장길 5-2 (성주읍)","054-933-3155","전동휠체어(가군, 나군) | 의료용 스쿠터 | 보청기 | 욕창예방방석 | 욕창예방매트리스 | 이동식전동리프트 | 수동휠체어","경북 성주군 성주읍 시장길 5-2","경북 성주군 성주읍 경산리 687-4","40028","성주군","128.286529111201","35.9176549618691","ROAD_ADDR","A","경상북도 성주군 시장길 5-2 (성주읍)","1"
"47","경상북도","93","성진의료기상사","경상북도 구미시 들성로15길 11, 102호 (고아읍, 아승상가)","054-458-5085","전동휠체어(가군, 나군) | 의료용 스쿠터 | 욕창예방방석 | 욕창예방매트리스 | 이동식전동리프트 | 전방보행차 | 후방보행차 | 수동휠체어","경북 구미시 고아읍 들성로15길 11","경북 구미시 고아읍 문성리 1345","39146","구미시","128.351960308828","36.1634621398897","ROAD_ADDR","A","경상북도 구미시 들성로15길 11, 102호 (고아읍, 아승상가)","1"
"47","경상북도","92","세종의료기","경상북도 성주군 성주읍3길 12 (성주읍)","054-931-8675","전동휠체어(가군, 나군) | 의료용 스쿠터 | 보청기 | 욕창예방방석 | 전방보행차 | 수동휠체어","경북 성주군 성주읍 성주읍3길 12","경북 성주군 성주읍 경산리 41-3","40029","성주군","128.28731355797","35.9190821237608","ROAD_ADDR","A","경상북도 성주군 성주읍3길 12 (성주읍)","1"
"47","경상북도","91","소망의료기","경상북도 구미시 검성로 32-10, 103호 (인의동)","054-473-9925","전동휠체어(가군, 나군) | 의료용 스쿠터 | 욕창예방방석 | 욕창예방매트리스 | 이동식전동리프트 | 전방보행차 | 후방보행차 | 수동휠체어","경북 구미시 검성로 32-10","경북 구미시 인의동 824","39428","구미시","128.425684247339","36.1134460699664","ROAD_ADDR","A","경상북도 구미시 검성로 32-10, 103호 (인의동)","1"
"47","경상북도","90","소백의료기","경상북도 영주시 지천로 169 (가흥동)","054-636-9969","전동휠체어(가군, 나군) | 의료용 스쿠터 | 수동휠체어","경북 영주시 지천로 169","경북 영주시 가흥동 1454-43","36107","영주시","128.619248318235","36.815392132745","ROAD_ADDR","A","경상북도 영주시 지천로 169 (가흥동)","1"
"47","경상북도","89","솔보조기의료기상사","경상북도 포항시 북구 용당로 86 (대흥동)","054-281-1506","의지·보조기(교정형신발 등) | 전동휠체어(가군, 나군) | 의료용 스쿠터 | 보청기 | 욕창예방방석 | 욕창예방매트리스 | 이동식전동리프트 | 전방보행차 | 후방보행차 | 수동휠체어","경북 포항시 북구 용당로 86","경북 포항시 북구 대흥동 619-50","37742","포항시 북구","129.361214071964","36.0350386596915","ROAD_ADDR","A","경상북도 포항시 북구 용당로 86 (대흥동)","1"
"47","경상북도","88","수메디칼","경상북도 포항시 북구 새천년대로 544 (죽도동)","054-272-0681","전동휠체어(가군, 나군) | 의료용 스쿠터 | 보청기 | 욕창예방방석 | 욕창예방매트리스 | 전방보행차 | 수동휠체어","경북 포항시 북구 새천년대로 544","경북 포항시 북구 죽도동 639-3","37754","포항시 북구","129.351549745469","36.0228917345456","ROAD_ADDR","A","경상북도 포항시 북구 새천년대로 544 (죽도동)","1"
"47","경상북도","87","신기의료기 동경주점","경상북도 경주시 동해안로 466, 나동 1층 (양남면)","054-773-0847","전동휠체어(가군, 나군) | 의료용 스쿠터 | 욕창예방방석 | 욕창예방매트리스 | 이동식전동리프트 | 전방보행차 | 수동휠체어","경북 경주시 양남면 동해안로 466","경북 경주시 양남면 읍천리 408-1","38219","경주시","129.472262477324","35.6844728469451","ROAD_ADDR","A","경상북도 경주시 동해안로 466, 나동 1층 (양남면)","1"
"47","경상북도","86","신기의료기 포항점","경상북도 포항시 남구 중앙로 125 신기의료기, 1층 (해도동)","054-277-2938","전동휠체어(가군, 나군) | 의료용 스쿠터 | 욕창예방방석 | 욕창예방매트리스 | 이동식전동리프트 | 수동휠체어","경북 포항시 남구 중앙로 125","경북 포항시 남구 해도동 415-15","37775","포항시 남구","129.367798419341","36.0243748229934","ROAD_ADDR","A","경상북도 포항시 남구 중앙로 125 신기의료기, 1층 (해도동)","1"
"47","경상북도","85","신비의료기","경상북도 청송군 대전로 173 1층 (부남면)","054-874-9987","전동휠체어(가군, 나군) | 의료용 스쿠터","경북 청송군 부남면 대전로 173","경북 청송군 부남면 감연리 7-10","37443","청송군","129.063015759079","36.3489757470636","ROAD_ADDR","A","경상북도 청송군 대전로 173 1층 (부남면)","1"
"47","경상북도","84","아이휠 구미점","경상북도 구미시 3공단1로 263-26 (임수동)","010-6602-4480","전동휠체어(가군, 나군) | 의료용 스쿠터 | 욕창예방방석 | 욕창예방매트리스 | 이동식전동리프트 | 전방보행차 | 후방보행차 | 수동휠체어","경북 구미시 3공단1로 263-26","경북 구미시 임수동 509-24","39392","구미시","128.401646782348","36.1061276093372","ROAD_ADDR","A","경상북도 구미시 3공단1로 263-26 (임수동)","1"
"47","경상북도","83","안계의료기","경상북도 의성군 용기5길 43 (안계면)","054-862-1766","전동휠체어(가군, 나군) | 의료용 스쿠터","경북 의성군 안계면 용기5길 43","경북 의성군 안계면 용기리 989-3","37313","의성군","128.430326751353","36.3877184976795","ROAD_ADDR","A","경상북도 의성군 용기5길 43 (안계면)","1"
"47","경상북도","82","안동삼성의료기","경상북도 안동시 경동로 829 (용상동, 해성빌딩)","054-843-1471","전동휠체어(가군, 나군) | 의료용 스쿠터 | 수동휠체어","경북 안동시 경동로 829","경북 안동시 용상동 1436-5","36711","안동시","128.7477332312","36.561587480768","ROAD_ADDR","A","경상북도 안동시 경동로 829 (용상동, 해성빌딩)","1"
"47","경상북도","81","안동의료보조기","경상북도 안동시 전거리2길 5, 1층 (용상동)","054-822-9999","전동휠체어(가군, 나군) | 의료용 스쿠터 | 욕창예방방석 | 욕창예방매트리스 | 전방보행차 | 수동휠체어","경북 안동시 전거리2길 5","경북 안동시 용상동 1616-1","36715","안동시","128.744437619322","36.5606370608269","ROAD_ADDR","A","경상북도 안동시 전거리2길 5, 1층 (용상동)","1"
"47","경상북도","80","안동종합 보청기 의료기","경상북도 안동시 서동문로 113 (법상동)","054-841-9999","전동휠체어(가군, 나군) | 의료용 스쿠터 | 보청기 | 욕창예방방석 | 욕창예방매트리스 | 이동식전동리프트 | 전방보행차 | 수동휠체어","경북 안동시 서동문로 113","경북 안동시 법상동 209-1","36690","안동시","128.724304340496","36.5669791634264","ROAD_ADDR","A","경상북도 안동시 서동문로 113 (법상동)","1"
"47","경상북도","79","알톤스포츠구미봉곡점","경상북도 구미시 봉곡로 41-1 (봉곡동)","054-444-1945","전동휠체어(가군, 나군) | 의료용 스쿠터","경북 구미시 봉곡로 41-1","경북 구미시 봉곡동 540-2","39209","구미시","128.309501318133","36.1425073574442","ROAD_ADDR","A","경상북도 구미시 봉곡로 41-1 (봉곡동)","1"
"47","경상북도","78","어르신이행복한세상경북북부지사","경상북도 안동시 대안로 190 (운흥동)","054-859-9119","전동휠체어(가군, 나군) | 의료용 스쿠터 | 보청기 | 욕창예방방석 | 욕창예방매트리스 | 이동식전동리프트 | 수동휠체어","경북 안동시 대안로 190","경북 안동시 운흥동 187-40","36705","안동시","128.733571956841","36.5636464393187","ROAD_ADDR","A","경상북도 안동시 대안로 190 (운흥동)","1"
"47","경상북도","77","연세의료기","경상북도 영주시 풍기로 47-3, 1층 (풍기읍, 풍기호텔신라관)","010-4534-8800","전동휠체어(가군, 나군) | 의료용 스쿠터 | 수동휠체어","경북 영주시 풍기읍 풍기로 47-3","경북 영주시 풍기읍 성내리 52-1","36028","영주시","128.524560834534","36.8693624990012","ROAD_ADDR","A","경상북도 영주시 풍기로 47-3, 1층 (풍기읍, 풍기호텔신라관)","1"
"47","경상북도","76","영남의료기","경상북도 의성군 문소3길 95-2 (의성읍)","054-832-0102","전동휠체어(가군, 나군) | 의료용 스쿠터 | 보청기 | 수동휠체어","경북 의성군 의성읍 문소3길 95-2","경북 의성군 의성읍 후죽리 474-5","37335","의성군","128.694124223534","36.3545046258645","ROAD_ADDR","A","경상북도 의성군 문소3길 95-2 (의성읍)","1"
"47","경상북도","75","영남의료기상사","경상북도 영주시 구성로 333 (영주동, 21세기약국)","054-635-7684","전동휠체어(가군, 나군) | 의료용 스쿠터 | 욕창예방매트리스 | 수동휠체어","경북 영주시 구성로 333","경북 영주시 영주동 536-14","36100","영주시","128.624415334553","36.8219166562912","ROAD_ADDR","A","경상북도 영주시 구성로 333 (영주동, 21세기약국)","1"
"47","경상북도","74","영주의료기","경상북도 영주시 대학로 208, 1층 (가흥동)","054-631-0518","전동휠체어(가군, 나군) | 의료용 스쿠터 | 보청기 | 수동휠체어","경북 영주시 대학로 208","경북 영주시 가흥동 1812-2","36135","영주시","128.606027538748","36.8141503923461","ROAD_ADDR","A","경상북도 영주시 대학로 208, 1층 (가흥동)","1"
"47","경상북도","73","영천 의료기 보청기 상사","경상북도 영천시 시장로 60-1 (완산동)","054-331-3121","전동휠체어(가군, 나군) | 의료용 스쿠터 | 보청기","경북 영천시 시장로 60-1","경북 영천시 완산동 1069-18","38890","영천시","128.936836645031","35.9632307371077","ROAD_ADDR","A","경상북도 영천시 시장로 60-1 (완산동)","1"
"47","경상북도","72","예천의료기","경상북도 예천군 효자로 74-2 (예천읍, 중앙꽃화원)","054-653-7779","전동휠체어(가군, 나군) | 의료용 스쿠터 | 보청기 | 욕창예방방석 | 욕창예방매트리스 | 수동휠체어","경북 예천군 예천읍 효자로 74-2","경북 예천군 예천읍 서본리 51-18","36828","예천군","128.452175240914","36.6561216706711","ROAD_ADDR","A","경상북도 예천군 효자로 74-2 (예천읍, 중앙꽃화원)","1"
"47","경상북도","71","오토랜드, 현대스쿠터","경상북도 포항시 남구 정몽주로 583 (오천읍)","054-291-8881","전동휠체어(가군, 나군) | 의료용 스쿠터 | 이동식전동리프트 | 수동휠체어","경북 포항시 남구 오천읍 정몽주로 583","경북 포항시 남구 오천읍 용덕리 293-3","37909","포항시 남구","129.416016523255","35.970225916915","ROAD_ADDR","A","경상북도 포항시 남구 정몽주로 583 (오천읍)","1"
"47","경상북도","70","옥동의료백화점","경상북도 안동시 경북대로 387 (옥동)","054-843-5533","전동휠체어(가군, 나군) | 의료용 스쿠터 | 욕창예방방석 | 욕창예방매트리스 | 수동휠체어","경북 안동시 경북대로 387","경북 안동시 옥동 773-10","36661","안동시","128.701417959189","36.5639461353944","ROAD_ADDR","A","경상북도 안동시 경북대로 387 (옥동)","1"
"47","경상북도","69","온맘의료기","경상북도 영주시 중앙로 127 (영주동)","054-636-8804","전동휠체어(가군, 나군) | 의료용 스쿠터 | 욕창예방방석 | 욕창예방매트리스 | 수동휠체어","경북 영주시 중앙로 127","경북 영주시 영주동 4-12","36074","영주시","128.625791170644","36.8265851520552","ROAD_ADDR","A","경상북도 영주시 중앙로 127 (영주동)","1"
"47","경상북도","68","와이덱스보청기의료기","경상북도 김천시 자산로 52 (모암동)","054-437-9112","전동휠체어(가군, 나군) | 의료용 스쿠터 | 보청기 | 욕창예방방석 | 욕창예방매트리스 | 이동식전동리프트 | 수동휠체어","경북 김천시 자산로 52","경북 김천시 모암동 135-5","39589","김천시","128.126141960819","36.1197134384031","ROAD_ADDR","A","경상북도 김천시 자산로 52 (모암동)","1"
"47","경상북도","67","와이덱스보청기의료기상사","경상북도 구미시 구미중앙로 144 (원평동, １층)","054-455-9500","전동휠체어(가군, 나군) | 의료용 스쿠터 | 보청기 | 수동휠체어","경북 구미시 구미중앙로 144","경북 구미시 원평동 517-11","39228","구미시","128.337684740345","36.1258909194385","ROAD_ADDR","A","경상북도 구미시 구미중앙로 144 (원평동, １층)","1"
"47","경상북도","66","우리앤의료기(실버엠케어)","경상북도 경산시 성암로 89, 1층 (옥산동)","053-292-6011","전동휠체어(가군, 나군) | 의료용 스쿠터 | 보청기 | 욕창예방방석 | 욕창예방매트리스 | 이동식전동리프트 | 전방보행차 | 후방보행차 | 수동휠체어","경북 경산시 성암로 89","경북 경산시 옥산동 759-13","38676","경산시","128.726969364641","35.8243984161502","ROAD_ADDR","A","경상북도 경산시 성암로 89, 1층 (옥산동)","1"
"47","경상북도","65","우리의료기","경상북도 의성군 용기4길 37 (안계면)","053-424-7755","전동휠체어(가군, 나군) | 의료용 스쿠터","경북 의성군 안계면 용기4길 37","경북 의성군 안계면 용기리 913-6","37312","의성군","128.4349802648","36.3890788272706","ROAD_ADDR","A","경상북도 의성군 용기4길 37 (안계면)","1"
"47","경상북도","64","우리의료기","경상북도 경산시 백양로34길 13 1층 (사동)","053-424-7755","전동휠체어(가군, 나군) | 의료용 스쿠터 | 욕창예방방석 | 욕창예방매트리스 | 이동식전동리프트 | 수동휠체어","경북 경산시 백양로34길 13","경북 경산시 사동 674-8","38605","경산시","128.759099405266","35.8098472913309","ROAD_ADDR","A","경상북도 경산시 백양로34길 13 1층 (사동)","1"
"47","경상북도","63","우리의료기","경상북도 고령군 왕릉로 66 (대가야읍)","054-956-2137","전동휠체어(가군, 나군) | 의료용 스쿠터 | 욕창예방방석 | 욕창예방매트리스 | 이동식전동리프트 | 수동휠체어","경북 고령군 대가야읍 왕릉로 66","경북 고령군 대가야읍 지산리 232-21","40138","고령군","128.264969427041","35.7259456658365","ROAD_ADDR","A","경상북도 고령군 왕릉로 66 (대가야읍)","1"
"47","경상북도","62","이마트24순천향병원점","경상북도 구미시 1공단로 181 (공단동)","054-465-0042","전동휠체어(가군, 나군) | 의료용 스쿠터 | 수동휠체어","","","","","","","","NONE","","2"
"47","경상북도","61","이바이크","경상북도 칠곡군 약목로4길 1 (약목면)","010-3322-2737","전동휠체어(가군, 나군) | 의료용 스쿠터 | 욕창예방방석 | 욕창예방매트리스 | 이동식전동리프트 | 수동휠체어","경북 칠곡군 약목면 약목로4길 1","경북 칠곡군 약목면 복성리 862-10","39825","칠곡군","128.36587755313","36.0339330047362","ROAD_ADDR","A","경상북도 칠곡군 약목로4길 1 (약목면)","1"
"47","경상북도","60","이원E&C","경상북도 구미시 송원동로 77, 1층 (원평동)","02-1522-0904","전동휠체어(가군, 나군) | 의료용 스쿠터 | 수동휠체어","경북 구미시 송원동로 77","경북 구미시 원평동 1071-13","39232","구미시","128.351200613772","36.1234505801124","ROAD_ADDR","A","경상북도 구미시 송원동로 77, 1층 (원평동)","1"
"47","경상북도","59","이원건강의료기","경상북도 상주시 왕산로 264-1 (인봉동)","054-536-2627","전동휠체어(가군, 나군) | 의료용 스쿠터 | 보청기 | 욕창예방방석 | 욕창예방매트리스 | 수동휠체어","경북 상주시 왕산로 264-1","경북 상주시 인봉동 58-45","37190","상주시","128.162911434322","36.4173849952963","ROAD_ADDR","A","경상북도 상주시 왕산로 264-1 (인봉동)","1"
"47","경상북도","58","이원메디샵","경상북도 경산시 경안로 113-1 (삼북동)","053-812-5080","전동휠체어(가군, 나군) | 의료용 스쿠터 | 보청기 | 욕창예방방석 | 욕창예방매트리스 | 이동식전동리프트 | 전방보행차 | 후방보행차 | 수동휠체어","경북 경산시 경안로 113-1","경북 경산시 삼북동 239-1","38641","경산시","128.738164068887","35.8177595992297","ROAD_ADDR","A","경상북도 경산시 경안로 113-1 (삼북동)","1"
"47","경상북도","57","이원의료기문경점","경상북도 문경시 영신로 13-1 (점촌동, 장안)","054-555-2121","전동휠체어(가군, 나군) | 의료용 스쿠터 | 보청기 | 욕창예방방석 | 욕창예방매트리스 | 이동식전동리프트 | 수동휠체어","경북 문경시 영신로 13-1","경북 문경시 점촌동 262-31","36970","문경시","128.200716530619","36.5946418321971","ROAD_ADDR","A","경상북도 문경시 영신로 13-1 (점촌동, 장안)","1"
"47","경상북도","56","일심보조기","경상북도 상주시 중앙로 150 (남성동)","054-535-0690","의지·보조기(교정형신발 등) | 전동휠체어(가군, 나군) | 의료용 스쿠터 | 욕창예방방석 | 욕창예방매트리스 | 이동식전동리프트 | 수동휠체어","경북 상주시 중앙로 150","경북 상주시 남성동 48-7","37199","상주시","128.15484061845","36.4155892800764","ROAD_ADDR","A","경상북도 상주시 중앙로 150 (남성동)","1"
"47","경상북도","55","장수의료기기","경상북도 칠곡군 군청4길 20 장수의료기기 (왜관읍)","054-976-7373","전동휠체어(가군, 나군) | 의료용 스쿠터 | 수동휠체어","경북 칠곡군 왜관읍 군청4길 20","경북 칠곡군 왜관읍 석전리 777-1","39877","칠곡군","128.400926645677","35.9984751109155","ROAD_ADDR","A","경상북도 칠곡군 군청4길 20 장수의료기기 (왜관읍)","1"
"47","경상북도","54","정든어르신복지센터","경상북도 문경시 신흥로 206 (흥덕동)","054-554-9959","전동휠체어(가군, 나군) | 의료용 스쿠터 | 수동휠체어","경북 문경시 신흥로 206","경북 문경시 흥덕동 225-5","36967","문경시","128.204802567397","36.5988029856807","ROAD_ADDR","A","경상북도 문경시 신흥로 206 (흥덕동)","1"
"47","경상북도","53","제일의료기","경상북도 안동시 평화윗길 141-16, 1층 (평화동)","054-823-3001","전동휠체어(가군, 나군) | 의료용 스쿠터 | 욕창예방방석 | 욕창예방매트리스 | 이동식전동리프트 | 전방보행차 | 수동휠체어","경북 안동시 평화윗길 141-16","경북 안동시 평화동 99-52","36653","안동시","128.718086350812","36.5701707511719","ROAD_ADDR","A","경상북도 안동시 평화윗길 141-16, 1층 (평화동)","1"
"47","경상북도","52","제일의료기보조기","경상북도 경주시 금성로 318 (서부동)","054-772-4811","전동휠체어(가군, 나군) | 의료용 스쿠터 | 보청기 | 이동식전동리프트 | 수동휠체어","경북 경주시 금성로 318","경북 경주시 서부동 254-5","38144","경주시","129.207193037904","35.8458443658412","ROAD_ADDR","A","경상북도 경주시 금성로 318 (서부동)","1"
"47","경상북도","51","제일의료기상사","경상북도 포항시 북구 대신로 46 (대신동)","054-249-5656","전동휠체어(가군, 나군) | 의료용 스쿠터 | 보청기 | 욕창예방방석 | 욕창예방매트리스 | 이동식전동리프트 | 수동휠체어","경북 포항시 북구 대신로 46","경북 포항시 북구 대신동 68-25","37723","포항시 북구","129.368015135067","36.0481879271407","ROAD_ADDR","A","경상북도 포항시 북구 대신로 46 (대신동)","1"
"47","경상북도","50","조은의료기","경상북도 경주시 원화로 388-1, 1층 (동천동)","010-8592-9513","전동휠체어(가군, 나군) | 의료용 스쿠터 | 욕창예방방석 | 욕창예방매트리스 | 이동식전동리프트 | 수동휠체어","경북 경주시 원화로 388-1","경북 경주시 동천동 733-413","38104","경주시","129.219059369305","35.8550848594523","ROAD_ADDR","A","경상북도 경주시 원화로 388-1, 1층 (동천동)","1"
"47","경상북도","49","조은의료기","경상북도 안동시 옥서4길 39-26 (옥동)","054-842-1449","전동휠체어(가군, 나군) | 의료용 스쿠터 | 보청기 | 욕창예방방석 | 욕창예방매트리스 | 이동식전동리프트 | 전방보행차 | 후방보행차 | 수동휠체어","경북 안동시 옥서4길 39-26","경북 안동시 옥동 936-1","36662","안동시","128.692371934301","36.5583247021547","ROAD_ADDR","A","경상북도 안동시 옥서4길 39-26 (옥동)","1"
"47","경상북도","48","종로의료기","경상북도 칠곡군 중앙로 243 (왜관읍)","054-975-1661","전동휠체어(가군, 나군) | 의료용 스쿠터 | 수동휠체어","경북 칠곡군 왜관읍 중앙로 243","경북 칠곡군 왜관읍 왜관리 187-6","39886","칠곡군","128.398857513078","35.9967035391548","ROAD_ADDR","A","경상북도 칠곡군 중앙로 243 (왜관읍)","1"
"47","경상북도","47","주식회사 메디바이스","경상북도 구미시 대학로 61 , 410호 (양호동, 금오공과대학교 벤처창업관)","010-9371-7750","전동휠체어(가군, 나군) | 의료용 스쿠터 | 욕창예방방석 | 욕창예방매트리스 | 수동휠체어","경북 구미시 대학로 61","경북 구미시 양호동 1","39177","구미시","128.388119702872","36.1456601455539","ROAD_ADDR","A","경상북도 구미시 대학로 61 , 410호 (양호동, 금오공과대학교 벤처창업관)","1"
"47","경상북도","46","주식회사 세화호스앤파이프튜브","경상북도 경주시 안강읍 안현로 1329-3 (안강읍)","054-762-0865","전동휠체어(가군, 나군) | 의료용 스쿠터","경북 경주시 안강읍 안현로 1329-3","경북 경주시 안강읍 갑산리 610-1","38027","경주시","129.227653371592","35.9741684812981","ROAD_ADDR","A","경상북도 경주시 안강읍 안현로 1329-3 (안강읍)","1"
"47","경상북도","45","주식회사 웅부의료기","경상북도 안동시 태사2길 64 (북문동)","054-841-1101","전동휠체어(가군, 나군) | 의료용 스쿠터 | 욕창예방방석 | 욕창예방매트리스 | 전방보행차 | 후방보행차 | 수동휠체어","경북 안동시 태사2길 64","경북 안동시 북문동 12-1","36694","안동시","128.732401608724","36.5673464066014","ROAD_ADDR","A","경상북도 안동시 태사2길 64 (북문동)","1"
"47","경상북도","44","주식회사 티바이오","경상북도 경산시 솔구불길 18, 501호 (와촌면, 첨단메디컬융합섬유센터)","","전동휠체어(가군, 나군) | 의료용 스쿠터 | 보청기","경북 경산시 와촌면 솔구불길 18","경북 경산시 와촌면 소월리 204","38412","경산시","128.830774921011","35.9537478701804","ROAD_ADDR","A","경상북도 경산시 솔구불길 18, 501호 (와촌면, 첨단메디컬융합섬유센터)","1"
"47","경상북도","43","천우당","경상북도 포항시 북구 새마을로 3605, 1층 (죽장면)","054-242-3125","전동휠체어(가군, 나군)","경북 포항시 북구 죽장면 새마을로 3605","경북 포항시 북구 죽장면 입암리 686-1","37507","포항시 북구","129.094895901239","36.160535022394","ROAD_ADDR","A","경상북도 포항시 북구 새마을로 3605, 1층 (죽장면)","1"
"47","경상북도","42","청도의료기","경상북도 청도군 고수구길 12-1 (청도읍)","054-373-6370","전동휠체어(가군, 나군) | 의료용 스쿠터 | 욕창예방방석 | 욕창예방매트리스 | 전방보행차 | 후방보행차 | 수동휠체어","경북 청도군 청도읍 고수구길 12-1","경북 청도군 청도읍 고수리 156-35","38345","청도군","128.736121484118","35.647111784129","ROAD_ADDR","A","경상북도 청도군 고수구길 12-1 (청도읍)","1"
"47","경상북도","41","청명오토바이","경상북도 청도군 한내길 108 (청도읍)","010-7369-4419","전동휠체어(가군, 나군) | 의료용 스쿠터 | 수동휠체어","경북 청도군 청도읍 한내길 108","경북 청도군 청도읍 고수리 13-4","38338","청도군","128.745228527399","35.6504916456683","ROAD_ADDR","A","경상북도 청도군 한내길 108 (청도읍)","1"
"47","경상북도","40","청송보청기 의료기(와이텍스보청기)","경상북도 청송군 중앙로 241, 1층 (청송읍)","054-872-9902","전동휠체어(가군, 나군) | 의료용 스쿠터 | 보청기 | 수동휠체어","경북 청송군 청송읍 중앙로 241","경북 청송군 청송읍 월막리 344-1","37428","청송군","129.055579058809","36.4339855103828","ROAD_ADDR","A","경상북도 청송군 중앙로 241, 1층 (청송읍)","1"
"47","경상북도","39","파워마트","경상북도 안동시 경동로 616-1 (안흥동)","054-852-7568","전동휠체어(가군, 나군) | 의료용 스쿠터 | 욕창예방방석 | 욕창예방매트리스 | 이동식전동리프트 | 전방보행차 | 후방보행차 | 수동휠체어","경북 안동시 경동로 616-1","경북 안동시 안흥동 315-20","36707","안동시","128.725259072766","36.5631193058511","ROAD_ADDR","A","경상북도 안동시 경동로 616-1 (안흥동)","1"
"47","경상북도","38","파티마보조기의료기백화점","경상북도 포항시 북구 용당로 84 (대흥동)","054-273-4503","의지·보조기(교정형신발 등) | 전동휠체어(가군, 나군) | 의료용 스쿠터 | 욕창예방방석 | 욕창예방매트리스 | 이동식전동리프트 | 전방보행차 | 후방보행차 | 수동휠체어","경북 포항시 북구 용당로 84","경북 포항시 북구 대흥동 619-15","37742","포항시 북구","129.36108261064","36.0348340217923","ROAD_ADDR","A","경상북도 포항시 북구 용당로 84 (대흥동)","1"
"47","경상북도","37","평생의료기","경상북도 포항시 북구 법원로140번길 16, 1층 (장성동)","054-252-7555","전동휠체어(가군, 나군) | 의료용 스쿠터 | 욕창예방방석 | 욕창예방매트리스 | 전방보행차 | 수동휠체어","경북 포항시 북구 법원로140번길 16","경북 포항시 북구 장성동 1387-2","37580","포항시 북구","129.388328784732","36.086654726152","ROAD_ADDR","A","경상북도 포항시 북구 법원로140번길 16, 1층 (장성동)","1"
"47","경상북도","36","평화의료기","경상북도 구미시 신시로10길 13 (송정동)","054-444-7582","전동휠체어(가군, 나군) | 의료용 스쿠터 | 욕창예방방석 | 욕창예방매트리스 | 수동휠체어","경북 구미시 신시로10길 13","경북 구미시 송정동 466-3","39287","구미시","128.340350669118","36.1150568094408","ROAD_ADDR","A","경상북도 구미시 신시로10길 13 (송정동)","1"
"47","경상북도","35","포항세방전지","경상북도 포항시 남구 철강로141번길 5 (연일읍)","054-286-4060","전동휠체어(가군, 나군) | 의료용 스쿠터","경북 포항시 남구 연일읍 철강로141번길 5","경북 포항시 남구 연일읍 오천리 391","37839","포항시 남구","129.357777175855","35.9892208371381","ROAD_ADDR","A","경상북도 포항시 남구 철강로141번길 5 (연일읍)","1"
"47","경상북도","34","포항의료기상사","경상북도 포항시 북구 죽도로 4-1 (대흥동)","054-272-6114","전동휠체어(가군, 나군) | 의료용 스쿠터 | 보청기 | 수동휠체어","경북 포항시 북구 죽도로 4-1","경북 포항시 북구 대흥동 619-5","37742","포항시 북구","129.361782800733","36.0352575660783","ROAD_ADDR","A","경상북도 포항시 북구 죽도로 4-1 (대흥동)","1"
"47","경상북도","33","포항의료보장구종합센터","경상북도 포항시 남구 청림남길 50-13 (청림동)","010-6507-7088","전동휠체어(가군, 나군) | 의료용 스쿠터 | 수동휠체어","경북 포항시 남구 청림남길 50-13","경북 포항시 남구 청림동 305","37898","포항시 남구","129.406969299671","35.9926506254834","ROAD_ADDR","A","경상북도 포항시 남구 청림남길 50-13 (청림동)","1"
"47","경상북도","32","하양의료기","경상북도 경산시 대학로 1527-1 (하양읍)","053-854-0016","전동휠체어(가군, 나군) | 의료용 스쿠터 | 보청기 | 수동휠체어","경북 경산시 하양읍 대학로 1527-1","경북 경산시 하양읍 금락리 4-35","38436","경산시","128.820609618548","35.914261500757","ROAD_ADDR","A","경상북도 경산시 대학로 1527-1 (하양읍)","1"
"47","경상북도","31","한걸음케어","경상북도 김천시 모암길 4 (용두동)","054-436-1160","전동휠체어(가군, 나군) | 의료용 스쿠터 | 욕창예방방석 | 욕창예방매트리스 | 이동식전동리프트 | 전방보행차 | 후방보행차 | 수동휠체어","경북 김천시 모암길 4","경북 김천시 용두동 201-10","39579","김천시","128.127666191434","36.1213990505371","ROAD_ADDR","A","경상북도 김천시 모암길 4 (용두동)","1"
"47","경상북도","30","한국의료기복지용구사업소","경상북도 영천시 최무선로 183-6 (화룡동)","","전동휠체어(가군, 나군) | 의료용 스쿠터 | 욕창예방방석 | 욕창예방매트리스 | 이동식전동리프트 | 수동휠체어","경북 영천시 최무선로 183-6","경북 영천시 화룡동 217-7","38839","영천시","128.921121081461","35.9632297850893","ROAD_ADDR","A","경상북도 영천시 최무선로 183-6 (화룡동)","1"
"47","경상북도","29","한국의료기복지용구사업소","경상북도 영천시 최무선로 183-6 (화룡동)","054-337-7979","전동휠체어(가군, 나군) | 의료용 스쿠터","경북 영천시 최무선로 183-6","경북 영천시 화룡동 217-7","38839","영천시","128.921121081461","35.9632297850893","ROAD_ADDR","A","경상북도 영천시 최무선로 183-6 (화룡동)","1"
"47","경상북도","28","한국휠체어","경상북도 구미시 송동로 154, 104동 205호 (도량동, 파크맨션)","054-453-1004","전동휠체어(가군, 나군) | 의료용 스쿠터 | 수동휠체어","경북 구미시 송동로 154","경북 구미시 도량동 77","39196","구미시","128.325471352178","36.1493602572919","ROAD_ADDR","A","경상북도 구미시 송동로 154, 104동 205호 (도량동, 파크맨션)","1"
"47","경상북도","27","한독의료기","경상북도 영주시 중앙로 114-2, 1층 (하망동, 영화사)","054-635-5551","전동휠체어(가군, 나군) | 의료용 스쿠터 | 욕창예방방석 | 욕창예방매트리스 | 전방보행차 | 후방보행차 | 수동휠체어","경북 영주시 중앙로 114-2","경북 영주시 하망동 327-6","36082","영주시","128.625883523001","36.8253512229215","ROAD_ADDR","A","경상북도 영주시 중앙로 114-2, 1층 (하망동, 영화사)","1"
"47","경상북도","26","한독의료기","경상북도 예천군 시장로 130 (예천읍)","054-655-5501","전동휠체어(가군, 나군) | 의료용 스쿠터 | 보청기 | 욕창예방방석 | 욕창예방매트리스 | 이동식전동리프트 | 수동휠체어","경북 예천군 예천읍 시장로 130","경북 예천군 예천읍 동본리 496","36820","예천군","128.458026967651","36.6572762285758","ROAD_ADDR","A","경상북도 예천군 시장로 130 (예천읍)","1"
"47","경상북도","25","한독의료기","경상북도 안동시 서동문로 104 (광석동)","054-843-1889","전동휠체어(가군, 나군) | 의료용 스쿠터 | 욕창예방방석 | 욕창예방매트리스 | 수동휠체어","경북 안동시 서동문로 104","경북 안동시 광석동 187-17","36697","안동시","128.723168146975","36.5666531144212","ROAD_ADDR","A","경상북도 안동시 서동문로 104 (광석동)","1"
"47","경상북도","24","한독의료기","경상북도 문경시 중앙로 147 (점촌동, 한옥의료기)","054-555-9669","전동휠체어(가군, 나군) | 의료용 스쿠터 | 보청기 | 욕창예방방석 | 욕창예방매트리스 | 이동식전동리프트 | 수동휠체어","경북 문경시 중앙로 147","경북 문경시 점촌동 263-5","36969","문경시","128.201101140217","36.5979635942219","ROAD_ADDR","A","경상북도 문경시 중앙로 147 (점촌동, 한옥의료기)","1"
"47","경상북도","23","한독의료기","경상북도 상주시 상서문로 50 (남성동)","054-531-1112","전동휠체어(가군, 나군) | 의료용 스쿠터 | 보청기 | 욕창예방방석 | 욕창예방매트리스 | 이동식전동리프트 | 전방보행차 | 후방보행차 | 수동휠체어","경북 상주시 상서문로 50","경북 상주시 남성동 30","37197","상주시","128.156199697948","36.4143338479216","ROAD_ADDR","A","경상북도 상주시 상서문로 50 (남성동)","1"
"47","경상북도","22","한독의료기","경상북도 문경시 중앙로 147 (점촌동, 한옥의료기)","010-2868-0492","전동휠체어(가군, 나군) | 의료용 스쿠터 | 보청기","경북 문경시 중앙로 147","경북 문경시 점촌동 263-5","36969","문경시","128.201101140217","36.5979635942219","ROAD_ADDR","A","경상북도 문경시 중앙로 147 (점촌동, 한옥의료기)","1"
"47","경상북도","21","한독의료기","경상북도 구미시 신시로8길 7-9 (형곡동)","054-457-5668","전동휠체어(가군, 나군) | 의료용 스쿠터 | 욕창예방방석 | 욕창예방매트리스 | 전방보행차 | 수동휠체어","경북 구미시 신시로8길 7-9","경북 구미시 형곡동 854-4","39295","구미시","128.339865287729","36.1141784010344","ROAD_ADDR","A","경상북도 구미시 신시로8길 7-9 (형곡동)","1"
"47","경상북도","20","한독의료기","경상북도 경산시 경안로 202 (중방동)","053-816-9501","전동휠체어(가군, 나군) | 의료용 스쿠터 | 보청기 | 욕창예방방석 | 욕창예방매트리스 | 이동식전동리프트 | 전방보행차 | 수동휠체어","경북 경산시 경안로 202","경북 경산시 중방동 863-9","38619","경산시","128.737361318117","35.8255840860576","ROAD_ADDR","A","경상북도 경산시 경안로 202 (중방동)","1"
"47","경상북도","19","한독의료기","경상북도 구미시 신시로8길 7-9 (형곡동)","054-457-5668","전동휠체어(가군, 나군) | 의료용 스쿠터 | 욕창예방방석 | 욕창예방매트리스 | 수동휠체어","경북 구미시 신시로8길 7-9","경북 구미시 형곡동 854-4","39295","구미시","128.339865287729","36.1141784010344","ROAD_ADDR","A","경상북도 구미시 신시로8길 7-9 (형곡동)","1"
"47","경상북도","18","한독의료기보청기상사","경상북도 경주시 화랑로 94-1, 1층 (동부동, 화성빌딩)","054-749-2626","전동휠체어(가군, 나군) | 의료용 스쿠터 | 보청기 | 전방보행차 | 수동휠체어","경북 경주시 화랑로 94-1","경북 경주시 동부동 133-34","38154","경주시","129.21113052262","35.8443625301595","ROAD_ADDR","A","경상북도 경주시 화랑로 94-1, 1층 (동부동, 화성빌딩)","1"
"47","경상북도","17","한빛의료기","경상북도 영주시 구성로 381 (영주동, Champions)","054-634-7323","전동휠체어(가군, 나군) | 의료용 스쿠터 | 욕창예방방석 | 욕창예방매트리스 | 수동휠체어","경북 영주시 구성로 381","경북 영주시 영주동 504-3","36096","영주시","128.620585231652","36.8250589336187","ROAD_ADDR","A","경상북도 영주시 구성로 381 (영주동, Champions)","1"
"47","경상북도","16","한성의료기보청기상사","경상북도 경주시 화랑로 63-0 (서부동)","054-774-2020","전동휠체어(가군, 나군) | 의료용 스쿠터 | 보청기 | 수동휠체어","경북 경주시 화랑로 63","경북 경주시 서부동 234-1","38144","경주시","129.207705362575","35.8448360513739","ROAD_ADDR","A","경상북도 경주시 화랑로 63-0 (서부동)","1"
"47","경상북도","15","한일의료기","경상북도 영주시 구성로 298 (휴천동, 한전사)","054-637-6989","전동휠체어(가군, 나군) | 의료용 스쿠터 | 욕창예방방석 | 욕창예방매트리스 | 이동식전동리프트 | 수동휠체어","경북 영주시 구성로 298","경북 영주시 휴천동 708-32","36086","영주시","128.627502750714","36.8197563427519","ROAD_ADDR","A","경상북도 영주시 구성로 298 (휴천동, 한전사)","1"
"47","경상북도","14","핼스마트","경상북도 구미시 상사동로 200 (사곡동)","054-465-6027","전동휠체어(가군, 나군) | 의료용 스쿠터 | 욕창예방방석 | 욕창예방매트리스 | 이동식전동리프트 | 전방보행차 | 후방보행차 | 수동휠체어","경북 구미시 상사동로 200","경북 구미시 사곡동 656-1","39327","구미시","128.35950499609","36.1024668618158","ROAD_ADDR","A","경상북도 구미시 상사동로 200 (사곡동)","1"
"47","경상북도","13","행복의료기","경상북도 울진군 울진중앙로 165, 1층 103호 (울진읍, 장원로얄맨션)","054-781-2119","전동휠체어(가군, 나군) | 의료용 스쿠터 | 욕창예방방석 | 욕창예방매트리스 | 수동휠체어","경북 울진군 울진읍 울진중앙로 165","경북 울진군 울진읍 읍내리 505-2","36323","울진군","129.401415546014","36.9961565764428","ROAD_ADDR","A","경상북도 울진군 울진중앙로 165, 1층 103호 (울진읍, 장원로얄맨션)","1"
"47","경상북도","12","현대오토바이","경상북도 영천시 최무선로 347 (문외동)","054-334-4609","전동휠체어(가군, 나군) | 의료용 스쿠터","경북 영천시 최무선로 347","경북 영천시 문외동 176","38852","영천시","128.936526072668","35.9700051880325","ROAD_ADDR","A","경상북도 영천시 최무선로 347 (문외동)","1"
"47","경상북도","11","현대의료기","경상북도 안동시 서동문로 108 (광석동)","054-856-8300","전동휠체어(가군, 나군) | 의료용 스쿠터 | 욕창예방매트리스 | 수동휠체어","경북 안동시 서동문로 108","경북 안동시 광석동 205-20","36697","안동시","128.723768503992","36.5666770504527","ROAD_ADDR","A","경상북도 안동시 서동문로 108 (광석동)","1"
"47","경상북도","10","현대의료기","경상북도 영천시 모란2길 38 (야사동)","054-334-9986","전동휠체어(가군, 나군) | 의료용 스쿠터 | 욕창예방방석 | 욕창예방매트리스 | 수동휠체어","경북 영천시 모란2길 38","경북 영천시 야사동 333-25","38833","영천시","128.942177459108","35.9759058847658","ROAD_ADDR","A","경상북도 영천시 모란2길 38 (야사동)","1"
"47","경상북도","9","현대의료기","경상북도 포항시 남구 상공로 129 (대도동)","054-272-3618","전동휠체어(가군, 나군) | 의료용 스쿠터 | 욕창예방방석 | 욕창예방매트리스 | 수동휠체어","경북 포항시 남구 상공로 129","경북 포항시 남구 대도동 91-22","37782","포항시 남구","129.361428246488","36.0190237231734","ROAD_ADDR","A","경상북도 포항시 남구 상공로 129 (대도동)","1"
"47","경상북도","8","현대체육사","경상북도 문경시 호서로 18 (점촌동)","054-555-3671","전동휠체어(가군, 나군) | 의료용 스쿠터","경북 문경시 호서로 18","경북 문경시 점촌동 247-2","36971","문경시","128.199149062816","36.5964405040989","ROAD_ADDR","A","경상북도 문경시 호서로 18 (점촌동)","1"
"47","경상북도","7","형제의료기","경상북도 성주군 성주순환로 275 (성주읍)","054-931-6643","전동휠체어(가군, 나군) | 의료용 스쿠터 | 이동식전동리프트 | 수동휠체어","경북 성주군 성주읍 성주순환로 275","경북 성주군 성주읍 성산리 68-28","40031","성주군","128.292552995894","35.9187940436535","ROAD_ADDR","A","경상북도 성주군 성주순환로 275 (성주읍)","1"
"47","경상북도","6","화니라이프 경주점","경상북도 경주시 안강중앙로 56-1, 1층 (안강읍)","054-762-1230","전동휠체어(가군, 나군) | 의료용 스쿠터 | 전방보행차 | 후방보행차 | 수동휠체어","경북 경주시 안강읍 안강중앙로 56-1","경북 경주시 안강읍 산대리 1590-14","38017","경주시","129.206241669664","35.9947955839611","ROAD_ADDR","A","경상북도 경주시 안강중앙로 56-1, 1층 (안강읍)","1"
"47","경상북도","5","화니라이프케어","경상북도 포항시 북구 청하로 222-1, 1층 (청하면)","010-3524-6766","전동휠체어(가군, 나군) | 의료용 스쿠터 | 전방보행차 | 후방보행차 | 수동휠체어","경북 포항시 북구 청하면 청하로 222-1","경북 포항시 북구 청하면 덕성리 28-2","37515","포항시 북구","129.340483745274","36.1988914236605","ROAD_ADDR","A","경상북도 포항시 북구 청하로 222-1, 1층 (청하면)","1"
"47","경상북도","4","화니라이프케어 남포항점","경상북도 포항시 남구 정몽주로 592 (오천읍)","054-293-7269","전동휠체어(가군, 나군) | 의료용 스쿠터 | 이동식전동리프트","경북 포항시 남구 오천읍 정몽주로 592","경북 포항시 남구 오천읍 용덕리 295","37907","포항시 남구","129.416086599207","35.9710120586067","ROAD_ADDR","A","경상북도 포항시 남구 정몽주로 592 (오천읍)","1"
"47","경상북도","3","효감의료기","경상북도 경주시 양정로 294 (동천동)","054-773-4111","전동휠체어(가군, 나군) | 의료용 스쿠터 | 수동휠체어","경북 경주시 양정로 294","경북 경주시 동천동 987-6","38099","경주시","129.224488563116","35.8590317127006","ROAD_ADDR","A","경상북도 경주시 양정로 294 (동천동)","1"
"47","경상북도","2","효성의료기","경상북도 포항시 남구 상공로 123, 1층 (대도동)","054-273-8350","전동휠체어(가군, 나군) | 의료용 스쿠터 | 욕창예방방석 | 욕창예방매트리스 | 이동식전동리프트 | 수동휠체어","경북 포항시 남구 상공로 123","경북 포항시 남구 대도동 91-3","37782","포항시 남구","129.361053148051","36.0186628764246","ROAD_ADDR","A","경상북도 포항시 남구 상공로 123, 1층 (대도동)","1"
"47","경상북도","1","휠라인업스포츠","경상북도 칠곡군 왜관읍 매원새마길 20-34 , 1층 102호 (왜관읍)","054-973-1472","전동휠체어(가군, 나군) | 의료용 스쿠터 | 자세보조용구 | 욕창예방방석 | 욕창예방매트리스 | 이동식전동리프트 | 전방보행차 | 후방보행차 | 수동휠체어","경북 칠곡군 왜관읍 매원새마길 20-34","경북 칠곡군 왜관읍 매원리 698-7","39872","칠곡군","128.421531967143","35.9892086527552","ROAD_ADDR","A","경상북도 칠곡군 왜관읍 매원새마길 20-34 , 1층 102호 (왜관읍)","1"
"48","경상남도","187","(주)한마음","경상남도 창원시 진해구 진해대로 1042 (풍호동)","055-542-2808","전동휠체어(가군, 나군) | 의료용 스쿠터 | 욕창예방방석 | 욕창예방매트리스 | 이동식전동리프트 | 전방보행차 | 후방보행차 | 수동휠체어","경남 창원시 진해구 진해대로 1042","경남 창원시 진해구 풍호동 803-4","51654","창원시 진해구","128.70774532806","35.1365202169398","ROAD_ADDR","A","경상남도 창원시 진해구 진해대로 1042 (풍호동)","1"
"48","경상남도","186","(주)현대의료기","경상남도 창원시 마산회원구 합성동2길 6 (합성동)","055-292-5072","전동휠체어(가군, 나군) | 의료용 스쿠터 | 수동휠체어","경남 창원시 마산회원구 합성동2길 6","경남 창원시 마산회원구 합성동 158-4","51356","창원시 마산회원구","128.585940618364","35.2421174997188","ROAD_ADDR","A","경상남도 창원시 마산회원구 합성동2길 6 (합성동)","1"
"48","경상남도","185","100세 보청기 스쿠터","경상남도 함양군 고운로 74-1 (함양읍, 호수미용실)","055-962-7895","전동휠체어(가군, 나군) | 의료용 스쿠터 | 보청기","경남 함양군 함양읍 고운로 74-1","경남 함양군 함양읍 용평리 613-3","50039","함양군","127.729569708751","35.5207796175095","ROAD_ADDR","A","경상남도 함양군 고운로 74-1 (함양읍, 호수미용실)","1"
"48","경상남도","184","DS 메디텍","경상남도 김해시 율하3로 22, 103호 (율하동)","055-336-2405","전동휠체어(가군, 나군) | 의료용 스쿠터 | 욕창예방방석 | 욕창예방매트리스 | 이동식전동리프트 | 전방보행차 | 후방보행차 | 수동휠체어","경남 김해시 율하3로 22","경남 김해시 율하동 1347-1","51018","김해시","128.813234580297","35.1701779471509","ROAD_ADDR","A","경상남도 김해시 율하3로 22, 103호 (율하동)","1"
"48","경상남도","183","Z-119 (모든레져)","경상남도 창원시마산회원구 무역로 271, 상가2동 101호 (봉암동, 봉암아파트)","055-299-6854","전동휠체어(가군, 나군) | 의료용 스쿠터","경남 창원시 마산회원구 무역로 271","경남 창원시 마산회원구 봉암동 194","51344","창원시 마산회원구","128.615561842501","35.2135296117918","ROAD_ADDR","A","경상남도 창원시마산회원구 무역로 271, 상가2동 101호 (봉암동, 봉암아파트)","1"
"48","경상남도","182","가가의료기","경상남도 진주시 대신로348번길 20, 1층 (하대동)","055-747-6222","전동휠체어(가군, 나군) | 의료용 스쿠터 | 욕창예방방석 | 욕창예방매트리스 | 이동식전동리프트 | 수동휠체어","경남 진주시 대신로348번길 20","경남 진주시 하대동 328-23","52769","진주시","128.11879483303","35.1915148405568","ROAD_ADDR","A","경상남도 진주시 대신로348번길 20, 1층 (하대동)","1"
"48","경상남도","181","가람의료기","경상남도 창원시 의창구 사림로 12 (사림동)","055-275-5213","전동휠체어(가군, 나군) | 의료용 스쿠터 | 욕창예방방석 | 욕창예방매트리스 | 전방보행차 | 후방보행차 | 수동휠체어","경남 창원시 의창구 사림로 12","경남 창원시 의창구 사림동 100-5","51149","창원시 의창구","128.674926775907","35.2455078913226","ROAD_ADDR","A","경상남도 창원시 의창구 사림로 12 (사림동)","1"
"48","경상남도","180","가야메디케어","경상남도 김해시 구지로 129, 1층 (대성동)","010-9397-1876","전동휠체어(가군, 나군) | 의료용 스쿠터 | 욕창예방방석 | 욕창예방매트리스 | 이동식전동리프트 | 전방보행차 | 후방보행차 | 수동휠체어","경남 김해시 구지로 129","경남 김해시 대성동 135-13","50911","김해시","128.877529940071","35.239017906089","ROAD_ADDR","A","경상남도 김해시 구지로 129, 1층 (대성동)","1"
"48","경상남도","179","가야의료기상사","경상남도 합천군 충효로 84-5 (합천읍)","055-933-3344","전동휠체어(가군, 나군) | 의료용 스쿠터 | 보청기 | 욕창예방방석 | 욕창예방매트리스 | 이동식전동리프트 | 수동휠체어","경남 합천군 합천읍 충효로 84-5","경남 합천군 합천읍 합천리 656-2","50233","합천군","128.161769090522","35.5678602279257","ROAD_ADDR","A","경상남도 합천군 충효로 84-5 (합천읍)","1"
"48","경상남도","178","가온유통","경상남도 합천군 동서로 42-3, 2호 (합천읍)","055-931-5554","전동휠체어(가군, 나군) | 의료용 스쿠터 | 욕창예방방석 | 욕창예방매트리스 | 수동휠체어","경남 합천군 합천읍 동서로 42-3","경남 합천군 합천읍 합천리 532","50234","합천군","128.157002179557","35.5673356826541","ROAD_ADDR","A","경상남도 합천군 동서로 42-3, 2호 (합천읍)","1"
"48","경상남도","177","거성의료기상사","경상남도 진주시 강남로95번길 14 (칠암동)","055-755-5668","전동휠체어(가군, 나군) | 의료용 스쿠터 | 욕창예방방석 | 욕창예방매트리스 | 이동식전동리프트 | 전방보행차 | 수동휠체어","경남 진주시 강남로95번길 14","경남 진주시 칠암동 100-18","52727","진주시","128.096249675866","35.1774394009806","ROAD_ADDR","A","경상남도 진주시 강남로95번길 14 (칠암동)","1"
"48","경상남도","176","거제삼성의료기","경상남도 거제시 서문로 69 (고현동)","055-633-8772","전동휠체어(가군, 나군) | 의료용 스쿠터 | 보청기 | 수동휠체어","경남 거제시 서문로 69","경남 거제시 고현동 978-5","53251","거제시","128.623288818894","34.8899516161127","ROAD_ADDR","A","경상남도 거제시 서문로 69 (고현동)","1"
"48","경상남도","175","거제의료기","경상남도 거제시 두모길 3-8 (두모동)","055-682-0883","전동휠체어(가군, 나군) | 의료용 스쿠터 | 보청기 | 욕창예방방석 | 욕창예방매트리스 | 이동식전동리프트 | 수동휠체어","경남 거제시 두모길 3-8","경남 거제시 두모동 372-1","53317","거제시","128.721751609362","34.8707794008991","ROAD_ADDR","A","경상남도 거제시 두모길 3-8 (두모동)","1"
"48","경상남도","174","건강100세","경상남도 김해시 칠산로325번길 5 (화목동)","055-326-7718","전동휠체어(가군, 나군) | 의료용 스쿠터 | 욕창예방방석 | 욕창예방매트리스 | 전방보행차 | 후방보행차 | 수동휠체어","경남 김해시 칠산로325번길 5","경남 김해시 화목동 356-8","51006","김해시","128.849267326693","35.2014247582627","ROAD_ADDR","A","경상남도 김해시 칠산로325번길 5 (화목동)","1"
"48","경상남도","173","건강의료기","경상남도 진주시 진주대로 853-1 (주약동)","055-757-5579","전동휠체어(가군, 나군) | 의료용 스쿠터 | 욕창예방방석 | 욕창예방매트리스 | 이동식전동리프트 | 전방보행차 | 후방보행차 | 수동휠체어","경남 진주시 진주대로 853-1","경남 진주시 주약동 156-14","52716","진주시","128.091780248974","35.1768333596787","ROAD_ADDR","A","경상남도 진주시 진주대로 853-1 (주약동)","1"
"48","경상남도","172","건강하다","경상남도 김해시 골든루트로 80-59 608호, 6층 8호 (주촌면)","055-313-9320","의지·보조기(교정형신발 등) | 전동휠체어(가군, 나군) | 자세보조용구 | 욕창예방방석 | 욕창예방매트리스 | 수동휠체어","경남 김해시 주촌면 골든루트로 80-59","경남 김해시 주촌면 농소리 158-1","50969","김해시","128.832271264702","35.2149946069052","ROAD_ADDR","A","경상남도 김해시 골든루트로 80-59 608호, 6층 8호 (주촌면)","1"
"48","경상남도","171","경남미래엠텍","경상남도 거제시 연사3길 7, 101호 (연초면)","055-636-5898","전동휠체어(가군, 나군) | 의료용 스쿠터 | 보청기 | 욕창예방방석 | 욕창예방매트리스 | 이동식전동리프트 | 전방보행차 | 후방보행차 | 수동휠체어","경남 거제시 연초면 연사3길 7","경남 거제시 연초면 연사리 249-3","53209","거제시","128.645362848979","34.9111619332934","ROAD_ADDR","A","경상남도 거제시 연사3길 7, 101호 (연초면)","1"
"48","경상남도","170","경남보조기상사","경상남도 창원시 마산합포구 3·15대로 302-1 (서성동)","055-242-0815","의지·보조기(교정형신발 등) | 전동휠체어(가군, 나군) | 의료용 스쿠터 | 욕창예방방석 | 욕창예방매트리스 | 이동식전동리프트 | 전방보행차 | 후방보행차 | 수동휠체어","경남 창원시 마산합포구 3.15대로 302-1","경남 창원시 마산합포구 서성동 83-25","51734","창원시 마산합포구","128.570869569475","35.2027107224555","ROAD_ADDR","A","경상남도 창원시 마산합포구 3·15대로 302-1 (서성동)","1"
"48","경상남도","169","경남의료기상사","경상남도 창원시마산회원구 구암남2길 6 (구암동)","055-295-8687","전동휠체어(가군, 나군) | 의료용 스쿠터 | 보청기 | 욕창예방방석 | 욕창예방매트리스 | 전방보행차 | 후방보행차 | 수동휠체어","경남 창원시 마산회원구 구암남2길 6","경남 창원시 마산회원구 구암동 26-16","51354","창원시 마산회원구","128.590979431269","35.2433176704081","ROAD_ADDR","A","경상남도 창원시마산회원구 구암남2길 6 (구암동)","1"
"48","경상남도","168","경남의료기상사","경상남도 통영시 충렬안길 4, 1층 (항남동, CNA)","055-642-3408","전동휠체어(가군, 나군) | 의료용 스쿠터 | 보청기 | 수동휠체어","경남 통영시 충렬안길 4","경남 통영시 항남동 255-1","53061","통영시","128.421541429413","34.8426213435505","ROAD_ADDR","A","경상남도 통영시 충렬안길 4, 1층 (항남동, CNA)","1"
"48","경상남도","167","경상메디칼","경상남도 진주시 호탄길27번길 5, 1층 1호 (호탄동, 우영빌)","055-763-7501","의지·보조기(교정형신발 등) | 전동휠체어(가군, 나군) | 의료용 스쿠터 | 보청기 | 자세보조용구 | 욕창예방방석 | 욕창예방매트리스 | 이동식전동리프트 | 수동휠체어","경남 진주시 호탄길27번길 5","경남 진주시 호탄동 611-4","52819","진주시","128.115592282664","35.1637813115854","ROAD_ADDR","A","경상남도 진주시 호탄길27번길 5, 1층 1호 (호탄동, 우영빌)","1"
"48","경상남도","166","고려의료기","경상남도 산청군 산청읍 중앙로 42","055-974-3222","전동휠체어(가군, 나군) | 의료용 스쿠터 | 욕창예방방석 | 욕창예방매트리스 | 이동식전동리프트 | 전방보행차 | 후방보행차 | 수동휠체어","경남 산청군 산청읍 중앙로 42","경남 산청군 산청읍 지리 336-32","52225","산청군","127.87899643972","35.4145519089099","ROAD_ADDR","A","경상남도 산청군 산청읍 중앙로 42","1"
"48","경상남도","165","고성의료기","경상남도 고성군 중앙로 39 (고성읍)","055-674-1615","전동휠체어(가군, 나군) | 의료용 스쿠터 | 수동휠체어","경남 고성군 고성읍 중앙로 39","경남 고성군 고성읍 동외리 295-18","52942","고성군","128.324616525874","34.9742255377215","ROAD_ADDR","A","경상남도 고성군 중앙로 39 (고성읍)","1"
"48","경상남도","164","공룡모터스","경상남도 고성군 동외로 219 (고성읍)","055-673-4550","전동휠체어(가군, 나군) | 의료용 스쿠터","경남 고성군 고성읍 동외로 219","경남 고성군 고성읍 송학리 444-3","52937","고성군","128.326920672211","34.9809431176001","ROAD_ADDR","A","경상남도 고성군 동외로 219 (고성읍)","1"
"48","경상남도","163","국제의료기","경상남도 창원시 의창구 원이대로 283, 1층 114호 (봉곡동, 청마상가)","055-288-4600","전동휠체어(가군, 나군) | 의료용 스쿠터 | 보청기 | 욕창예방방석 | 욕창예방매트리스 | 이동식전동리프트 | 전방보행차 | 후방보행차 | 수동휠체어","경남 창원시 의창구 원이대로 283","경남 창원시 의창구 봉곡동 37-3","51176","창원시 의창구","128.65099480388","35.2427122869449","ROAD_ADDR","A","경상남도 창원시 의창구 원이대로 283, 1층 114호 (봉곡동, 청마상가)","1"
"48","경상남도","162","굿모닝보청기, 굿모닝의료기","경상남도 합천군 동서로 87, 102호 (합천읍)","055-932-7770","전동휠체어(가군, 나군) | 의료용 스쿠터 | 보청기 | 욕창예방방석 | 욕창예방매트리스 | 이동식전동리프트 | 전방보행차 | 후방보행차 | 수동휠체어","경남 합천군 합천읍 동서로 87","경남 합천군 합천읍 합천리 667-2","50233","합천군","128.161958902593","35.5670872989087","ROAD_ADDR","A","경상남도 합천군 동서로 87, 102호 (합천읍)","1"
"48","경상남도","161","근로복지공단 재활공학연구소 창원서비스센터","경남 창원시 성산구 중앙동(중앙동) 104-1 창원산재병원","055-280-7666","의지·보조기(교정형신발 등) | 전동휠체어(가군, 나군) | 의료용 스쿠터 | 욕창예방방석 | 욕창예방매트리스 | 이동식전동리프트 | 수동휠체어","경남 창원시 성산구 창원대로 721","경남 창원시 성산구 중앙동 104-1","51524","창원시 성산구","128.671367820293","35.2184583350843","REGION_ADDR","A","경남 창원시 성산구 중앙동(중앙동) 104-1 창원산재병원","1"
"48","경상남도","160","금아의료기","경상남도 양산시 민등대길 34 (상북면)","055-375-7507","전동휠체어(가군, 나군) | 의료용 스쿠터 | 욕창예방방석 | 욕창예방매트리스 | 이동식전동리프트 | 전방보행차 | 수동휠체어","경남 양산시 상북면 민등대길 34","경남 양산시 상북면 대석리 821-13","50563","양산시","129.054484666014","35.3923116633316","ROAD_ADDR","A","경상남도 양산시 민등대길 34 (상북면)","1"
"48","경상남도","159","금아의료기","경상남도 진주시 도동로239번길 18, 101호 (하대동)","055-762-5237","전동휠체어(가군, 나군) | 의료용 스쿠터 | 욕창예방방석 | 욕창예방매트리스 | 수동휠체어","경남 진주시 도동로239번길 18","경남 진주시 하대동 321-18","52768","진주시","128.120129815947","35.1917399005136","ROAD_ADDR","A","경상남도 진주시 도동로239번길 18, 101호 (하대동)","1"
"48","경상남도","158","기찬메디","경상남도 양산시 백호2길 32-14, 1층 (물금읍)","055-386-3697","전동휠체어(가군, 나군) | 의료용 스쿠터 | 욕창예방방석 | 욕창예방매트리스 | 이동식전동리프트 | 전방보행차 | 후방보행차 | 수동휠체어","경남 양산시 물금읍 백호2길 32-14","경남 양산시 물금읍 가촌리 1257-15","50613","양산시","128.996524042758","35.3191258365436","ROAD_ADDR","A","경상남도 양산시 백호2길 32-14, 1층 (물금읍)","1"
"48","경상남도","157","김해메디케어","경상남도 김해시 김해대로2385번길 26, 101호 (부원동, 청구타운)","055-328-6677","전동휠체어(가군, 나군) | 의료용 스쿠터 | 욕창예방방석 | 욕창예방매트리스 | 이동식전동리프트 | 전방보행차 | 후방보행차 | 수동휠체어","경남 김해시 김해대로2385번길 26","경남 김해시 부원동 682-7","50924","김해시","128.8875592006","35.2293195856672","ROAD_ADDR","A","경상남도 김해시 김해대로2385번길 26, 101호 (부원동, 청구타운)","1"
"48","경상남도","156","나눔메디칼","경상남도 진주시 진양호로 446 (인사동)","055-920-8100","전동휠체어(가군, 나군) | 의료용 스쿠터","경남 진주시 진양호로 446","경남 진주시 인사동 153-9","52689","진주시","128.074775557115","35.1899620449616","ROAD_ADDR","A","경상남도 진주시 진양호로 446 (인사동)","1"
"48","경상남도","155","나이스(NICE)의료기","경상남도 김해시 금관대로1190번길 35-14, 1층 (외동)","010-8802-9998","전동휠체어(가군, 나군) | 수동휠체어","경남 김해시 금관대로1190번길 35-14","경남 김해시 외동 1220-1","50956","김해시","128.856782521133","35.2328130211777","ROAD_ADDR","A","경상남도 김해시 금관대로1190번길 35-14, 1층 (외동)","1"
"48","경상남도","154","나이스의료기","경상남도 창녕군 동포로 30 (남지읍)","055-526-5556","전동휠체어(가군, 나군) | 의료용 스쿠터 | 욕창예방방석 | 욕창예방매트리스 | 이동식전동리프트 | 전방보행차 | 후방보행차 | 수동휠체어","경남 창녕군 남지읍 동포로 30","경남 창녕군 남지읍 남지리 294-11","50357","창녕군","128.481788584941","35.3918896996944","ROAD_ADDR","A","경상남도 창녕군 동포로 30 (남지읍)","1"
"48","경상남도","153","남경의료기","경상남도 양산시 황산로 649 (물금읍, 범어유리,우주오토카)","055-362-8275","전동휠체어(가군, 나군) | 의료용 스쿠터 | 욕창예방방석 | 욕창예방매트리스 | 이동식전동리프트 | 전방보행차 | 후방보행차 | 수동휠체어","경남 양산시 물금읍 황산로 649","경남 양산시 물금읍 범어리 772-23","50597","양산시","129.00454008305","35.3293078236253","ROAD_ADDR","A","경상남도 양산시 황산로 649 (물금읍, 범어유리,우주오토카)","1"
"48","경상남도","152","남도의료기","경상남도 진주시 말티고개로 102-3, 101,102호 (하대동, 하대대영아파트)","010-2327-4158","전동휠체어(가군, 나군) | 의료용 스쿠터 | 보청기 | 욕창예방방석 | 욕창예방매트리스 | 이동식전동리프트 | 전방보행차 | 후방보행차 | 수동휠체어","경남 진주시 말티고개로 102-3","경남 진주시 하대동 654-2","52742","진주시","128.112752946668","35.1966031743668","ROAD_ADDR","A","경상남도 진주시 말티고개로 102-3","2"
"48","경상남도","151","남북하이테크메디칼","경상남도 창원시마산합포구 합포로 140 (산호동)","055-245-7891","전동휠체어(가군, 나군) | 의료용 스쿠터 | 욕창예방방석 | 욕창예방매트리스 | 전방보행차 | 후방보행차","경남 창원시 마산합포구 합포로 140","경남 창원시 마산합포구 산호동 324-6","51723","창원시 마산합포구","128.584116254104","35.2102006000573","ROAD_ADDR","A","경상남도 창원시마산합포구 합포로 140 (산호동)","1"
"48","경상남도","150","남사헬스케어","경상남도 사천시 사남면 하동길 52 (사남면)","055-855-7741","전동휠체어(가군, 나군) | 의료용 스쿠터 | 욕창예방방석 | 욕창예방매트리스 | 수동휠체어","경남 사천시 사남면 하동길 52","경남 사천시 사남면 유천리 20-4","52532","사천시","128.07766797981","35.0680650850713","ROAD_ADDR","A","경상남도 사천시 사남면 하동길 52 (사남면)","1"
"48","경상남도","149","남양의료기","경상남도 창원시마산합포구 문화동4길 13-9 (월남동2가)","055-221-0846","전동휠체어(가군, 나군) | 의료용 스쿠터 | 보청기 | 욕창예방방석 | 욕창예방매트리스 | 이동식전동리프트 | 전방보행차 | 후방보행차 | 수동휠체어","경남 창원시 마산합포구 문화동4길 13-9","경남 창원시 마산합포구 월남동2가 17-5","51740","창원시 마산합포구","128.562104726938","35.1860195954255","ROAD_ADDR","A","경상남도 창원시마산합포구 문화동4길 13-9 (월남동2가)","1"
"48","경상남도","148","남해독일보청기 재솔복지용구의료기","경상남도 남해군 화전로 84-1 (남해읍, 월드컵체육사)","055-864-1201","전동휠체어(가군, 나군) | 의료용 스쿠터 | 보청기 | 욕창예방방석 | 욕창예방매트리스 | 이동식전동리프트 | 수동휠체어","경남 남해군 남해읍 화전로 84-1","경남 남해군 남해읍 북변리 158-1","52420","남해군","127.894177234099","34.838755672384","ROAD_ADDR","A","경상남도 남해군 화전로 84-1 (남해읍, 월드컵체육사)","1"
"48","경상남도","147","남해의료기","경상남도 남해군 화전로 177 (남해읍)","055-862-7799","전동휠체어(가군, 나군) | 의료용 스쿠터 | 보청기 | 욕창예방매트리스 | 이동식전동리프트 | 수동휠체어","경남 남해군 남해읍 화전로 177","경남 남해군 남해읍 차산리 784-19","52417","남해군","127.89430032342","34.8471738183472","ROAD_ADDR","A","경상남도 남해군 화전로 177 (남해읍)","1"
"48","경상남도","146","단골의료기","경상남도 밀양시 북성로 10 (내이동)","055-354-1578","전동휠체어(가군, 나군) | 의료용 스쿠터 | 보청기 | 욕창예방방석 | 욕창예방매트리스 | 이동식전동리프트 | 전방보행차 | 후방보행차 | 수동휠체어","경남 밀양시 북성로 10","경남 밀양시 내이동 1189-2","50423","밀양시","128.744015095893","35.4980497974841","ROAD_ADDR","A","경상남도 밀양시 북성로 10 (내이동)","1"
"48","경상남도","145","대경의료기","경상남도 양산시 덕계로 27 (덕계동)","055-386-8489","전동휠체어(가군, 나군) | 의료용 스쿠터 | 보청기 | 욕창예방방석 | 욕창예방매트리스 | 이동식전동리프트 | 전방보행차 | 수동휠체어","경남 양산시 덕계로 27","경남 양산시 덕계동 755-4","50556","양산시","129.148506839666","35.3709199951937","ROAD_ADDR","A","경상남도 양산시 덕계로 27 (덕계동)","1"
"48","경상남도","144","대도의료기","경상남도 진주시 큰들로66번길 14, 1층 102호 (상평동, 동국강변타워1차)","055-759-1999","전동휠체어(가군, 나군) | 의료용 스쿠터 | 보청기 | 욕창예방방석 | 욕창예방매트리스 | 이동식전동리프트 | 수동휠체어","경남 진주시 큰들로66번길 14","경남 진주시 상평동 227","52814","진주시","128.110051884118","35.1699229328502","ROAD_ADDR","A","경상남도 진주시 큰들로66번길 14, 1층 102호 (상평동, 동국강변타워1차)","1"
"48","경상남도","143","대림오토바이","경상남도 진주시 진산로 8 (옥봉동)","055-743-1060","전동휠체어(가군, 나군) | 의료용 스쿠터","경남 진주시 진산로 8","경남 진주시 옥봉동 785-28","52760","진주시","128.092398008848","35.1930064020717","ROAD_ADDR","A","경상남도 진주시 진산로 8 (옥봉동)","1"
"48","경상남도","142","대림의료기","경상남도 창녕군 명덕로 45 (창녕읍)","055-533-5004","전동휠체어(가군, 나군) | 의료용 스쿠터 | 수동휠체어","경남 창녕군 창녕읍 명덕로 45","경남 창녕군 창녕읍 교리 278","50317","창녕군","128.494381425029","35.5429913043778","ROAD_ADDR","A","경상남도 창녕군 명덕로 45 (창녕읍)","1"
"48","경상남도","141","대림의료기(수리)","경상남도 창녕군 명덕로 45 (창녕읍)","055-533-5004","전동휠체어(가군, 나군) | 의료용 스쿠터","경남 창녕군 창녕읍 명덕로 45","경남 창녕군 창녕읍 교리 278","50317","창녕군","128.494381425029","35.5429913043778","ROAD_ADDR","A","경상남도 창녕군 명덕로 45 (창녕읍)","1"
"48","경상남도","140","대성의료기상사","경상남도 김해시 가락로24번길 14-1 (부원동)","055-336-4315","전동휠체어(가군, 나군) | 의료용 스쿠터","경남 김해시 가락로24번길 14-1","경남 김해시 부원동 613-3","50925","김해시","128.88397635668","35.2285854418107","ROAD_ADDR","A","경상남도 김해시 가락로24번길 14-1 (부원동)","1"
"48","경상남도","139","대세메디케어","경상남도 진주시 솔밭로139번길 8 (상대동, 우성골든빌)","055-755-0533","전동휠체어(가군, 나군) | 의료용 스쿠터 | 욕창예방방석 | 욕창예방매트리스 | 이동식전동리프트 | 전방보행차 | 후방보행차 | 수동휠체어","경남 진주시 솔밭로139번길 8","경남 진주시 상대동 288-16","52788","진주시","128.106133660193","35.1817376917127","ROAD_ADDR","A","경상남도 진주시 솔밭로139번길 8 (상대동, 우성골든빌)","1"
"48","경상남도","138","대왕의료기","경상남도 창녕군 낙동로 532 (남지읍)","055-526-3765","전동휠체어(가군, 나군) | 의료용 스쿠터","경남 창녕군 남지읍 낙동로 532","경남 창녕군 남지읍 남지리 274-3","50357","창녕군","128.482639680138","35.389461539103","ROAD_ADDR","A","경상남도 창녕군 낙동로 532 (남지읍)","1"
"48","경상남도","137","대학의료기","경상남도 양산시 화합1길 7-1, 1층 (물금읍)","055-384-7788","전동휠체어(가군, 나군) | 의료용 스쿠터 | 보청기 | 욕창예방방석 | 욕창예방매트리스 | 이동식전동리프트 | 전방보행차 | 후방보행차 | 수동휠체어","경남 양산시 물금읍 화합1길 7-1","경남 양산시 물금읍 범어리 2698-9","50610","양산시","129.008059488707","35.3294070087299","ROAD_ADDR","A","경상남도 양산시 화합1길 7-1, 1층 (물금읍)","1"
"48","경상남도","136","대한의료기","경상남도 창원시 진해구 충장로 357, A동 114호 (경화동)","055-547-0445","전동휠체어(가군, 나군) | 의료용 스쿠터 | 보청기 | 욕창예방방석 | 욕창예방매트리스 | 이동식전동리프트 | 전방보행차 | 후방보행차 | 수동휠체어","경남 창원시 진해구 충장로 357","경남 창원시 진해구 경화동 972-7","51671","창원시 진해구","128.691103309056","35.1539137625104","ROAD_ADDR","A","경상남도 창원시 진해구 충장로 357, A동 114호 (경화동)","1"
"48","경상남도","135","더존메딕스","경상남도 밀양시 하송정1길 11, 1층 (내이동)","055-353-5625","전동휠체어(가군, 나군) | 의료용 스쿠터 | 보청기 | 욕창예방방석 | 욕창예방매트리스","경남 밀양시 하송정1길 11","경남 밀양시 내이동 720-3","50428","밀양시","128.750403858863","35.4969127978788","ROAD_ADDR","A","경상남도 밀양시 하송정1길 11, 1층 (내이동)","1"
"48","경상남도","134","독일의료기.보청기","경상남도 김해시 분성로 108 (외동)","055-327-0040","전동휠체어(가군, 나군) | 의료용 스쿠터 | 보청기 | 욕창예방방석 | 욕창예방매트리스 | 이동식전동리프트 | 전방보행차 | 후방보행차 | 수동휠체어","경남 김해시 분성로 108","경남 김해시 외동 531-2","50961","김해시","128.858909845025","35.2307106882602","ROAD_ADDR","A","경상남도 김해시 분성로 108 (외동)","1"
"48","경상남도","133","동남보조기상사","경상남도 김해시 김해대로 2437 (부원동)","055-334-3477","의지·보조기(교정형신발 등) | 전동휠체어(가군, 나군) | 의료용 스쿠터 | 욕창예방방석 | 욕창예방매트리스 | 이동식전동리프트 | 전방보행차 | 후방보행차 | 수동휠체어","경남 김해시 김해대로 2437","경남 김해시 부원동 171-18","50924","김해시","128.893554502278","35.2276463234552","ROAD_ADDR","A","경상남도 김해시 김해대로 2437 (부원동)","1"
"48","경상남도","132","동남의료기","경상남도 김해시 활천로36번길 75, 1층 (삼정동)","055-326-9388","전동휠체어(가군, 나군) | 의료용 스쿠터 | 수동휠체어","경남 김해시 활천로36번길 75","경남 김해시 삼정동 66-7","50928","김해시","128.900067040388","35.2346607831051","ROAD_ADDR","A","경상남도 김해시 활천로36번길 75, 1층 (삼정동)","1"
"48","경상남도","131","동명보조기","경상남도 창원시마산합포구 3·15대로 320 (서성동)","055-244-9597","의지·보조기(교정형신발 등) | 전동휠체어(가군, 나군) | 의료용 스쿠터 | 수동휠체어","경남 창원시 마산합포구 3.15대로 320","경남 창원시 마산합포구 서성동 65-81","51731","창원시 마산합포구","128.572291311071","35.2035615101221","ROAD_ADDR","A","경상남도 창원시마산합포구 3·15대로 320 (서성동)","1"
"48","경상남도","130","동민메디칼","경상남도 창원시마산회원구 내서읍 중리2길 15","055-231-0297","전동휠체어(가군, 나군) | 의료용 스쿠터 | 욕창예방방석 | 욕창예방매트리스 | 이동식전동리프트 | 전방보행차 | 후방보행차 | 수동휠체어","경남 창원시 마산회원구 내서읍 중리2길 15","경남 창원시 마산회원구 내서읍 중리 1045-3","51230","창원시 마산회원구","128.509287200805","35.2480545472668","ROAD_ADDR","A","경상남도 창원시마산회원구 내서읍 중리2길 15","1"
"48","경상남도","129","동아의료기","경상남도 김해시 진영읍 여래로 29","055-346-2088","전동휠체어(가군, 나군) | 의료용 스쿠터 | 보청기 | 욕창예방방석 | 욕창예방매트리스 | 이동식전동리프트 | 전방보행차 | 후방보행차 | 수동휠체어","경남 김해시 진영읍 여래로 29","경남 김해시 진영읍 여래리 700-153","50864","김해시","128.734791940407","35.303586949295","ROAD_ADDR","A","경상남도 김해시 진영읍 여래로 29","1"
"48","경상남도","128","동아의료기","경상남도 창원시마산합포구 3·15대로 167-1 (중앙동2가)","055-221-9526","전동휠체어(가군, 나군) | 의료용 스쿠터 | 욕창예방방석 | 욕창예방매트리스 | 이동식전동리프트 | 전방보행차 | 수동휠체어","경남 창원시 마산합포구 3.15대로 167-1","경남 창원시 마산합포구 중앙동2가 5-59","51266","창원시 마산합포구","128.565517994976","35.1935175507336","ROAD_ADDR","A","경상남도 창원시마산합포구 3·15대로 167-1 (중앙동2가)","1"
"48","경상남도","127","동아의료기","경상남도 진주시 남강로 709 (장대동)","055-744-1975","전동휠체어(가군, 나군) | 의료용 스쿠터 | 보청기 | 욕창예방방석 | 욕창예방매트리스 | 이동식전동리프트 | 수동휠체어","경남 진주시 남강로 709","경남 진주시 장대동 95-21","52757","진주시","128.089217420227","35.1917360102882","ROAD_ADDR","A","경상남도 진주시 남강로 709 (장대동)","1"
"48","경상남도","126","동양의료기","경상남도 밀양시 삼문중앙로 51-14 (삼문동)","055-355-6764","전동휠체어(가군, 나군) | 의료용 스쿠터 | 수동휠체어","경남 밀양시 삼문중앙로 51-14","경남 밀양시 삼문동 176-15","50436","밀양시","128.756716191427","35.4860542017909","ROAD_ADDR","A","경상남도 밀양시 삼문중앙로 51-14 (삼문동)","1"
"48","경상남도","125","동양의료기","경상남도 함양군 고운로 71 (함양읍)","055-962-3061","전동휠체어(가군, 나군) | 의료용 스쿠터 | 욕창예방방석 | 수동휠체어","경남 함양군 함양읍 고운로 71","경남 함양군 함양읍 용평리 688-1","50037","함양군","127.729067135957","35.5209776035507","ROAD_ADDR","A","경상남도 함양군 고운로 71 (함양읍)","1"
"48","경상남도","124","동양의료기(주)","경상남도 진주시 남강로651번길 14 (본성동)","055-741-7880","전동휠체어(가군, 나군) | 의료용 스쿠터 | 보청기 | 욕창예방방석 | 욕창예방매트리스 | 이동식전동리프트 | 후방보행차 | 수동휠체어","경남 진주시 남강로651번길 14","경남 진주시 본성동 1-14","52691","진주시","128.082450342702","35.1922349929671","ROAD_ADDR","A","경상남도 진주시 남강로651번길 14 (본성동)","1"
"48","경상남도","123","동양의료기상사","경상남도 거창군 중앙로 171 (거창읍)","055-943-4577","전동휠체어(가군, 나군) | 의료용 스쿠터 | 욕창예방방석 | 욕창예방매트리스 | 이동식전동리프트 | 수동휠체어","경남 거창군 거창읍 중앙로 171","경남 거창군 거창읍 대동리 815-9","50134","거창군","127.916978543406","35.6881394815197","ROAD_ADDR","A","경상남도 거창군 중앙로 171 (거창읍)","1"
"48","경상남도","122","동양재활보조기","경상남도 창원시마산회원구 합성동3길 78 (합성동)","055-253-5900","의지·보조기(교정형신발 등) | 전동휠체어(가군, 나군) | 의료용 스쿠터 | 수동휠체어","경남 창원시 마산회원구 합성동3길 78","경남 창원시 마산회원구 합성동 317-36","51355","창원시 마산회원구","128.58977797789","35.2410064848827","ROAD_ADDR","A","경상남도 창원시마산회원구 합성동3길 78 (합성동)","1"
"48","경상남도","121","동인의료기","경상남도 진주시 장대로5번길 6-1 (장대동)","055-741-0042","전동휠체어(가군, 나군) | 의료용 스쿠터 | 욕창예방방석 | 욕창예방매트리스 | 전방보행차 | 후방보행차 | 수동휠체어","경남 진주시 장대로5번길 6-1","경남 진주시 장대동 101-7","52758","진주시","128.088138462859","35.1920968570446","ROAD_ADDR","A","경상남도 진주시 장대로5번길 6-1 (장대동)","1"
"48","경상남도","120","드림메디칼","경상남도 창원시 마산합포구 월영북15길 42, 101호 (홍문동)","010-9522-8429","전동휠체어(가군, 나군) | 의료용 스쿠터 | 이동식전동리프트 | 수동휠체어","경남 창원시 마산합포구 월영북15길 42","경남 창원시 마산합포구 홍문동 15-9","51765","창원시 마산합포구","128.55856272108","35.182794537526","ROAD_ADDR","A","경상남도 창원시 마산합포구 월영북15길 42, 101호 (홍문동)","1"
"48","경상남도","119","디앤비메디칼","경상남도 거제시 두모길 16, 1층 (두모동, 대우병원)","055-681-8860","전동휠체어(가군, 나군) | 욕창예방방석 | 욕창예방매트리스 | 수동휠체어","경남 거제시 두모길 16","경남 거제시 두모동 378","53317","거제시","128.722122008844","34.8719546249584","ROAD_ADDR","A","경상남도 거제시 두모길 16, 1층 (두모동, 대우병원)","1"
"48","경상남도","118","리햅케어경남판매점","경상남도 창원시 마산합포구 신서촌로 41 (진동면)","055-271-9441","전동휠체어(가군, 나군) | 의료용 스쿠터","경남 창원시 마산합포구 진동면 신서촌로 41","경남 창원시 마산합포구 진동면 진동리 639","51793","창원시 마산합포구","128.485077936921","35.1183069167048","ROAD_ADDR","A","경상남도 창원시 마산합포구 신서촌로 41 (진동면)","1"
"48","경상남도","117","마린메딕스","경상남도 창원시 진해구 충장로285번길 27-1, 104호 (경화동, 봉산하이츠빌라)","055-552-3915","전동휠체어(가군, 나군) | 의료용 스쿠터 | 보청기 | 욕창예방방석 | 욕창예방매트리스 | 이동식전동리프트 | 수동휠체어","경남 창원시 진해구 충장로285번길 27-1","경남 창원시 진해구 경화동 1151-5","51668","창원시 진해구","128.68289935827","35.1565035159289","ROAD_ADDR","A","경상남도 창원시 진해구 충장로285번길 27-1, 104호 (경화동, 봉산하이츠빌라)","1"
"48","경상남도","116","마산의료기","경상남도 창원시마산합포구 합포로 25, 2층 (남성동, 독일보청기)","055-241-1100","전동휠체어(가군, 나군) | 의료용 스쿠터 | 보청기","경남 창원시 마산합포구 합포로 25","경남 창원시 마산합포구 남성동 182-5","51731","창원시 마산합포구","128.574891208997","35.2032947451188","ROAD_ADDR","A","경상남도 창원시마산합포구 합포로 25, 2층 (남성동, 독일보청기)","1"
"48","경상남도","115","메디칼보조기상사","경상남도 진주시 진주대로953번길 9 (강남동)","055-761-1512","의지·보조기(교정형신발 등) | 전동휠체어(가군, 나군) | 의료용 스쿠터 | 수동휠체어","경남 진주시 진주대로953번길 9","경남 진주시 강남동 158-1","52709","진주시","128.087423784346","35.1847611036959","ROAD_ADDR","A","경상남도 진주시 진주대로953번길 9 (강남동)","1"
"48","경상남도","114","모아의료기&청구대행","경상남도 김해시 번화1로44번길 32, 1층 109호 (대청동)","055-311-8182","전동휠체어(가군, 나군) | 의료용 스쿠터 | 욕창예방방석 | 욕창예방매트리스 | 이동식전동리프트 | 전방보행차 | 후방보행차 | 수동휠체어","경남 김해시 번화1로44번길 32","경남 김해시 대청동 314-4","51004","김해시","128.804079618724","35.1918559148554","ROAD_ADDR","A","경상남도 김해시 번화1로44번길 32, 1층 109호 (대청동)","1"
"48","경상남도","113","미건원적외선","경상남도 합천군 합천읍 서산길 41 (합천읍)","055-931-7504","전동휠체어(가군, 나군) | 의료용 스쿠터 | 보청기 | 욕창예방매트리스 | 이동식전동리프트 | 전방보행차 | 수동휠체어","경남 합천군 합천읍 서산길 41","경남 합천군 합천읍 서산리 846-13","50229","합천군","128.146358715694","35.5711590407825","ROAD_ADDR","A","경상남도 합천군 합천읍 서산길 41 (합천읍)","1"
"48","경상남도","112","미음드레","경상남도 남해군 남해대로 3406 (고현면)","055-863-3440","의지·보조기(교정형신발 등) | 전동휠체어(가군, 나군) | 의료용 스쿠터 | 자세보조용구 | 욕창예방방석 | 욕창예방매트리스 | 이동식전동리프트 | 전방보행차 | 후방보행차 | 수동휠체어","경남 남해군 고현면 남해대로 3406","경남 남해군 고현면 오곡리 196-5","52403","남해군","127.883736286797","34.8868520920718","ROAD_ADDR","A","경상남도 남해군 남해대로 3406 (고현면)","1"
"48","경상남도","111","미임드레","경상남도 남해군 남해대로 3406 (고현면)","055-863-3440","의지·보조기(교정형신발 등) | 전동휠체어(가군, 나군) | 의료용 스쿠터 | 후방보행차 | 수동휠체어","경남 남해군 고현면 남해대로 3406","경남 남해군 고현면 오곡리 196-5","52403","남해군","127.883736286797","34.8868520920718","ROAD_ADDR","A","경상남도 남해군 남해대로 3406 (고현면)","1"
"48","경상남도","110","밀양의료기 보청기관리센터","경상남도 밀양시 북성로 23 (내이동)","055-355-5553","전동휠체어(가군, 나군) | 의료용 스쿠터 | 보청기 | 수동휠체어","경남 밀양시 북성로 23","경남 밀양시 내이동 1185-6","50423","밀양시","128.745198267761","35.4987411858392","ROAD_ADDR","A","경상남도 밀양시 북성로 23 (내이동)","1"
"48","경상남도","109","백세건강 메디칼","경상남도 진주시 가호로 37 (호탄동)","055-757-3147","전동휠체어(가군, 나군) | 의료용 스쿠터 | 욕창예방방석 | 욕창예방매트리스 | 이동식전동리프트 | 전방보행차 | 후방보행차 | 수동휠체어","경남 진주시 가호로 37","경남 진주시 호탄동 976-4","52817","진주시","128.110228520808","35.1637476712505","ROAD_ADDR","A","경상남도 진주시 가호로 37 (호탄동)","1"
"48","경상남도","108","사)경남지체장애인협회사천시지회","경상남도 사천시 노대길 178 (노룡동)","055-833-0241","전동휠체어(가군, 나군) | 의료용 스쿠터","경남 사천시 노대길 178","경남 사천시 노룡동 624-1","52546","사천시","128.050109174614","34.9837561894367","ROAD_ADDR","A","경상남도 사천시 노대길 178 (노룡동)","1"
"48","경상남도","107","사단법인 한국한마음장애인복지협회","경상남도 양산시 금오4길 29-15, 1층 (동면)","055-367-1787","전동휠체어(가군, 나군) | 의료용 스쿠터 | 욕창예방방석 | 욕창예방매트리스 | 이동식전동리프트 | 전방보행차 | 후방보행차 | 수동휠체어","경남 양산시 동면 금오4길 29-15","경남 양산시 동면 금산리 1458-2","50639","양산시","129.026257311998","35.3101515076899","ROAD_ADDR","A","경상남도 양산시 금오4길 29-15, 1층 (동면)","1"
"48","경상남도","106","사람과 세상","경상남도 양산시 양주3길 15-14, 1층 (중부동, 황토추어탕)","070-8229-9006","전동휠체어(가군, 나군) | 의료용 스쿠터 | 욕창예방방석 | 욕창예방매트리스 | 이동식전동리프트 | 수동휠체어","경남 양산시 양주3길 15-14","경남 양산시 중부동 662-18","50620","양산시","129.033012056394","35.3411172454983","ROAD_ADDR","A","경상남도 양산시 양주3길 15-14, 1층 (중부동, 황토추어탕)","1"
"48","경상남도","105","사천아이케어","경상남도 사천시 진삼로 1289 (사천읍)","010-8753-1486","전동휠체어(가군, 나군) | 의료용 스쿠터 | 욕창예방방석 | 욕창예방매트리스 | 이동식전동리프트 | 전방보행차 | 수동휠체어","경남 사천시 사천읍 진삼로 1289","경남 사천시 사천읍 사주리 142-2","52532","사천시","128.078748047803","35.0679665227641","ROAD_ADDR","A","경상남도 사천시 진삼로 1289 (사천읍)","1"
"48","경상남도","104","삼성메디컬","경상남도 진주시 진주대로 914 (칠암동)","055-755-1199","전동휠체어(가군, 나군) | 의료용 스쿠터 | 욕창예방방석 | 욕창예방매트리스 | 이동식전동리프트 | 전방보행차 | 후방보행차 | 수동휠체어","경남 진주시 진주대로 914","경남 진주시 칠암동 511-9","52724","진주시","128.089850649051","35.181972384115","ROAD_ADDR","A","경상남도 진주시 진주대로 914 (칠암동)","1"
"48","경상남도","103","삼성의료기","경상남도 양산시 중앙로 174-1 (북부동)","055-389-0374","전동휠체어(가군, 나군) | 의료용 스쿠터 | 보청기 | 욕창예방방석 | 욕창예방매트리스 | 수동휠체어","경남 양산시 중앙로 174-1","경남 양산시 북부동 402","50618","양산시","129.039099182072","35.3460145737438","ROAD_ADDR","A","경상남도 양산시 중앙로 174-1 (북부동)","1"
"48","경상남도","102","삼성의료기상사","경상남도 창원시 의창구 의창대로211번길 6-2 (서상동)","055-253-8706","전동휠체어(가군, 나군) | 의료용 스쿠터","경남 창원시 의창구 의창대로211번길 6-2","경남 창원시 의창구 서상동 309-1","51194","창원시 의창구","128.621101432233","35.2622913855168","ROAD_ADDR","A","경상남도 창원시 의창구 의창대로211번길 6-2 (서상동)","1"
"48","경상남도","101","상록메디칼","경상남도 진주시 신안로 165, 128호 (이현동, 이현종합상가)","055-747-1584","전동휠체어(가군, 나군) | 의료용 스쿠터 | 수동휠체어","경남 진주시 신안로 165","경남 진주시 이현동 21-3","52670","진주시","128.066133403217","35.1919912909273","ROAD_ADDR","A","경상남도 진주시 신안로 165, 128호 (이현동, 이현종합상가)","1"
"48","경상남도","100","상아보조기상사","경상남도 진주시 진주대로915번길 12 (강남동)","055-759-8855","의지·보조기(교정형신발 등) | 전동휠체어(가군, 나군) | 의료용 스쿠터 | 수동휠체어","경남 진주시 진주대로915번길 12","경남 진주시 강남동 245-78","52710","진주시","128.088268124194","35.1818125737665","ROAD_ADDR","A","경상남도 진주시 진주대로915번길 12 (강남동)","1"
"48","경상남도","99","새롬메디칼","경상남도 통영시 무전7길 174 지하1층 (무전동)","055-640-4139","전동휠체어(가군, 나군) | 의료용 스쿠터 | 욕창예방방석 | 욕창예방매트리스 | 이동식전동리프트 | 전방보행차 | 후방보행차 | 수동휠체어","경남 통영시 무전7길 174","경남 통영시 무전동 767-9","53034","통영시","128.421010834661","34.8653344727244","ROAD_ADDR","A","경상남도 통영시 무전7길 174 지하1층 (무전동)","1"
"48","경상남도","98","서울건강의료기","경상남도 거창군 중앙로1길 34 (거창읍, 서울건강의료기)","055-944-1322","전동휠체어(가군, 나군) | 의료용 스쿠터 | 욕창예방방석 | 욕창예방매트리스 | 수동휠체어","경남 거창군 거창읍 중앙로1길 34","경남 거창군 거창읍 대동리 845-1","50133","거창군","127.914517525227","35.6881743354151","ROAD_ADDR","A","경상남도 거창군 중앙로1길 34 (거창읍, 서울건강의료기)","1"
"48","경상남도","97","서울보청기·의료기","경상남도 밀양시 내이4길 11 (내이동)","055-353-7166","전동휠체어(가군, 나군) | 의료용 스쿠터 | 보청기 | 욕창예방방석 | 욕창예방매트리스 | 이동식전동리프트 | 수동휠체어","경남 밀양시 내이4길 11","경남 밀양시 내이동 1180-9","50423","밀양시","128.74368528787","35.4992485283883","ROAD_ADDR","A","경상남도 밀양시 내이4길 11 (내이동)","1"
"48","경상남도","96","서울의료기","경상남도 함양군 한들로 145 (함양읍, 현대동물병원)","055-964-2250","전동휠체어(가군, 나군) | 의료용 스쿠터 | 욕창예방방석 | 욕창예방매트리스 | 이동식전동리프트 | 수동휠체어","경남 함양군 함양읍 한들로 145","경남 함양군 함양읍 용평리 672-6","50039","함양군","127.732173672023","35.5199559303176","ROAD_ADDR","A","경상남도 함양군 한들로 145 (함양읍, 현대동물병원)","1"
"48","경상남도","95","성지보조기상사","경상남도 밀양시 중앙로 242 (삼문동)","055-354-6691","의지·보조기(교정형신발 등) | 전동휠체어(가군, 나군) | 의료용 스쿠터 | 보청기 | 욕창예방방석 | 욕창예방매트리스 | 이동식전동리프트 | 전방보행차 | 후방보행차 | 수동휠체어","경남 밀양시 중앙로 242","경남 밀양시 삼문동 166-3","50441","밀양시","128.757402272903","35.4851324037283","ROAD_ADDR","A","경상남도 밀양시 중앙로 242 (삼문동)","1"
"48","경상남도","94","성진의료기상사","경상남도 창원시 마산회원구 팔용로 165 (구암동, 제세한의원)","055-298-1160","전동휠체어(가군, 나군) | 의료용 스쿠터 | 보청기 | 욕창예방방석 | 욕창예방매트리스 | 수동휠체어","경남 창원시 마산회원구 팔용로 165","경남 창원시 마산회원구 구암동 26-11","51354","창원시 마산회원구","128.591219933821","35.2436733776941","ROAD_ADDR","A","경상남도 창원시 마산회원구 팔용로 165 (구암동, 제세한의원)","1"
"48","경상남도","93","스마일 모빌리티","경상남도 밀양시 백민로 69, 1층 (내이동, 성우빌딩)","010-7922-2347","전동휠체어(가군, 나군) | 의료용 스쿠터 | 이동식전동리프트 | 전방보행차 | 후방보행차 | 수동휠체어","경남 밀양시 백민로 69","경남 밀양시 내이동 1572-8","50423","밀양시","128.746463584903","35.4986092340861","ROAD_ADDR","A","경상남도 밀양시 백민로 69, 1층 (내이동, 성우빌딩)","1"
"48","경상남도","92","스마일케어","경상남도 김해시 김해대로2517번길 20, 1층 (삼정동)","055-326-0969","전동휠체어(가군, 나군) | 의료용 스쿠터 | 욕창예방방석 | 욕창예방매트리스","경남 김해시 김해대로2517번길 20","경남 김해시 삼정동 654-7","50933","김해시","128.902121159816","35.2299780528964","ROAD_ADDR","A","경상남도 김해시 김해대로2517번길 20, 1층 (삼정동)","1"
"48","경상남도","91","스마트의료기","경상남도 창원시 마산합포구 3·15대로 310-1 (서성동)","055-242-2638","전동휠체어(가군, 나군) | 의료용 스쿠터 | 보청기 | 욕창예방방석 | 욕창예방매트리스 | 이동식전동리프트 | 수동휠체어","경남 창원시 마산합포구 3.15대로 310-1","경남 창원시 마산합포구 서성동 82-15","51734","창원시 마산합포구","128.571560412692","35.2025556653577","ROAD_ADDR","A","경상남도 창원시 마산합포구 3·15대로 310-1 (서성동)","1"
"48","경상남도","90","신 세종메디","경상남도 창원시 의창구 의창대로289번길 19 (소답동)","055-253-0107","전동휠체어(가군, 나군) | 의료용 스쿠터","경남 창원시 의창구 의창대로289번길 19","경남 창원시 의창구 소답동 142-10","51201","창원시 의창구","128.629138796506","35.263452871535","ROAD_ADDR","A","경상남도 창원시 의창구 의창대로289번길 19 (소답동)","1"
"48","경상남도","89","신기의료기 고성점","경상남도 고성군 중앙로 20 (고성읍)","055-672-1198","전동휠체어(가군, 나군) | 의료용 스쿠터 | 욕창예방방석 | 욕창예방매트리스 | 이동식전동리프트 | 전방보행차 | 수동휠체어","경남 고성군 고성읍 중앙로 20","경남 고성군 고성읍 성내리 163","52943","고성군","128.322368002672","34.9742889843526","ROAD_ADDR","A","경상남도 고성군 중앙로 20 (고성읍)","1"
"48","경상남도","88","신기의료기 김해점","경상남도 김해시 분성로 295, 103호 (서상동)","055-328-2988","전동휠체어(가군, 나군) | 의료용 스쿠터 | 욕창예방방석 | 욕창예방매트리스 | 이동식전동리프트 | 전방보행차 | 수동휠체어","경남 김해시 분성로 295","경남 김해시 서상동 330-10","50916","김해시","128.878343558453","35.2332217426738","ROAD_ADDR","A","경상남도 김해시 분성로 295, 103호 (서상동)","1"
"48","경상남도","87","신기의료기 마산내서점","경상남도 창원시 마산회원구 상곡로 34 (내서읍)","055-232-2117","전동휠체어(가군, 나군) | 의료용 스쿠터 | 욕창예방방석 | 욕창예방매트리스 | 이동식전동리프트 | 수동휠체어","경남 창원시 마산회원구 내서읍 상곡로 34","경남 창원시 마산회원구 내서읍 상곡리 24","51218","창원시 마산회원구","128.501735498285","35.2431375122778","ROAD_ADDR","A","경상남도 창원시 마산회원구 상곡로 34 (내서읍)","1"
"48","경상남도","86","신기의료기 마산합포점","경상남도 창원시 마산합포구 문화동15길 22, 1층 (해운동)","055-246-1599","전동휠체어(가군, 나군) | 의료용 스쿠터 | 욕창예방방석 | 욕창예방매트리스 | 이동식전동리프트 | 수동휠체어","경남 창원시 마산합포구 문화동15길 22","경남 창원시 마산합포구 해운동 65-15","51745","창원시 마산합포구","128.562057423979","35.181615202279","ROAD_ADDR","A","경상남도 창원시 마산합포구 문화동15길 22, 1층 (해운동)","1"
"48","경상남도","85","신기의료기 마산회원점","경상남도 창원시 마산회원구 북성로 156, 1층 (회원동, 코렉스자전거)","055-251-2311","전동휠체어(가군, 나군) | 의료용 스쿠터 | 욕창예방방석 | 욕창예방매트리스 | 이동식전동리프트 | 전방보행차 | 수동휠체어","경남 창원시 마산회원구 북성로 156","경남 창원시 마산회원구 회원동 30-21","51289","창원시 마산회원구","128.571088461879","35.2210522086887","ROAD_ADDR","A","경상남도 창원시 마산회원구 북성로 156, 1층 (회원동, 코렉스자전거)","1"
"48","경상남도","84","신기의료기 물금점","경상남도 양산시 백호2길 13-6, 1층 (물금읍)","055-382-5827","전동휠체어(가군, 나군) | 의료용 스쿠터 | 욕창예방방석 | 욕창예방매트리스 | 이동식전동리프트 | 전방보행차 | 수동휠체어","경남 양산시 물금읍 백호2길 13-6","경남 양산시 물금읍 가촌리 1262-2","50613","양산시","128.998486507155","35.3195357802476","ROAD_ADDR","A","경상남도 양산시 백호2길 13-6, 1층 (물금읍)","1"
"48","경상남도","83","신기의료기 밀양점","경상남도 밀양시 밀양대로 2149 (교동, 대웅맨션)","055-354-2220","전동휠체어(가군, 나군) | 의료용 스쿠터 | 욕창예방방석 | 욕창예방매트리스 | 이동식전동리프트 | 전방보행차 | 수동휠체어","경남 밀양시 밀양대로 2149","경남 밀양시 교동 763-2","50420","밀양시","128.7565537554","35.5054257819524","ROAD_ADDR","A","경상남도 밀양시 밀양대로 2149 (교동, 대웅맨션)","1"
"48","경상남도","82","신기의료기 본점","경상남도 양산시 중앙우회로 142, 1층 (북부동, 현대자동차)","055-388-9988","전동휠체어(가군, 나군) | 의료용 스쿠터 | 욕창예방방석 | 욕창예방매트리스 | 이동식전동리프트 | 전방보행차 | 수동휠체어","경남 양산시 중앙우회로 142","경남 양산시 북부동 691-3","50616","양산시","129.03886110796","35.3482302628284","ROAD_ADDR","A","경상남도 양산시 중앙우회로 142, 1층 (북부동, 현대자동차)","1"
"48","경상남도","81","신기의료기 서창점","경상남도 양산시 소주회야1길 5-8, 1층 101호 (소주동)","055-385-8595","전동휠체어(가군, 나군) | 의료용 스쿠터 | 욕창예방방석 | 욕창예방매트리스 | 이동식전동리프트 | 수동휠체어","경남 양산시 소주회야1길 5-8","경남 양산시 소주동 364","50514","양산시","129.158130179338","35.4074985335707","ROAD_ADDR","A","경상남도 양산시 소주회야1길 5-8, 1층 101호 (소주동)","1"
"48","경상남도","80","신기의료기 양산동면점","경상남도 양산시 금오2길 25, 1층 (동면, 서림아이빌)","055-383-8100","전동휠체어(가군, 나군) | 의료용 스쿠터 | 욕창예방방석 | 욕창예방매트리스 | 이동식전동리프트 | 전방보행차 | 수동휠체어","경남 양산시 동면 금오2길 25","경남 양산시 동면 금산리 1446-26","50639","양산시","129.024463723032","35.3106643048428","ROAD_ADDR","A","경상남도 양산시 금오2길 25, 1층 (동면, 서림아이빌)","1"
"48","경상남도","79","신기의료기 웅상점","경상남도 양산시 번영로 37, 103호 (덕계동)","055-366-8889","전동휠체어(가군, 나군) | 의료용 스쿠터 | 욕창예방방석 | 욕창예방매트리스 | 이동식전동리프트 | 전방보행차 | 수동휠체어","경남 양산시 번영로 37","경남 양산시 덕계동 1036","50554","양산시","129.149311251961","35.3752697934135","ROAD_ADDR","A","경상남도 양산시 번영로 37, 103호 (덕계동)","1"
"48","경상남도","78","신기의료기 장유점","경상남도 김해시 능동로 55-1, 101동 2502호 (삼문동)","055-724-3326","전동휠체어(가군, 나군) | 의료용 스쿠터 | 욕창예방방석 | 욕창예방매트리스 | 이동식전동리프트 | 전방보행차 | 수동휠체어","경남 김해시 능동로 55-1","경남 김해시 삼문동 133-3","50979","김해시","128.799403261646","35.1975853411521","ROAD_ADDR","A","경상남도 김해시 능동로 55-1, 101동 2502호 (삼문동)","1"
"48","경상남도","77","신기의료기 진영점","경상남도 김해시 진영로 215, 1층 (진영읍)","055-342-1165","전동휠체어(가군, 나군) | 의료용 스쿠터 | 욕창예방방석 | 욕창예방매트리스 | 이동식전동리프트 | 전방보행차 | 수동휠체어","경남 김해시 진영읍 진영로 215","경남 김해시 진영읍 여래리 711-1","50868","김해시","128.736480999504","35.3027552270968","ROAD_ADDR","A","경상남도 김해시 진영로 215, 1층 (진영읍)","1"
"48","경상남도","76","신기의료기 창원점","경상남도 창원시 의창구 봉곡로 110-1, 1층 (봉곡동)","055-276-0762","전동휠체어(가군, 나군) | 의료용 스쿠터 | 욕창예방방석 | 욕창예방매트리스 | 이동식전동리프트 | 전방보행차 | 수동휠체어","경남 창원시 의창구 봉곡로 110-1","경남 창원시 의창구 봉곡동 132-18","51146","창원시 의창구","128.670163009708","35.2475619200881","ROAD_ADDR","A","경상남도 창원시 의창구 봉곡로 110-1, 1층 (봉곡동)","1"
"48","경상남도","75","신기의료기 함안점","경상남도 함안군 용산2길 37 (칠원읍, 칠원현대약국)","055-587-6846","전동휠체어(가군, 나군) | 의료용 스쿠터 | 욕창예방방석 | 욕창예방매트리스 | 이동식전동리프트 | 전방보행차 | 수동휠체어","경남 함안군 칠원읍 용산2길 37","경남 함안군 칠원읍 용산리 314-4","52017","함안군","128.516441972889","35.3086821678829","ROAD_ADDR","A","경상남도 함안군 용산2길 37 (칠원읍, 칠원현대약국)","1"
"48","경상남도","74","신창의료기","경상남도 거제시 고현로 119, A동 102호 (고현동, 중앙빌딩)","055-635-1868","전동휠체어(가군, 나군) | 의료용 스쿠터 | 욕창예방방석 | 욕창예방매트리스 | 이동식전동리프트 | 전방보행차 | 후방보행차 | 수동휠체어","경남 거제시 고현로 119","경남 거제시 고현동 41-8","53251","거제시","128.625448012821","34.8879693368616","ROAD_ADDR","A","경상남도 거제시 고현로 119, A동 102호 (고현동, 중앙빌딩)","1"
"48","경상남도","73","아림의료기","경상남도 거창군 거안로 616 아림의료기 (마리면)","000-1544-4676","전동휠체어(가군, 나군) | 의료용 스쿠터 | 욕창예방방석 | 욕창예방매트리스 | 이동식전동리프트 | 수동휠체어","경남 거창군 마리면 거안로 616","경남 거창군 마리면 대동리 1539-1","50110","거창군","127.838905389796","35.6859431285268","ROAD_ADDR","A","경상남도 거창군 거안로 616 아림의료기 (마리면)","1"
"48","경상남도","72","아주실버케어","경상남도 진주시 돗골로117번길 21, 1층 (상평동)","055-758-5784","전동휠체어(가군, 나군) | 의료용 스쿠터 | 욕창예방방석 | 욕창예방매트리스 | 전방보행차 | 수동휠체어","경남 진주시 돗골로117번길 21","경남 진주시 상평동 218-34","52796","진주시","128.1099975043","35.1784790228214","ROAD_ADDR","A","경상남도 진주시 돗골로117번길 21, 1층 (상평동)","1"
"48","경상남도","71","아주의료기","경상남도 진주시 모덕로 76 (상대동)","055-756-6789","전동휠체어(가군, 나군) | 의료용 스쿠터 | 보청기 | 욕창예방방석 | 욕창예방매트리스 | 이동식전동리프트 | 전방보행차 | 후방보행차 | 수동휠체어","경남 진주시 모덕로 76","경남 진주시 상대동 288-3","52788","진주시","128.106139573069","35.1821821585851","ROAD_ADDR","A","경상남도 진주시 모덕로 76 (상대동)","1"
"48","경상남도","70","약손의료기","경상남도 의령군 의병로 245-1 (의령읍, 삼천리)","055-573-2175","전동휠체어(가군, 나군) | 의료용 스쿠터 | 보청기 | 수동휠체어","경남 의령군 의령읍 의병로 245-1","경남 의령군 의령읍 중동리 369-29","52147","의령군","128.263617594029","35.3201561169704","ROAD_ADDR","A","경상남도 의령군 의병로 245-1 (의령읍, 삼천리)","1"
"48","경상남도","69","양산복지의료기","경상남도 양산시 서창로 112 (삼호동, 형제유리)","055-372-5108","전동휠체어(가군, 나군) | 의료용 스쿠터 | 욕창예방방석 | 욕창예방매트리스 | 이동식전동리프트 | 전방보행차 | 수동휠체어","경남 양산시 서창로 112","경남 양산시 삼호동 996-5","50530","양산시","129.167178452131","35.410723990989","ROAD_ADDR","A","경상남도 양산시 서창로 112 (삼호동, 형제유리)","1"
"48","경상남도","68","엠에스마산보조기","경상남도 창원시마산합포구 합포로 197 (산호동)","055-222-8000","의지·보조기(교정형신발 등) | 전동휠체어(가군, 나군) | 의료용 스쿠터 | 보청기 | 자세보조용구 | 욕창예방방석 | 욕창예방매트리스 | 이동식전동리프트 | 전방보행차 | 후방보행차 | 수동휠체어","경남 창원시 마산합포구 합포로 197","경남 창원시 마산합포구 산호동 222-1","51331","창원시 마산합포구","128.586560286897","35.2149452270489","ROAD_ADDR","A","경상남도 창원시마산합포구 합포로 197 (산호동)","1"
"48","경상남도","67","연세의료기","경상남도 창원시 마산합포구 문화동4길 6 (월남동2가)","070-7818-4668","전동휠체어(가군, 나군) | 의료용 스쿠터 | 보청기 | 수동휠체어","경남 창원시 마산합포구 문화동4길 6","경남 창원시 마산합포구 월남동2가 24-3","51740","창원시 마산합포구","128.561920785661","35.1866358043889","ROAD_ADDR","A","경상남도 창원시 마산합포구 문화동4길 6 (월남동2가)","1"
"48","경상남도","66","연세의료기","경상남도 사천시 중앙로 136, 1동 (벌리동, 삼천포제일병원)","055-833-7788","전동휠체어(가군, 나군) | 의료용 스쿠터 | 욕창예방방석 | 욕창예방매트리스 | 이동식전동리프트 | 전방보행차 | 후방보행차 | 수동휠체어","경남 사천시 중앙로 136","경남 사천시 벌리동 461-7","52560","사천시","128.079511732592","34.9375404675235","ROAD_ADDR","A","경상남도 사천시 중앙로 136, 1동 (벌리동, 삼천포제일병원)","1"
"48","경상남도","65","연세의료기상사","경상남도 창원시 진해구 동진로11번길 4 (이동)","055-546-7061","전동휠체어(가군, 나군) | 의료용 스쿠터 | 보청기 | 욕창예방방석 | 욕창예방매트리스 | 이동식전동리프트 | 전방보행차 | 후방보행차 | 수동휠체어","경남 창원시 진해구 동진로11번길 4","경남 창원시 진해구 이동 676-13","51659","창원시 진해구","128.697906958256","35.154372927918","ROAD_ADDR","A","경상남도 창원시 진해구 동진로11번길 4 (이동)","1"
"48","경상남도","64","열린메디칼","경상남도 진주시 초전남로 25, 1층 (초전동)","055-753-2711","전동휠체어(가군, 나군) | 의료용 스쿠터 | 욕창예방방석 | 욕창예방매트리스 | 이동식전동리프트 | 전방보행차 | 후방보행차 | 수동휠체어","경남 진주시 초전남로 25","경남 진주시 초전동 684-22","52737","진주시","128.114007283694","35.1985884627602","ROAD_ADDR","A","경상남도 진주시 초전남로 25, 1층 (초전동)","1"
"48","경상남도","63","영인의료기","경상남도 진주시 진양호로 570 (장대동)","055-748-5630","전동휠체어(가군, 나군) | 의료용 스쿠터","경남 진주시 진양호로 570","경남 진주시 장대동 136-3","52758","진주시","128.087742422488","35.193948980956","ROAD_ADDR","A","경상남도 진주시 진양호로 570 (장대동)","1"
"48","경상남도","62","예손의료기","경상남도 창원시마산합포구 남성로 93 (수성동)","055-241-2225","전동휠체어(가군, 나군) | 의료용 스쿠터 | 보청기 | 욕창예방방석 | 욕창예방매트리스 | 이동식전동리프트 | 전방보행차 | 후방보행차 | 수동휠체어","경남 창원시 마산합포구 남성로 93","경남 창원시 마산합포구 수성동 38-6","51730","창원시 마산합포구","128.574111060953","35.204892873182","ROAD_ADDR","A","경상남도 창원시마산합포구 남성로 93 (수성동)","1"
"48","경상남도","61","예손의료보조기","경상남도 창원시 마산합포구 남성로 93 (수성동)","055-241-2225","의지·보조기(교정형신발 등) | 전동휠체어(가군, 나군) | 의료용 스쿠터 | 보청기 | 자세보조용구 | 욕창예방방석 | 욕창예방매트리스","경남 창원시 마산합포구 남성로 93","경남 창원시 마산합포구 수성동 38-6","51730","창원시 마산합포구","128.574111060953","35.204892873182","ROAD_ADDR","A","경상남도 창원시 마산합포구 남성로 93 (수성동)","1"
"48","경상남도","60","옥포의료기복지용구센터","경상남도 거제시 옥포중앙로 59, 1층 (옥포동)","055-688-4424","전동휠체어(가군, 나군) | 의료용 스쿠터 | 보청기 | 욕창예방방석 | 욕창예방매트리스 | 이동식전동리프트 | 전방보행차 | 후방보행차 | 수동휠체어","경남 거제시 옥포중앙로 59","경남 거제시 옥포동 505-10","53219","거제시","128.692376086151","34.8963738595741","ROAD_ADDR","A","경상남도 거제시 옥포중앙로 59, 1층 (옥포동)","1"
"48","경상남도","59","용원의료기","경상남도 창원시 진해구 용원로 42 (용원동, 사라)","055-552-8201","전동휠체어(가군, 나군) | 의료용 스쿠터 | 보청기 | 욕창예방방석 | 욕창예방매트리스 | 이동식전동리프트 | 전방보행차 | 후방보행차 | 수동휠체어","경남 창원시 진해구 용원로 42","경남 창원시 진해구 용원동 1265-8","51610","창원시 진해구","128.81370659004","35.0995137883287","ROAD_ADDR","A","경상남도 창원시 진해구 용원로 42 (용원동, 사라)","1"
"48","경상남도","58","우신메디아이","경상남도 창원시 의창구 의안로22번길 7, 1층 (소답동)","010-4908-4574","전동휠체어(가군, 나군) | 의료용 스쿠터 | 욕창예방방석 | 욕창예방매트리스 | 이동식전동리프트 | 전방보행차 | 후방보행차 | 수동휠체어","경남 창원시 의창구 의안로22번길 7","경남 창원시 의창구 소답동 109-17","51199","창원시 의창구","128.624619109374","35.2635558334892","ROAD_ADDR","A","경상남도 창원시 의창구 의안로22번길 7, 1층 (소답동)","1"
"48","경상남도","57","우신메디아이","경상남도 양산시 양주5길 9-15, 102호 (중부동)","010-4908-4574","전동휠체어(가군, 나군) | 의료용 스쿠터 | 욕창예방방석 | 욕창예방매트리스 | 이동식전동리프트 | 전방보행차 | 수동휠체어","경남 양산시 양주5길 9-15","경남 양산시 중부동 682-5","50620","양산시","129.028785685228","35.3397450064495","ROAD_ADDR","A","경상남도 양산시 양주5길 9-15, 102호 (중부동)","1"
"48","경상남도","56","위드메디","경상남도 창원시 의창구 차상로150번길 10, 215호 (팔용동)","055-286-5868","전동휠체어(가군, 나군) | 의료용 스쿠터 | 욕창예방방석 | 욕창예방매트리스 | 이동식전동리프트 | 전방보행차 | 후방보행차 | 수동휠체어","경남 창원시 의창구 차상로150번길 10","경남 창원시 의창구 팔용동 12-2","51401","창원시 의창구","128.634064669822","35.2370363897346","ROAD_ADDR","A","경상남도 창원시 의창구 차상로150번길 10, 215호 (팔용동)","1"
"48","경상남도","55","위드클리닉","경상남도 창원시 진해구 중원로32번길 11, 1층 (근화동, 혜성여관)","010-2351-6276","전동휠체어(가군, 나군) | 전방보행차 | 수동휠체어","경남 창원시 진해구 중원로32번길 11","경남 창원시 진해구 근화동 13-1","51678","창원시 진해구","128.660545317996","35.1468972225923","ROAD_ADDR","A","경상남도 창원시 진해구 중원로32번길 11, 1층 (근화동, 혜성여관)","1"
"48","경상남도","54","유니트론보청기하동센터하나의료기복지용구","경상남도 하동군 경서대로 176, 101호 (하동읍, 하동애견,부부원예사)","010-3830-4119","전동휠체어(가군, 나군) | 의료용 스쿠터 | 보청기 | 욕창예방방석 | 수동휠체어","경남 하동군 하동읍 경서대로 176","경남 하동군 하동읍 읍내리 330-1","52330","하동군","127.751949912539","35.0702108037624","ROAD_ADDR","A","경상남도 하동군 경서대로 176, 101호 (하동읍, 하동애견,부부원예사)","1"
"48","경상남도","53","유성","경상남도 양산시 양주3길 15-24, 1층 (중부동, 지리산흑돼지촌)","010-3669-7146","의지·보조기(교정형신발 등) | 전동휠체어(가군, 나군) | 의료용 스쿠터 | 자세보조용구 | 욕창예방방석 | 욕창예방매트리스 | 이동식전동리프트 | 전방보행차 | 수동휠체어","경남 양산시 양주3길 15-24","경남 양산시 중부동 662-23","50620","양산시","129.032510404153","35.3414317129227","ROAD_ADDR","A","경상남도 양산시 양주3길 15-24, 1층 (중부동, 지리산흑돼지촌)","1"
"48","경상남도","52","유일의료기","경상남도 함안군 함안대로 584-2 (가야읍, 함안여성회)","055-585-7771","전동휠체어(가군, 나군) | 의료용 스쿠터 | 욕창예방방석 | 욕창예방매트리스 | 이동식전동리프트 | 전방보행차 | 후방보행차 | 수동휠체어","경남 함안군 가야읍 함안대로 584-2","경남 함안군 가야읍 도항리 86-6","52041","함안군","128.404006390029","35.2784472598672","ROAD_ADDR","A","경상남도 함안군 함안대로 584-2 (가야읍, 함안여성회)","1"
"48","경상남도","51","유일의료기","경상남도 창원시 마산합포구 3·15대로 230 (중앙동3가)","055-248-7840","전동휠체어(가군, 나군) | 의료용 스쿠터 | 보청기 | 욕창예방방석 | 욕창예방매트리스 | 이동식전동리프트 | 전방보행차 | 후방보행차 | 수동휠체어","경남 창원시 마산합포구 3.15대로 230","경남 창원시 마산합포구 중앙동3가 4-18","51736","창원시 마산합포구","128.567436802067","35.198679271564","ROAD_ADDR","A","경상남도 창원시 마산합포구 3·15대로 230 (중앙동3가)","1"
"48","경상남도","50","윤메디케어","경상남도 진주시 월아산로 616 (금곡면)","010-2518-2538","전동휠체어(가군, 나군) | 의료용 스쿠터 | 욕창예방방석 | 욕창예방매트리스 | 이동식전동리프트 | 전방보행차 | 후방보행차 | 수동휠체어","경남 진주시 금곡면 월아산로 616","경남 진주시 금곡면 정자리 1061-2","52842","진주시","128.171971615358","35.1307337508536","ROAD_ADDR","A","경상남도 진주시 월아산로 616 (금곡면)","1"
"48","경상남도","49","의관의료기","경상남도 의령군 의병로 234-1, 나호 (의령읍)","055-573-2588","전동휠체어(가군, 나군) | 의료용 스쿠터 | 보청기 | 욕창예방방석 | 욕창예방매트리스 | 이동식전동리프트 | 전방보행차 | 후방보행차 | 수동휠체어","경남 의령군 의령읍 의병로 234-1","경남 의령군 의령읍 중동리 391-5","52148","의령군","128.262351635978","35.3197426844298","ROAD_ADDR","A","경상남도 의령군 의병로 234-1, 나호 (의령읍)","1"
"48","경상남도","48","이루다 헬스케어","경상남도 양산시 물금읍 증산역로 139 , 308호 (물금읍, 플러스시티)","010-3566-7445","전동휠체어(가군, 나군) | 욕창예방방석 | 욕창예방매트리스 | 이동식전동리프트 | 수동휠체어","경남 양산시 물금읍 증산역로 139","경남 양산시 물금읍 가촌리 1296-2","50653","양산시","129.005634160591","35.3103532406504","ROAD_ADDR","A","경상남도 양산시 물금읍 증산역로 139 , 308호 (물금읍, 플러스시티)","1"
"48","경상남도","47","이원건강의료기","경상남도 밀양시 내일2길 2 (내일동)","055-356-8155","전동휠체어(가군, 나군) | 의료용 스쿠터 | 보청기 | 욕창예방방석 | 욕창예방매트리스 | 수동휠체어","경남 밀양시 내일2길 2","경남 밀양시 내일동 388-5","50429","밀양시","128.753062705117","35.4945050064431","ROAD_ADDR","A","경상남도 밀양시 내일2길 2 (내일동)","1"
"48","경상남도","46","이원건강의료기함안점","경상남도 함안군 함안대로 535 (가야읍, 소매점)","055-582-2120","전동휠체어(가군, 나군) | 의료용 스쿠터 | 보청기 | 욕창예방방석 | 욕창예방매트리스 | 이동식전동리프트 | 수동휠체어","경남 함안군 가야읍 함안대로 535","경남 함안군 가야읍 말산리 412-4","52043","함안군","128.406513961589","35.2745743808542","ROAD_ADDR","A","경상남도 함안군 함안대로 535 (가야읍, 소매점)","1"
"48","경상남도","45","이원의료기 양산점","경상남도 양산시 화합1길 6 (물금읍)","055-372-2211","전동휠체어(가군, 나군) | 의료용 스쿠터 | 보청기 | 욕창예방방석 | 욕창예방매트리스 | 전방보행차 | 수동휠체어","경남 양산시 물금읍 화합1길 6","경남 양산시 물금읍 범어리 2697-10","50610","양산시","129.008454092278","35.3294003613631","ROAD_ADDR","A","경상남도 양산시 화합1길 6 (물금읍)","1"
"48","경상남도","44","이진의료기","경상남도 거창군 강변로 177 (거창읍, 아진프라자)","055-943-1471","전동휠체어(가군, 나군) | 의료용 스쿠터 | 보청기 | 욕창예방방석 | 욕창예방매트리스 | 이동식전동리프트 | 수동휠체어","경남 거창군 거창읍 강변로 177","경남 거창군 거창읍 대동리 933","50138","거창군","127.916101418584","35.6861701830575","ROAD_ADDR","A","경상남도 거창군 강변로 177 (거창읍, 아진프라자)","1"
"48","경상남도","43","일광상사","경상남도 진주시 강남로 349-1 (망경동)","055-759-8911","전동휠체어(가군, 나군) | 의료용 스쿠터","경남 진주시 강남로 349-1","경남 진주시 망경동 144-22","52706","진주시","128.079974171356","35.1854825628094","ROAD_ADDR","A","경상남도 진주시 강남로 349-1 (망경동)","1"
"48","경상남도","42","장수의료기","경상남도 창원시 의창구 도계로18번길 10, 101호 (도계동, 성산빌라5차)","055-603-4848","전동휠체어(가군, 나군) | 의료용 스쿠터 | 욕창예방방석 | 욕창예방매트리스 | 이동식전동리프트 | 전방보행차 | 수동휠체어","경남 창원시 의창구 도계로18번길 10","경남 창원시 의창구 도계동 337-1","51165","창원시 의창구","128.634916318221","35.2592442673935","ROAD_ADDR","A","경상남도 창원시 의창구 도계로18번길 10, 101호 (도계동, 성산빌라5차)","1"
"48","경상남도","41","전동판매점","경상남도 진주시 월아산로 1181, 1층 103호 (문산읍)","055-761-9926","전동휠체어(가군, 나군) | 의료용 스쿠터 | 수동휠체어","경남 진주시 문산읍 월아산로 1181","경남 진주시 문산읍 소문리 424-6","52853","진주시","128.157832449124","35.175042830933","ROAD_ADDR","A","경상남도 진주시 월아산로 1181, 1층 103호 (문산읍)","1"
"48","경상남도","40","정동통상의료기","경상남도 창원시 의창구 사림로45번길 10-9 (사림동)","055-264-6999","전동휠체어(가군, 나군) | 의료용 스쿠터 | 욕창예방방석 | 욕창예방매트리스 | 이동식전동리프트 | 전방보행차 | 후방보행차 | 수동휠체어","경남 창원시 의창구 사림로45번길 10-9","경남 창원시 의창구 사림동 107-16","51143","창원시 의창구","128.678433304031","35.2480721055056","ROAD_ADDR","A","경상남도 창원시 의창구 사림로45번길 10-9 (사림동)","1"
"48","경상남도","39","정우의료기","경상남도 창원시 의창구 창원대로397번길 34, 지하101호 (팔용동, 정우파티마빌딩)","055-288-8088","전동휠체어(가군, 나군) | 의료용 스쿠터 | 보청기 | 욕창예방방석 | 욕창예방매트리스 | 이동식전동리프트 | 전방보행차 | 후방보행차 | 수동휠체어","경남 창원시 의창구 창원대로397번길 34","경남 창원시 의창구 팔용동 33-7","51393","창원시 의창구","128.643670994131","35.236964504085","ROAD_ADDR","A","경상남도 창원시 의창구 창원대로397번길 34, 지하101호 (팔용동, 정우파티마빌딩)","1"
"48","경상남도","38","제이엠(JM)메디컬","경상남도 창원시 의창구 창원대로 400, 3층 319호 (팔용동, 창원기계공구상가)","010-2262-8531","전동휠체어(가군, 나군) | 의료용 스쿠터 | 욕창예방방석 | 욕창예방매트리스 | 전방보행차 | 후방보행차 | 수동휠체어","경남 창원시 의창구 창원대로 400","경남 창원시 의창구 팔용동 16-1","51401","창원시 의창구","128.641078156566","35.2337674567465","ROAD_ADDR","A","경상남도 창원시 의창구 창원대로 400, 3층 319호 (팔용동, 창원기계공구상가)","1"
"48","경상남도","37","제일오토바이","경상남도 사천시 진삼로 1452 (사천읍)","055-852-4052","전동휠체어(가군, 나군) | 의료용 스쿠터 | 전방보행차 | 후방보행차 | 수동휠체어","경남 사천시 사천읍 진삼로 1452","경남 사천시 사천읍 수석리 281-2","52518","사천시","128.086613031159","35.0809161931848","ROAD_ADDR","A","경상남도 사천시 진삼로 1452 (사천읍)","1"
"48","경상남도","36","제일의료기","경상남도 하동군 중앙로 32 (하동읍, 우리한약방)","055-882-5431","전동휠체어(가군, 나군) | 의료용 스쿠터 | 욕창예방방석 | 욕창예방매트리스 | 이동식전동리프트 | 수동휠체어","경남 하동군 하동읍 중앙로 32","경남 하동군 하동읍 읍내리 385-1","52325","하동군","127.749278795302","35.0706424954184","ROAD_ADDR","A","경상남도 하동군 중앙로 32 (하동읍, 우리한약방)","1"
"48","경상남도","35","조은의료기","경상남도 김해시 활천로 35 (삼정동)","055-326-4020","전동휠체어(가군, 나군) | 의료용 스쿠터 | 보청기 | 욕창예방방석 | 욕창예방매트리스 | 이동식전동리프트 | 수동휠체어","경남 김해시 활천로 35","경남 김해시 삼정동 98-10","50923","김해시","128.893452426252","35.2307679975873","ROAD_ADDR","A","경상남도 김해시 활천로 35 (삼정동)","1"
"48","경상남도","34","조은의료기","경상남도 김해시 분성로 90 (외동)","055-326-7582","전동휠체어(가군, 나군) | 의료용 스쿠터 | 보청기 | 욕창예방방석 | 욕창예방매트리스 | 전방보행차 | 후방보행차 | 수동휠체어","경남 김해시 분성로 90","경남 김해시 외동 1042-3","50960","김해시","128.856828808927","35.2310321916382","ROAD_ADDR","A","경상남도 김해시 분성로 90 (외동)","1"
"48","경상남도","33","주식회사 한국메디칼","경상남도 창원시 의창구 팔용로423번길 20 (팔용동)","055-253-5071","전동휠체어(가군, 나군) | 의료용 스쿠터 | 욕창예방방석 | 욕창예방매트리스 | 수동휠체어","경남 창원시 의창구 팔용로423번길 20","경남 창원시 의창구 팔용동 136-11","51377","창원시 의창구","128.610242952786","35.2557719417208","ROAD_ADDR","A","경상남도 창원시 의창구 팔용로423번길 20 (팔용동)","1"
"48","경상남도","32","주식회사 휠연구소","경상남도 김해시 금관대로599번길 12, 203호 (내덕동)","055-311-7998","전동휠체어(가군, 나군) | 의료용 스쿠터 | 보청기 | 욕창예방방석 | 욕창예방매트리스 | 이동식전동리프트 | 수동휠체어","경남 김해시 금관대로599번길 12","경남 김해시 내덕동 220-2","50973","김해시","128.814759512673","35.2030680124374","ROAD_ADDR","A","경상남도 김해시 금관대로599번길 12, 203호 (내덕동)","1"
"48","경상남도","31","중앙 의료기","경상남도 함양군 용평7길 18-1 (함양읍, 충남식당)","055-963-9320","전동휠체어(가군, 나군) | 의료용 스쿠터 | 수동휠체어","경남 함양군 함양읍 용평7길 18-1","경남 함양군 함양읍 용평리 874-3","50045","함양군","127.727327696671","35.5166499631353","ROAD_ADDR","A","경상남도 함양군 용평7길 18-1 (함양읍, 충남식당)","1"
"48","경상남도","30","중앙메디칼","경상남도 창원시마산회원구 광려로 37, 상가209동 109호 (내서읍, 삼계대동이미지2차아파트)","055-243-0475","전동휠체어(가군, 나군) | 의료용 스쿠터 | 수동휠체어","경남 창원시 마산회원구 내서읍 광려로 37","경남 창원시 마산회원구 내서읍 삼계리 260","51240","창원시 마산회원구","128.502832377448","35.2232949003069","ROAD_ADDR","A","경상남도 창원시마산회원구 광려로 37, 상가209동 109호 (내서읍, 삼계대동이미지2차아파트)","1"
"48","경상남도","29","중앙의료기","경상남도 창원시 진해구 충장로 267 (경화동)","055-547-8170","전동휠체어(가군, 나군) | 의료용 스쿠터 | 욕창예방방석 | 욕창예방매트리스 | 이동식전동리프트 | 전방보행차 | 후방보행차 | 수동휠체어","경남 창원시 진해구 충장로 267","경남 창원시 진해구 경화동 1173-36","51666","창원시 진해구","128.681234143285","35.1534603910219","ROAD_ADDR","A","경상남도 창원시 진해구 충장로 267 (경화동)","1"
"48","경상남도","28","지노메디컬","경상남도 합천군 용계길 264-67 (합천읍)","010-8363-3336","전동휠체어(가군, 나군) | 의료용 스쿠터 | 보청기 | 욕창예방방석 | 욕창예방매트리스 | 이동식전동리프트 | 전방보행차 | 후방보행차 | 수동휠체어","경남 합천군 합천읍 용계길 264-67","경남 합천군 합천읍 용계리 662-2","50227","합천군","128.163010972314","35.6418227931154","ROAD_ADDR","A","경상남도 합천군 용계길 264-67 (합천읍)","1"
"48","경상남도","27","지노팜유통의료기","경상남도 남해군 화전로 92 (남해읍, SK텔레콤)","055-862-7774","전동휠체어(가군, 나군) | 의료용 스쿠터 | 욕창예방방석 | 욕창예방매트리스 | 이동식전동리프트 | 전방보행차 | 후방보행차 | 수동휠체어","경남 남해군 남해읍 화전로 92","경남 남해군 남해읍 북변리 219-5","52420","남해군","127.894116926229","34.8392951343369","ROAD_ADDR","A","경상남도 남해군 화전로 92 (남해읍, SK텔레콤)","1"
"48","경상남도","26","진성복지용구의료기","경상남도 밀양시 중앙로 364, 4층 402호 (내일동, 송정빌딩)","055-356-1379","전동휠체어(가군, 나군) | 의료용 스쿠터 | 욕창예방방석 | 욕창예방매트리스 | 이동식전동리프트 | 수동휠체어","경남 밀양시 중앙로 364","경남 밀양시 내일동 414-1","50429","밀양시","128.752679344855","35.4948348186199","ROAD_ADDR","A","경상남도 밀양시 중앙로 364, 4층 402호 (내일동, 송정빌딩)","1"
"48","경상남도","25","진주대학의료기","경상남도 진주시 동진로20번길 25-0 (칠암동)","055-757-7811","전동휠체어(가군, 나군) | 의료용 스쿠터","경남 진주시 동진로20번길 25","경남 진주시 칠암동 491-27","52726","진주시","128.094511961242","35.1780049110512","ROAD_ADDR","A","경상남도 진주시 동진로20번길 25-0 (칠암동)","1"
"48","경상남도","24","진주보청기센터,대한복지용구","경상남도 진주시 장대로 29 (장대동)","055-747-5570","전동휠체어(가군, 나군) | 의료용 스쿠터 | 보청기 | 욕창예방방석 | 욕창예방매트리스","경남 진주시 장대로 29","경남 진주시 장대동 136-1","52758","진주시","128.08799958835","35.1940001176271","ROAD_ADDR","A","경상남도 진주시 장대로 29 (장대동)","1"
"48","경상남도","23","진주의료기 · 보청기","경상남도 진주시 진주대로 881, 1층 (강남동)","055-752-7582","전동휠체어(가군, 나군) | 의료용 스쿠터 | 보청기 | 욕창예방방석 | 욕창예방매트리스 | 이동식전동리프트 | 전방보행차 | 후방보행차 | 수동휠체어","경남 진주시 진주대로 881","경남 진주시 강남동 242-4","52709","진주시","128.0907257684","35.1790848483188","ROAD_ADDR","A","경상남도 진주시 진주대로 881, 1층 (강남동)","1"
"48","경상남도","22","진해의료기","경상남도 창원시 진해구 충장로 131-1 (여좌동)","055-547-8180","전동휠체어(가군, 나군) | 의료용 스쿠터 | 욕창예방방석 | 욕창예방매트리스 | 이동식전동리프트 | 전방보행차 | 후방보행차 | 수동휠체어","경남 창원시 진해구 충장로 131-1","경남 창원시 진해구 여좌동 792-26","51694","창원시 진해구","128.666524044328","35.1525132473701","ROAD_ADDR","A","경상남도 창원시 진해구 충장로 131-1 (여좌동)","1"
"48","경상남도","21","참의료기","경상남도 창원시 의창구 사화로9번길 26, 108호 (팔용동, 상아데파트)","055-251-9991","전동휠체어(가군, 나군) | 의료용 스쿠터 | 욕창예방방석 | 욕창예방매트리스 | 이동식전동리프트 | 전방보행차 | 수동휠체어","경남 창원시 의창구 사화로9번길 26","경남 창원시 의창구 팔용동 165-7","51375","창원시 의창구","128.610906713624","35.2591318852543","ROAD_ADDR","A","경상남도 창원시 의창구 사화로9번길 26, 108호 (팔용동, 상아데파트)","1"
"48","경상남도","20","참조은메디칼","경상남도 양산시 서창로 59 1층(웅상중앙병원) (명동)","051-241-7075","전동휠체어(가군, 나군) | 의료용 스쿠터 | 욕창예방방석 | 욕창예방매트리스 | 이동식전동리프트 | 전방보행차 | 후방보행차 | 수동휠체어","경남 양산시 서창로 59","경남 양산시 명동 774-6","50536","양산시","129.164516842928","35.4063127806528","ROAD_ADDR","A","경상남도 양산시 서창로 59 1층(웅상중앙병원) (명동)","1"
"48","경상남도","19","창원광일의료기","경상남도 창원시 성산구 원이대로 668, 1층 4호 (상남동, 황강빌딩)","055-263-4848","전동휠체어(가군, 나군) | 의료용 스쿠터 | 보청기 | 수동휠체어","경남 창원시 성산구 원이대로 668","경남 창원시 성산구 상남동 2-3","51495","창원시 성산구","128.686289169265","35.2236066748278","ROAD_ADDR","A","경상남도 창원시 성산구 원이대로 668, 1층 4호 (상남동, 황강빌딩)","1"
"48","경상남도","18","창원의료기","경상남도 창원시 성산구 창원대로 726, 19호 (내동, 내동상가아파트)","055-284-5656","전동휠체어(가군, 나군) | 의료용 스쿠터 | 보청기 | 욕창예방방석 | 욕창예방매트리스 | 수동휠체어","경남 창원시 성산구 창원대로 726","경남 창원시 성산구 내동 456-17","51527","창원시 성산구","128.670417828268","35.2171002412609","ROAD_ADDR","A","경상남도 창원시 성산구 창원대로 726, 19호 (내동, 내동상가아파트)","1"
"48","경상남도","17","청우이엔씨","경상남도 창원시 진해구 충장로130번길 12 (화천동)","055-604-1999","전동휠체어(가군, 나군) | 의료용 스쿠터 | 욕창예방방석 | 욕창예방매트리스 | 이동식전동리프트 | 전방보행차 | 후방보행차 | 수동휠체어","경남 창원시 진해구 충장로130번길 12","경남 창원시 진해구 화천동 68-6","51680","창원시 진해구","128.6659600326","35.151049745528","ROAD_ADDR","A","경상남도 창원시 진해구 충장로130번길 12 (화천동)","1"
"48","경상남도","16","촉석메디칼","경상남도 진주시 화개천로 74 (정촌면)","055-756-5701","전동휠체어(가군, 나군) | 의료용 스쿠터 | 수동휠체어","경남 진주시 정촌면 화개천로 74","경남 진주시 정촌면 예하리 1297-6","52845","진주시","128.101543656431","35.1241044495684","ROAD_ADDR","A","경상남도 진주시 화개천로 74 (정촌면)","1"
"48","경상남도","15","케어존(남부지점)","경상남도 진주시 서장대로 255 (이현동)","055-921-8904","전동휠체어(가군, 나군) | 의료용 스쿠터 | 욕창예방방석 | 욕창예방매트리스 | 이동식전동리프트 | 수동휠체어","경남 진주시 서장대로 255","경남 진주시 이현동 12-31","52668","진주시","128.061111060565","35.1915913331267","ROAD_ADDR","A","경상남도 진주시 서장대로 255 (이현동)","1"
"48","경상남도","14","터닝포인트","경상남도 창원시 마산합포구 창동거리길 50, 2층 207호 (창동, 창동공화국)","055-248-1119","전동휠체어(가군, 나군) | 의료용 스쿠터 | 보청기 | 욕창예방방석 | 욕창예방매트리스 | 이동식전동리프트 | 전방보행차 | 후방보행차 | 수동휠체어","경남 창원시 마산합포구 창동거리길 50","경남 창원시 마산합포구 창동 197","51730","창원시 마산합포구","128.574871244179","35.2053370296576","ROAD_ADDR","A","경상남도 창원시 마산합포구 창동거리길 50, 2층 207호 (창동, 창동공화국)","1"
"48","경상남도","13","팔팔종합상사","경상남도 창원시마산회원구 회원북24길 19 (회원동)","055-222-7888","전동휠체어(가군, 나군) | 의료용 스쿠터 | 수동휠체어","경남 창원시 마산회원구 회원북24길 19","경남 창원시 마산회원구 회원동 664-1","51291","창원시 마산회원구","128.564879731817","35.2206137106966","ROAD_ADDR","A","경상남도 창원시마산회원구 회원북24길 19 (회원동)","1"
"48","경상남도","12","포낙보청기 마산센터","경상남도 창원시 마산합포구 3·15대로 9 114~115호, 114호 (월남동5가, 월영 마크리움 주상복합)","055-246-7780","전동휠체어(가군, 나군) | 의료용 스쿠터 | 보청기 | 욕창예방방석 | 욕창예방매트리스 | 이동식전동리프트","","","","","","","","NONE","","4"
"48","경상남도","11","필스모빌리티","경상남도 창원시 성산구 반송로 28-1 1동 1층 101호 (반지동)","010-8258-8779","전동휠체어(가군, 나군) | 의료용 스쿠터","경남 창원시 성산구 반송로 28-1","경남 창원시 성산구 반지동 102-7","51421","창원시 성산구","128.660873877907","35.2423072595435","ROAD_ADDR","A","경상남도 창원시 성산구 반송로 28-1 1동 1층 101호 (반지동)","1"
"48","경상남도","10","하이의료기","경상남도 김해시 번화1로44번길 28, 1층 103호 (대청동)","055-902-0500","전동휠체어(가군, 나군) | 의료용 스쿠터 | 욕창예방방석 | 욕창예방매트리스 | 이동식전동리프트 | 전방보행차 | 후방보행차 | 수동휠체어","경남 김해시 번화1로44번길 28","경남 김해시 대청동 314-2","51004","김해시","128.803523388667","35.1916687311823","ROAD_ADDR","A","경상남도 김해시 번화1로44번길 28, 1층 103호 (대청동)","1"
"48","경상남도","9","한솔의료기, 조은소리보청기","경상남도 창녕군 창녕대로 59 (창녕읍)","055-533-9080","전동휠체어(가군, 나군) | 의료용 스쿠터 | 보청기 | 욕창예방방석 | 욕창예방매트리스 | 이동식전동리프트 | 전방보행차 | 후방보행차 | 수동휠체어","경남 창녕군 창녕읍 창녕대로 59","경남 창녕군 창녕읍 술정리 147-1","50324","창녕군","128.49398564337","35.5390240691478","ROAD_ADDR","A","경상남도 창녕군 창녕대로 59 (창녕읍)","1"
"48","경상남도","8","한신브레텍독일보청기","경상남도 거제시 계룡로 98 지하 1층 (고현동)","055-637-8332","의지·보조기(교정형신발 등) | 전동휠체어(가군, 나군) | 의료용 스쿠터 | 보청기 | 자세보조용구 | 욕창예방방석 | 욕창예방매트리스 | 이동식전동리프트 | 전방보행차 | 후방보행차 | 수동휠체어","경남 거제시 계룡로 98","경남 거제시 고현동 478-3","53258","거제시","128.623627656554","34.8787866984068","ROAD_ADDR","A","경상남도 거제시 계룡로 98 지하 1층 (고현동)","1"
"48","경상남도","7","한신의료보조기","경상남도 창원시 마산합포구 3·15대로 228-1 (중앙동3가, 한신의료보조기)","055-247-8183","의지·보조기(교정형신발 등) | 전동휠체어(가군, 나군) | 의료용 스쿠터 | 자세보조용구 | 욕창예방방석 | 욕창예방매트리스 | 이동식전동리프트 | 전방보행차 | 후방보행차 | 수동휠체어","경남 창원시 마산합포구 3.15대로 228-1","경남 창원시 마산합포구 중앙동3가 4-8","51736","창원시 마산합포구","128.567452072968","35.198542626152","ROAD_ADDR","A","경상남도 창원시 마산합포구 3·15대로 228-1 (중앙동3가, 한신의료보조기)","1"
"48","경상남도","6","한일복지용구판매센터","경상남도 진주시 진양호로65번길 6-7, 1층 (판문동)","055-743-2249","전동휠체어(가군, 나군) | 의료용 스쿠터 | 욕창예방방석 | 욕창예방매트리스 | 이동식전동리프트 | 수동휠체어","경남 진주시 진양호로65번길 6-7","경남 진주시 판문동 269-3","52648","진주시","128.047735356811","35.1678025640702","ROAD_ADDR","A","경상남도 진주시 진양호로65번길 6-7, 1층 (판문동)","1"
"48","경상남도","5","행복의료기","경상남도 사천시 남일로 22-1 (동금동)","055-833-3219","전동휠체어(가군, 나군) | 의료용 스쿠터 | 욕창예방방석 | 욕창예방매트리스 | 수동휠체어","경남 사천시 남일로 22-1","경남 사천시 동금동 88-2","52566","사천시","128.079014241962","34.9327918637328","ROAD_ADDR","A","경상남도 사천시 남일로 22-1 (동금동)","1"
"48","경상남도","4","행복의료기","경상남도 창원시 마산합포구 상남시장로 37, 103호 (상남동, 서전빌라)","055-245-8289","전동휠체어(가군, 나군) | 의료용 스쿠터","경남 창원시 마산합포구 상남시장로 37","경남 창원시 마산합포구 상남동 52","51273","창원시 마산합포구","128.574606097405","35.2152894153965","ROAD_ADDR","A","경상남도 창원시 마산합포구 상남시장로 37, 103호 (상남동, 서전빌라)","1"
"48","경상남도","3","현대메디칼","경상남도 함안군 충무길 47 (가야읍, 은혜부동산)","055-584-0350","전동휠체어(가군, 나군) | 의료용 스쿠터 | 욕창예방방석 | 욕창예방매트리스 | 이동식전동리프트 | 수동휠체어","경남 함안군 가야읍 충무길 47","경남 함안군 가야읍 도항리 119-5","52041","함안군","128.401690218275","35.2786631157332","ROAD_ADDR","A","경상남도 함안군 충무길 47 (가야읍, 은혜부동산)","1"
"48","경상남도","2","현대메디텍","경상남도 김해시 장유로 190, 1층 105호 (부곡동, 부영빌딩)","055-311-1177","전동휠체어(가군, 나군) | 의료용 스쿠터 | 보청기 | 욕창예방방석 | 욕창예방매트리스 | 이동식전동리프트 | 수동휠체어","경남 김해시 장유로 190","경남 김해시 부곡동 809-6","50976","김해시","128.80636387356","35.206313006741","ROAD_ADDR","A","경상남도 김해시 장유로 190, 1층 105호 (부곡동, 부영빌딩)","1"
"48","경상남도","1","효성모터스 창녕대리점","경상남도 창녕군 당산1길 32 (창녕읍)","055-532-2242","전동휠체어(가군, 나군) | 의료용 스쿠터","경남 창녕군 창녕읍 당산1길 32","경남 창녕군 창녕읍 술정리 4-2","50323","창녕군","128.495582625792","35.5422836558528","ROAD_ADDR","A","경상남도 창녕군 당산1길 32 (창녕읍)","1"
"50","제주특별자치도","20","(주) 시온요양기관","제주특별자치도 제주시 중앙로 603, 2층 (아라일동)","064-753-7533","전동휠체어(가군, 나군) | 의료용 스쿠터 | 욕창예방매트리스 | 수동휠체어","제주특별자치도 제주시 중앙로 603","제주특별자치도 제주시 아라일동 6140-14","63248","제주시","126.546776935631","33.4699483880962","ROAD_ADDR","A","제주특별자치도 제주시 중앙로 603, 2층 (아라일동)","1"
"50","제주특별자치도","19","(주)제주연합상사","제주특별자치도 제주시 오복7길 11, 101호 (이도이동, 산들에빌)","064-724-7100","전동휠체어(가군, 나군) | 의료용 스쿠터","제주특별자치도 제주시 오복7길 11","제주특별자치도 제주시 이도이동 1048","63211","제주시","126.536003134568","33.4983150842265","ROAD_ADDR","A","제주특별자치도 제주시 오복7길 11, 101호 (이도이동, 산들에빌)","1"
"50","제주특별자치도","18","K3","제주특별자치도 제주시 원노형남2길 19-0 (노형동) 청솔빌리지","064-742-0447","전동휠체어(가군, 나군) | 의료용 스쿠터","제주특별자치도 제주시 원노형남2길 19","제주특별자치도 제주시 노형동 936-14","63084","제주시","126.483234792081","33.4827801846282","ROAD_ADDR","A","제주특별자치도 제주시 원노형남2길 19-0 (노형동) 청솔빌리지","1"
"50","제주특별자치도","17","거산의료기,보청기","제주특별자치도 서귀포시 일주동로 8639 (서귀동, 백록결혼상담소)","064-732-1337","전동휠체어(가군, 나군) | 의료용 스쿠터 | 보청기 | 욕창예방방석 | 욕창예방매트리스 | 수동휠체어","제주특별자치도 서귀포시 일주동로 8639","제주특별자치도 서귀포시 서귀동 263-1","63590","서귀포시","126.56517294364","33.2537349842635","ROAD_ADDR","A","제주특별자치도 서귀포시 일주동로 8639 (서귀동, 백록결혼상담소)","1"
"50","제주특별자치도","16","나눔헬스케어","제주특별자치도 제주시 아란4길 92, 1층 (아라일동, The house)","064-753-0801","전동휠체어(가군, 나군) | 의료용 스쿠터 | 욕창예방방석 | 욕창예방매트리스 | 이동식전동리프트 | 수동휠체어","제주특별자치도 제주시 아란4길 92","제주특별자치도 제주시 아라일동 6063-6","63238","제주시","126.541542976168","33.4695334299549","ROAD_ADDR","A","제주특별자치도 제주시 아란4길 92, 1층 (아라일동, The house)","1"
"50","제주특별자치도","15","메가휠스포츠","제주특별자치도 제주시 진남로6길 38, 1층 (화북일동)","064-727-0420","전동휠체어(가군, 나군) | 의료용 스쿠터 | 욕창예방방석 | 욕창예방매트리스 | 이동식전동리프트 | 전방보행차 | 후방보행차 | 수동휠체어","제주특별자치도 제주시 진남로6길 38","제주특별자치도 제주시 화북일동 1948-12","63290","제주시","126.565564108535","33.5220548936559","ROAD_ADDR","A","제주특별자치도 제주시 진남로6길 38, 1층 (화북일동)","1"
"50","제주특별자치도","14","상모오토바이","제주특별자치도 서귀포시 상모로 265 (대정읍, 상모오토바이)","010-8979-4433","전동휠체어(가군, 나군) | 의료용 스쿠터","제주특별자치도 서귀포시 대정읍 상모로 265","제주특별자치도 서귀포시 대정읍 상모리 3125-5","63510","서귀포시","126.260774458496","33.2234249505418","ROAD_ADDR","A","제주특별자치도 서귀포시 상모로 265 (대정읍, 상모오토바이)","1"
"50","제주특별자치도","13","서귀의료기상사","제주특별자치도 서귀포시 일주동로 8674 (동홍동)","064-733-3835","전동휠체어(가군, 나군) | 의료용 스쿠터 | 보청기 | 욕창예방방석 | 수동휠체어","제주특별자치도 서귀포시 일주동로 8674","제주특별자치도 서귀포시 동홍동 1546-9","63585","서귀포시","126.561495281823","33.2535334499221","ROAD_ADDR","A","제주특별자치도 서귀포시 일주동로 8674 (동홍동)","1"
"50","제주특별자치도","12","제이헬스케어","제주특별자치도 제주시 월랑로 91 지하 1층 (이호이동, 중앙병원)","064-747-8858","전동휠체어(가군, 나군) | 의료용 스쿠터 | 욕창예방방석 | 욕창예방매트리스 | 이동식전동리프트 | 수동휠체어","제주특별자치도 제주시 월랑로 91","제주특별자치도 제주시 이호이동 22","63109","제주시","126.470480704295","33.4923211704292","ROAD_ADDR","A","제주특별자치도 제주시 월랑로 91 지하 1층 (이호이동, 중앙병원)","1"
"50","제주특별자치도","11","제주메디","제주특별자치도 제주시 아연로 531, 1층 (아라일동)","064-753-3350","전동휠체어(가군, 나군) | 의료용 스쿠터 | 욕창예방방석 | 욕창예방매트리스 | 이동식전동리프트 | 수동휠체어","제주특별자치도 제주시 아연로 531","제주특별자치도 제주시 아라일동 2726-1","63236","제주시","126.535968930444","33.4777127103689","ROAD_ADDR","A","제주특별자치도 제주시 아연로 531, 1층 (아라일동)","1"
"50","제주특별자치도","10","제주복지용구/UD부동산중개","제주특별자치도 제주시 원당로 46 (삼양일동)","010-9429-0469","전동휠체어(가군, 나군) | 의료용 스쿠터 | 욕창예방방석 | 욕창예방매트리스 | 이동식전동리프트 | 전방보행차 | 후방보행차 | 수동휠체어","제주특별자치도 제주시 원당로 46","제주특별자치도 제주시 삼양일동 1692-1","63316","제주시","126.590816703498","33.5249004817148","ROAD_ADDR","A","제주특별자치도 제주시 원당로 46 (삼양일동)","1"
"50","제주특별자치도","9","제주의료기상사","제주특별자치도 제주시 중앙로14길 4-1 (이도일동)","064-722-3324","전동휠체어(가군, 나군) | 의료용 스쿠터 | 보청기 | 욕창예방방석 | 욕창예방매트리스 | 수동휠체어","제주특별자치도 제주시 중앙로14길 4-1","제주특별자치도 제주시 이도일동 1400-1","63168","제주시","126.523999459081","33.511444508438","ROAD_ADDR","A","제주특별자치도 제주시 중앙로14길 4-1 (이도일동)","1"
"50","제주특별자치도","8","제주의료복지용구기관","제주특별자치도 제주시 우평로 223, 1층 (도평동)","064-727-0103","전동휠체어(가군, 나군) | 의료용 스쿠터 | 수동휠체어","제주특별자치도 제주시 우평로 223","제주특별자치도 제주시 도평동 1338-2","63076","제주시","126.442522996008","33.4819540581007","ROAD_ADDR","A","제주특별자치도 제주시 우평로 223, 1층 (도평동)","1"
"50","제주특별자치도","7","제주장애인 편의시설","제주특별자치도 제주시 하귀3길 32, 1층 (애월읍)","064-759-2821","전동휠체어(가군, 나군) | 의료용 스쿠터 | 이동식전동리프트","제주특별자치도 제주시 애월읍 하귀3길 32","제주특별자치도 제주시 애월읍 하귀1리 125-10","63054","제주시","126.416148282462","33.486783957725","ROAD_ADDR","A","제주특별자치도 제주시 하귀3길 32, 1층 (애월읍)","1"
"50","제주특별자치도","6","제주케어메디칼","제주특별자치도 제주시 삼성로9길 28 (일도이동)","010-5242-3368","전동휠체어(가군, 나군) | 의료용 스쿠터 | 욕창예방방석 | 욕창예방매트리스 | 수동휠체어","제주특별자치도 제주시 삼성로9길 28","제주특별자치도 제주시 일도이동 1029-85","63268","제주시","126.530103450729","33.5096895136387","ROAD_ADDR","A","제주특별자치도 제주시 삼성로9길 28 (일도이동)","1"
"50","제주특별자치도","5","조은손","제주특별자치도 제주시 고산동산1길 12 (이도이동)","064-752-5682","전동휠체어(가군, 나군) | 욕창예방방석 | 욕창예방매트리스 | 전방보행차 | 수동휠체어","제주특별자치도 제주시 고산동산1길 12","제주특별자치도 제주시 이도이동 1033-1","63210","제주시","126.532549189392","33.4976138260619","ROAD_ADDR","A","제주특별자치도 제주시 고산동산1길 12 (이도이동)","1"
"50","제주특별자치도","4","참조은의료기·보청기","제주특별자치도 제주시 월랑로 96 (도두일동)","064-900-3378","전동휠체어(가군, 나군) | 의료용 스쿠터 | 보청기 | 욕창예방방석 | 욕창예방매트리스 | 수동휠체어","제주특별자치도 제주시 월랑로 96","제주특별자치도 제주시 도두일동 2280","63095","제주시","126.472018876098","33.4929667810095","ROAD_ADDR","A","제주특별자치도 제주시 월랑로 96 (도두일동)","1"
"50","제주특별자치도","3","케어라이프","제주특별자치도 제주시 천수로 33, 101호 (이도이동, 성우아파트)","064-722-3300","전동휠체어(가군, 나군) | 의료용 스쿠터 | 욕창예방방석 | 욕창예방매트리스 | 이동식전동리프트 | 전방보행차 | 후방보행차 | 수동휠체어","제주특별자치도 제주시 천수로 33","제주특별자치도 제주시 이도이동 325-7","63214","제주시","126.54056481778","33.5029659994542","ROAD_ADDR","A","제주특별자치도 제주시 천수로 33, 101호 (이도이동, 성우아파트)","1"
"50","제주특별자치도","2","한라의료기","제주특별자치도 제주시 동문로 69 (건입동)","064-722-2999","전동휠체어(가군, 나군) | 의료용 스쿠터 | 수동휠체어","제주특별자치도 제주시 동문로 69","제주특별자치도 제주시 건입동 1105-26","63279","제주시","126.53438752139","33.5137533815976","ROAD_ADDR","A","제주특별자치도 제주시 동문로 69 (건입동)","1"
"50","제주특별자치도","1","행복나눔(복지용구)","제주특별자치도 제주시 가령로 44 (이도이동)","064-726-1209","전동휠체어(가군, 나군) | 의료용 스쿠터 | 욕창예방방석 | 욕창예방매트리스 | 이동식전동리프트 | 전방보행차 | 후방보행차 | 수동휠체어","제주특별자치도 제주시 가령로 44","제주특별자치도 제주시 이도이동 1130-8","63212","제주시","126.536303585394","33.5004151171725","ROAD_ADDR","A","제주특별자치도 제주시 가령로 44 (이도이동)","1"
"51","강원특별자치도","87","(사)한국지체장애인협회 양구군지회","강원도 양구군 비봉로73번길 12 (양구읍, 양구119안전센터)","","전동휠체어(가군, 나군) | 의료용 스쿠터","강원특별자치도 양구군 양구읍 비봉로73번길 12","강원특별자치도 양구군 양구읍 하리 97-3","24521","양구군","127.986402554859","38.1087455673071","ROAD_ADDR","A","강원도 양구군 비봉로73번길 12 (양구읍, 양구119안전센터)","1"
"51","강원특별자치도","86","(주)아이벡스메디칼시스템즈","강원도 원주시 지정면 기업도시로 200 4층 (지정면, 의료기기종합지원센터)","02-557-5897","전동휠체어(가군, 나군) | 의료용 스쿠터 | 욕창예방방석 | 욕창예방매트리스 | 이동식전동리프트","강원특별자치도 원주시 지정면 기업도시로 200","강원특별자치도 원주시 지정면 가곡리 1325","26354","원주시","127.873495887253","37.3714072129254","ROAD_ADDR","A","강원도 원주시 지정면 기업도시로 200 4층 (지정면, 의료기기종합지원센터)","1"
"51","강원특별자치도","85","100세동안 뉴케어","강원특별자치도 춘천시 춘천순환로 496-9, 2층 (동면, 백세빌딩)","033-255-1771","전동휠체어(가군, 나군) | 의료용 스쿠터 | 욕창예방방석 | 욕창예방매트리스 | 이동식전동리프트 | 전방보행차 | 후방보행차 | 수동휠체어","강원특별자치도 춘천시 동면 춘천순환로 496-9","강원특별자치도 춘천시 동면 만천리 706-10","24213","춘천시","127.763742368451","37.8851706457255","ROAD_ADDR","A","강원특별자치도 춘천시 춘천순환로 496-9, 2층 (동면, 백세빌딩)","1"
"51","강원특별자치도","84","A플러스복지용구","강원특별자치도 춘천시 후석로393번길 39, 1층 (후평동)","033-251-2423","전동휠체어(가군, 나군) | 의료용 스쿠터 | 욕창예방방석 | 욕창예방매트리스 | 수동휠체어","강원특별자치도 춘천시 후석로393번길 39","강원특별자치도 춘천시 후평동 853-4","24254","춘천시","127.742808764132","37.8834813910997","ROAD_ADDR","A","강원특별자치도 춘천시 후석로393번길 39, 1층 (후평동)","1"
"51","강원특별자치도","83","가나의료기","강원도 강릉시 옥가로50번길 1 (옥천동)","033-644-8858","전동휠체어(가군, 나군) | 의료용 스쿠터 | 욕창예방방석 | 욕창예방매트리스 | 전방보행차 | 수동휠체어","강원특별자치도 강릉시 옥가로50번길 1","강원특별자치도 강릉시 옥천동 330","25552","강릉시","128.900299396726","37.7608995407616","ROAD_ADDR","A","강원도 강릉시 옥가로50번길 1 (옥천동)","1"
"51","강원특별자치도","82","강릉바이크프라자","강원도 강릉시 강릉대로 100 (홍제동)","033-645-4112","전동휠체어(가군, 나군) | 의료용 스쿠터 | 욕창예방방석 | 욕창예방매트리스 | 이동식전동리프트 | 수동휠체어","강원특별자치도 강릉시 강릉대로 100","강원특별자치도 강릉시 홍제동 993-3","25526","강릉시","128.88228223643","37.7547379299661","ROAD_ADDR","A","강원도 강릉시 강릉대로 100 (홍제동)","1"
"51","강원특별자치도","81","강릉의료기","강원특별자치도 강릉시 방동길 6 (사천면)","033-641-8202","전동휠체어(가군, 나군) | 의료용 스쿠터 | 보청기 | 욕창예방방석 | 욕창예방매트리스 | 이동식전동리프트 | 전방보행차 | 후방보행차 | 수동휠체어","강원특별자치도 강릉시 사천면 방동길 6","강원특별자치도 강릉시 사천면 방동리 611","25440","강릉시","128.855966787439","37.8142280517712","ROAD_ADDR","A","강원특별자치도 강릉시 방동길 6 (사천면)","1"
"51","강원특별자치도","80","강릉의료기","강원특별자치도 강릉시 방동길 6 (사천면)","033-641-8202","전동휠체어(가군, 나군) | 의료용 스쿠터 | 보청기 | 욕창예방방석 | 욕창예방매트리스 | 이동식전동리프트 | 전방보행차 | 후방보행차 | 수동휠체어","강원특별자치도 강릉시 사천면 방동길 6","강원특별자치도 강릉시 사천면 방동리 611","25440","강릉시","128.855966787439","37.8142280517712","ROAD_ADDR","A","강원특별자치도 강릉시 방동길 6 (사천면)","1"
"51","강원특별자치도","79","강원TOM","강원도 춘천시 새롬공원길4번길 3-3, 1층 (석사동)","033-263-3977","전동휠체어(가군, 나군) | 의료용 스쿠터 | 욕창예방방석 | 욕창예방매트리스 | 이동식전동리프트 | 수동휠체어","강원특별자치도 춘천시 새롬공원길4번길 3-3","강원특별자치도 춘천시 석사동 848-6","24394","춘천시","127.747197711998","37.8528369279249","ROAD_ADDR","A","강원도 춘천시 새롬공원길4번길 3-3, 1층 (석사동)","1"
"51","강원특별자치도","78","강원의료기","강원특별자치도 원주시 원일로115번길 10 (일산동)","033-744-1662","전동휠체어(가군, 나군) | 의료용 스쿠터 | 보청기 | 욕창예방방석 | 욕창예방매트리스 | 이동식전동리프트 | 수동휠체어","강원특별자치도 원주시 원일로115번길 10","강원특별자치도 원주시 일산동 162-20","26427","원주시","127.947649833836","37.3497067725261","ROAD_ADDR","A","강원특별자치도 원주시 원일로115번길 10 (일산동)","1"
"51","강원특별자치도","77","강원의료기.벨톤보청기","강원도 속초시 번영로 206-2 (영랑동)","033-635-8201","전동휠체어(가군, 나군) | 의료용 스쿠터 | 보청기 | 욕창예방방석 | 욕창예방매트리스 | 이동식전동리프트 | 전방보행차 | 후방보행차 | 수동휠체어","강원특별자치도 속초시 번영로 206-2","강원특별자치도 속초시 영랑동 165-4","24807","속초시","128.590412300504","38.2170264004908","ROAD_ADDR","A","강원도 속초시 번영로 206-2 (영랑동)","1"
"51","강원특별자치도","76","강원의료기상사","강원도 춘천시 백령로 153 (효자동)","033-241-2281","전동휠체어(가군, 나군) | 의료용 스쿠터 | 욕창예방방석 | 욕창예방매트리스 | 이동식전동리프트 | 전방보행차 | 후방보행차 | 수동휠체어","강원특별자치도 춘천시 백령로 153","강원특별자치도 춘천시 효자동 622-4","24295","춘천시","127.743347820963","37.8754095371764","ROAD_ADDR","A","강원도 춘천시 백령로 153 (효자동)","1"
"51","강원특별자치도","75","강원휠스피아","강원도 원주시 늘품로 120-6, 1층 (단구동)","010-2483-0371","전동휠체어(가군, 나군) | 의료용 스쿠터 | 욕창예방방석 | 욕창예방매트리스 | 이동식전동리프트 | 전방보행차 | 후방보행차","강원특별자치도 원주시 늘품로 120-6","강원특별자치도 원주시 단구동 587-25","26450","원주시","127.956147295125","37.3290062758601","ROAD_ADDR","A","강원도 원주시 늘품로 120-6, 1층 (단구동)","1"
"51","강원특별자치도","74","거산메디컬","강원도 속초시 번영로 207 (영랑동)","033-636-7440","전동휠체어(가군, 나군) | 의료용 스쿠터 | 보청기 | 욕창예방방석 | 욕창예방매트리스 | 이동식전동리프트 | 전방보행차 | 후방보행차 | 수동휠체어","강원특별자치도 속초시 번영로 207","강원특별자치도 속초시 영랑동 165-2","24821","속초시","128.590093460125","38.217076572215","ROAD_ADDR","A","강원도 속초시 번영로 207 (영랑동)","1"
"51","강원특별자치도","73","건강의료기","강원도 홍천군 홍천로 358 (홍천읍)","033-433-2280","전동휠체어(가군, 나군) | 의료용 스쿠터 | 보청기 | 욕창예방방석 | 욕창예방매트리스 | 이동식전동리프트 | 전방보행차 | 후방보행차 | 수동휠체어","강원특별자치도 홍천군 홍천읍 홍천로 358","강원특별자치도 홍천군 홍천읍 신장대리 55-43","25139","홍천군","127.885201952868","37.6889647805113","ROAD_ADDR","A","강원도 홍천군 홍천로 358 (홍천읍)","1"
"51","강원특별자치도","72","경희의료기","강원도 삼척시 오십천로 411 (읍중동)","033-572-0312","전동휠체어(가군, 나군) | 의료용 스쿠터 | 보청기 | 욕창예방방석 | 욕창예방매트리스 | 전방보행차 | 후방보행차 | 수동휠체어","강원특별자치도 삼척시 오십천로 411","강원특별자치도 삼척시 읍중동 4-7","25920","삼척시","129.163667386385","37.4412696406334","ROAD_ADDR","A","강원도 삼척시 오십천로 411 (읍중동)","1"
"51","강원특별자치도","71","고려의료기","강원도 춘천시 백령로 157-1 (효자동)","033-243-9969","전동휠체어(가군, 나군) | 의료용 스쿠터 | 보청기 | 욕창예방방석 | 욕창예방매트리스 | 이동식전동리프트 | 전방보행차 | 수동휠체어","강원특별자치도 춘천시 백령로 157-1","강원특별자치도 춘천시 효자동 18-49","24290","춘천시","127.743828884065","37.8757545278532","ROAD_ADDR","A","강원도 춘천시 백령로 157-1 (효자동)","1"
"51","강원특별자치도","70","굿모닝의료기","강원도 강릉시 주문로 97 (주문진읍)","033-661-3234","전동휠체어(가군, 나군) | 의료용 스쿠터 | 보청기 | 욕창예방방석 | 욕창예방매트리스 | 이동식전동리프트 | 전방보행차 | 후방보행차 | 수동휠체어","강원특별자치도 강릉시 주문진읍 주문로 97","강원특별자치도 강릉시 주문진읍 주문리 333-2","25414","강릉시","128.826598165073","37.8927098239428","ROAD_ADDR","A","강원도 강릉시 주문로 97 (주문진읍)","1"
"51","강원특별자치도","69","굿모닝의료기, 굿모닝보청기춘천센터","강원도 춘천시 백령로 155 1층 (효자동, 종근당약국)","033-255-7654","전동휠체어(가군, 나군) | 의료용 스쿠터 | 보청기","강원특별자치도 춘천시 백령로 155","강원특별자치도 춘천시 효자동 18-41","24295","춘천시","127.743454204458","37.8755338243668","ROAD_ADDR","A","강원도 춘천시 백령로 155 1층 (효자동, 종근당약국)","1"
"51","강원특별자치도","68","굿모닝의료기.굿모닝보청기춘천센터","강원도 춘천시 백령로 155, 1층 (효자동)","033-255-7654","전동휠체어(가군, 나군) | 의료용 스쿠터 | 보청기 | 욕창예방방석 | 욕창예방매트리스 | 이동식전동리프트 | 전방보행차 | 후방보행차 | 수동휠체어","강원특별자치도 춘천시 백령로 155","강원특별자치도 춘천시 효자동 18-41","24295","춘천시","127.743454204458","37.8755338243668","ROAD_ADDR","A","강원도 춘천시 백령로 155, 1층 (효자동)","1"
"51","강원특별자치도","67","근로복지공단 재활공학연구소 동해산재병원","강원도 동해시 천곡동(평릉동) 190번지 동해산재병원","033-530-3855","의지·보조기(교정형신발 등) | 전동휠체어(가군, 나군) | 의료용 스쿠터 | 욕창예방방석 | 욕창예방매트리스 | 이동식전동리프트 | 수동휠체어","강원특별자치도 동해시 하평로 11","강원특별자치도 동해시 평릉동 190","25738","동해시","129.107875446904","37.5313693863677","REGION_ADDR","A","강원도 동해시 천곡동(평릉동) 190번지 동해산재병원","1"
"51","강원특별자치도","66","기독의료기","강원도 원주시 원일로115번길 16 (일산동, 원주청년관)","033-732-7001","전동휠체어(가군, 나군) | 의료용 스쿠터 | 보청기 | 욕창예방방석 | 욕창예방매트리스 | 이동식전동리프트 | 전방보행차 | 후방보행차 | 수동휠체어","강원특별자치도 원주시 원일로115번길 16","강원특별자치도 원주시 일산동 161-12","26427","원주시","127.947060846602","37.3493945191637","ROAD_ADDR","A","강원도 원주시 원일로115번길 16 (일산동, 원주청년관)","1"
"51","강원특별자치도","65","나눔의료기","강원도 강릉시 남문길 13 (남문동)","033-645-1311","전동휠체어(가군, 나군) | 의료용 스쿠터 | 보청기 | 욕창예방방석 | 욕창예방매트리스 | 이동식전동리프트 | 수동휠체어","강원특별자치도 강릉시 남문길 13","강원특별자치도 강릉시 남문동 113","25538","강릉시","128.893077083547","37.7504810911833","ROAD_ADDR","A","강원도 강릉시 남문길 13 (남문동)","1"
"51","강원특별자치도","64","나은메디헬스","강원도 태백시 외솔배기길 143 (화전동)","033-553-7913","전동휠체어(가군, 나군) | 의료용 스쿠터 | 욕창예방방석 | 욕창예방매트리스 | 수동휠체어","강원특별자치도 태백시 외솔배기길 143","강원특별자치도 태백시 화전동 4-66","26005","태백시","128.979089348428","37.1800295280479","ROAD_ADDR","A","강원도 태백시 외솔배기길 143 (화전동)","1"
"51","강원특별자치도","63","남양의료기","강원도 동해시 발한로 79 (부곡동, 101호)","033-535-7165","전동휠체어(가군, 나군) | 의료용 스쿠터 | 보청기 | 수동휠체어","강원특별자치도 동해시 발한로 79","강원특별자치도 동해시 부곡동 66-22","25732","동해시","129.101482589566","37.5392858402386","ROAD_ADDR","A","강원도 동해시 발한로 79 (부곡동, 101호)","1"
"51","강원특별자치도","62","다온","강원도 원주시 이화1길 41-4 (단계동)","033-748-3056","전동휠체어(가군, 나군) | 의료용 스쿠터 | 욕창예방방석 | 욕창예방매트리스 | 이동식전동리프트 | 후방보행차 | 수동휠체어","강원특별자치도 원주시 이화1길 41-4","강원특별자치도 원주시 단계동 916-3","26474","원주시","127.933816139598","37.3404192926387","ROAD_ADDR","A","강원도 원주시 이화1길 41-4 (단계동)","1"
"51","강원특별자치도","61","대림원주대리점","강원도 원주시 평원로 107 (학성동)","010-5369-8680","전동휠체어(가군, 나군) | 의료용 스쿠터","강원특별자치도 원주시 평원로 107","강원특별자치도 원주시 학성동 327-2","26415","원주시","127.947739139118","37.3536862967104","ROAD_ADDR","A","강원도 원주시 평원로 107 (학성동)","1"
"51","강원특별자치도","60","대명의료기상사","강원도 속초시 중앙로 11 (교동)","033-638-2998","전동휠체어(가군, 나군) | 의료용 스쿠터 | 보청기 | 욕창예방방석 | 욕창예방매트리스 | 이동식전동리프트 | 전방보행차 | 후방보행차 | 수동휠체어","강원특별자치도 속초시 중앙로 11","강원특별자치도 속초시 교동 669-1","24853","속초시","128.578729605698","38.1981025015059","ROAD_ADDR","A","강원도 속초시 중앙로 11 (교동)","1"
"51","강원특별자치도","59","대명전자","강원도 춘천시 성심로 5 (교동)","033-252-3308","전동휠체어(가군, 나군) | 의료용 스쿠터","강원특별자치도 춘천시 성심로 5","강원특별자치도 춘천시 교동 156-1","24258","춘천시","127.739446526314","37.8831444395628","ROAD_ADDR","A","강원도 춘천시 성심로 5 (교동)","1"
"51","강원특별자치도","58","대세엠 케어","강원특별자치도 춘천시 충혼길44번길 17 (온의동)","010-3379-7915","전동휠체어(가군, 나군) | 의료용 스쿠터 | 욕창예방방석 | 욕창예방매트리스 | 이동식전동리프트 | 전방보행차 | 후방보행차 | 수동휠체어","강원특별자치도 춘천시 충혼길44번길 17","강원특별자치도 춘천시 온의동 538-1","24437","춘천시","127.719417228399","37.8616097961392","ROAD_ADDR","A","강원특별자치도 춘천시 충혼길44번길 17 (온의동)","1"
"51","강원특별자치도","57","대양의료기","강원도 강릉시 남문길 15 (남문동)","033-655-1311","전동휠체어(가군, 나군) | 의료용 스쿠터 | 욕창예방방석 | 욕창예방매트리스 | 이동식전동리프트 | 수동휠체어","강원특별자치도 강릉시 남문길 15","강원특별자치도 강릉시 남문동 116-1","25538","강릉시","128.89293434766","37.7504183435849","ROAD_ADDR","A","강원도 강릉시 남문길 15 (남문동)","1"
"51","강원특별자치도","56","덴마크보청기(연세의료기)","강원도 원주시 남원로 72 (흥업면)","033-763-6300","전동휠체어(가군, 나군) | 의료용 스쿠터 | 보청기 | 욕창예방방석 | 욕창예방매트리스 | 전방보행차 | 후방보행차","강원특별자치도 원주시 흥업면 남원로 72","강원특별자치도 원주시 흥업면 흥업리 586-7","26403","원주시","127.92018879493","37.3024788227092","ROAD_ADDR","A","강원도 원주시 남원로 72 (흥업면)","1"
"51","강원특별자치도","55","독일의료기","강원도 양양군 양양로 72 (양양읍)","033-671-0089","전동휠체어(가군, 나군) | 의료용 스쿠터 | 보청기 | 수동휠체어","강원특별자치도 양양군 양양읍 양양로 72","강원특별자치도 양양군 양양읍 남문리 82-1","25023","양양군","128.62137969913","38.0751001207118","ROAD_ADDR","A","강원도 양양군 양양로 72 (양양읍)","1"
"51","강원특별자치도","54","동방의료기,와이덱스보청기","강원도 속초시 중앙로 35 (교동)","033-631-2234","전동휠체어(가군, 나군) | 의료용 스쿠터 | 보청기 | 욕창예방방석 | 욕창예방매트리스 | 이동식전동리프트 | 전방보행차 | 후방보행차 | 수동휠체어","강원특별자치도 속초시 중앙로 35","강원특별자치도 속초시 교동 658-46","24835","속초시","128.580505094718","38.1997070160996","ROAD_ADDR","A","강원도 속초시 중앙로 35 (교동)","1"
"51","강원특별자치도","53","메디존의료기","강원도 춘천시 중앙로 138, 1층 (소양로4가)","033-251-4076","전동휠체어(가군, 나군) | 의료용 스쿠터 | 보청기 | 욕창예방방석 | 욕창예방매트리스 | 이동식전동리프트 | 수동휠체어","강원특별자치도 춘천시 중앙로 138","강원특별자치도 춘천시 소양로4가 115-9","24276","춘천시","127.719868355518","37.8760574464611","ROAD_ADDR","A","강원도 춘천시 중앙로 138, 1층 (소양로4가)","1"
"51","강원특별자치도","52","모빌리티 그라운드","강원특별자치도 춘천시 후석로 73 1층 (석사동)","010-7643-7755","전동휠체어(가군, 나군) | 의료용 스쿠터","강원특별자치도 춘천시 후석로 73","강원특별자치도 춘천시 석사동 640-4","24383","춘천시","127.743806637721","37.8606315533942","ROAD_ADDR","A","강원특별자치도 춘천시 후석로 73 1층 (석사동)","1"
"51","강원특별자치도","51","무한상사","강원도 홍천군 홍천읍 홍천로 699 , 1층 1호 (홍천읍)","033-436-5586","전동휠체어(가군, 나군) | 의료용 스쿠터 | 욕창예방방석 | 욕창예방매트리스 | 이동식전동리프트 | 전방보행차 | 후방보행차 | 수동휠체어","강원특별자치도 홍천군 홍천읍 홍천로 699","강원특별자치도 홍천군 홍천읍 결운리 334-7","25126","홍천군","127.912404708138","37.7092210868987","ROAD_ADDR","A","강원도 홍천군 홍천읍 홍천로 699 , 1층 1호 (홍천읍)","1"
"51","강원특별자치도","50","무한상사","강원도 춘천시 춘천순환로 564 (동면)","033-254-2208","전동휠체어(가군, 나군) | 의료용 스쿠터 | 욕창예방방석 | 욕창예방매트리스 | 이동식전동리프트 | 전방보행차 | 수동휠체어","강원특별자치도 춘천시 동면 춘천순환로 564","강원특별자치도 춘천시 동면 장학리 204","24213","춘천시","127.75846197586","37.8894345491765","ROAD_ADDR","A","강원도 춘천시 춘천순환로 564 (동면)","1"
"51","강원특별자치도","49","백세의료기","강원특별자치도 원주시 내남송길 131-16, 가동 (판부면)","033-763-8883","전동휠체어(가군, 나군) | 의료용 스쿠터 | 욕창예방방석 | 욕창예방매트리스 | 이동식전동리프트 | 수동휠체어","강원특별자치도 원주시 판부면 내남송길 131-16","강원특별자치도 원주시 판부면 서곡리 107-2","26401","원주시","127.948134778791","37.3078945360038","ROAD_ADDR","A","강원특별자치도 원주시 내남송길 131-16, 가동 (판부면)","1"
"51","강원특별자치도","48","백세의료기기","강원도 원주시 원일로 14-3 (인동)","033-766-7996","전동휠체어(가군, 나군) | 의료용 스쿠터 | 수동휠체어","강원특별자치도 원주시 원일로 14-3","강원특별자치도 원주시 인동 264-26","26429","원주시","127.954184493132","37.3450853790027","ROAD_ADDR","A","강원도 원주시 원일로 14-3 (인동)","1"
"51","강원특별자치도","47","부영의료기","강원특별자치도 강릉시 입암로 74 (입암동)","033-647-3114","전동휠체어(가군, 나군) | 의료용 스쿠터 | 수동휠체어","강원특별자치도 강릉시 입암로 74","강원특별자치도 강릉시 입암동 457","25617","강릉시","128.914587233049","37.7530856598136","ROAD_ADDR","A","강원특별자치도 강릉시 입암로 74 (입암동)","1"
"51","강원특별자치도","46","삼보의료기","강원도 원주시 치악로 1878-3 (봉산동)","033-745-3700","전동휠체어(가군, 나군) | 의료용 스쿠터 | 보청기 | 이동식전동리프트 | 수동휠체어","강원특별자치도 원주시 치악로 1878-3","강원특별자치도 원주시 봉산동 1079-3","26329","원주시","127.957132158891","37.3486643782754","ROAD_ADDR","A","강원도 원주시 치악로 1878-3 (봉산동)","1"
"51","강원특별자치도","45","삼성의료기","강원도 강릉시 경강로 2069 (임당동)","033-643-9005","전동휠체어(가군, 나군) | 의료용 스쿠터 | 보청기 | 수동휠체어","강원특별자치도 강릉시 경강로 2069","강원특별자치도 강릉시 임당동 137-2","25533","강릉시","128.893698676533","37.7534128957221","ROAD_ADDR","A","강원도 강릉시 경강로 2069 (임당동)","1"
"51","강원특별자치도","44","삼척의료기","강원도 삼척시 오십천로 421 (남양동)","033-574-1887","전동휠체어(가군, 나군) | 의료용 스쿠터 | 보청기 | 욕창예방방석 | 욕창예방매트리스 | 수동휠체어","강원특별자치도 삼척시 오십천로 421","강원특별자치도 삼척시 남양동 55-20","25920","삼척시","129.164645432167","37.4408180570918","ROAD_ADDR","A","강원도 삼척시 오십천로 421 (남양동)","1"
"51","강원특별자치도","43","삼천리자전거대리점","강원도 동해시 대동로 123 (북평동)","033-521-4693","전동휠체어(가군, 나군) | 의료용 스쿠터","강원특별자치도 동해시 대동로 123","강원특별자치도 동해시 북평동 15-3","25813","동해시","129.126370845265","37.4828973359869","ROAD_ADDR","A","강원도 동해시 대동로 123 (북평동)","1"
"51","강원특별자치도","42","설악의료기","강원도 속초시 번영로 208 (영랑동)","033-638-0010","전동휠체어(가군, 나군) | 의료용 스쿠터 | 보청기 | 욕창예방방석 | 욕창예방매트리스 | 이동식전동리프트 | 전방보행차 | 후방보행차 | 수동휠체어","강원특별자치도 속초시 번영로 208","강원특별자치도 속초시 영랑동 163","24807","속초시","128.590528221111","38.2171587805707","ROAD_ADDR","A","강원도 속초시 번영로 208 (영랑동)","1"
"51","강원특별자치도","41","성심의료기","강원도 동해시 중앙로 214, 102호 (천곡동, 태화빌딩)","033-535-1345","전동휠체어(가군, 나군) | 의료용 스쿠터 | 보청기 | 욕창예방방석 | 욕창예방매트리스 | 이동식전동리프트 | 전방보행차 | 후방보행차 | 수동휠체어","강원특별자치도 동해시 중앙로 214","강원특별자치도 동해시 천곡동 886","25770","동해시","129.115769403326","37.5199274572677","ROAD_ADDR","A","강원도 동해시 중앙로 214, 102호 (천곡동, 태화빌딩)","1"
"51","강원특별자치도","40","성지의료기","강원도 원주시 중앙로 21, 1층 (인동)","033-764-2058","전동휠체어(가군, 나군) | 의료용 스쿠터 | 보청기 | 욕창예방방석 | 욕창예방매트리스 | 이동식전동리프트 | 전방보행차 | 후방보행차 | 수동휠체어","강원특별자치도 원주시 중앙로 21","강원특별자치도 원주시 인동 242-6","26429","원주시","127.954002794261","37.3460036083569","ROAD_ADDR","A","강원도 원주시 중앙로 21, 1층 (인동)","1"
"51","강원특별자치도","39","솔고복지용구지원센터","강원도 춘천시 공지로 324, 1층 (효자동)","033-255-3071","전동휠체어(가군, 나군) | 의료용 스쿠터 | 욕창예방방석 | 욕창예방매트리스 | 이동식전동리프트 | 전방보행차 | 후방보행차 | 수동휠체어","강원특별자치도 춘천시 공지로 324","강원특별자치도 춘천시 효자동 700-3","24338","춘천시","127.730177469127","37.8688545312519","ROAD_ADDR","A","강원도 춘천시 공지로 324, 1층 (효자동)","1"
"51","강원특별자치도","38","실버메디칼","강원도 동해시 중앙로 188 (천곡동, 지상1층)","033-521-3992","전동휠체어(가군, 나군) | 의료용 스쿠터 | 보청기 | 욕창예방방석 | 욕창예방매트리스 | 수동휠체어","강원특별자치도 동해시 중앙로 188","강원특별자치도 동해시 천곡동 962-26","25777","동해시","129.116763193338","37.5178178852749","ROAD_ADDR","A","강원도 동해시 중앙로 188 (천곡동, 지상1층)","1"
"51","강원특별자치도","37","실버의료기","강원특별자치도 동해시 동해대로 5458, 1층 (평릉동, 일성빌딩)","033-535-5517","전동휠체어(가군, 나군) | 의료용 스쿠터 | 욕창예방방석 | 욕창예방매트리스 | 이동식전동리프트 | 수동휠체어","강원특별자치도 동해시 동해대로 5458","강원특별자치도 동해시 평릉동 159-1","25751","동해시","129.105220231038","37.5294458145759","ROAD_ADDR","A","강원특별자치도 동해시 동해대로 5458, 1층 (평릉동, 일성빌딩)","1"
"51","강원특별자치도","36","에스엠","강원도 원주시 치악로1735번길 59 (단구동)","033-764-8979","전동휠체어(가군, 나군) | 의료용 스쿠터","강원특별자치도 원주시 치악로1735번길 59","강원특별자치도 원주시 단구동 519-1","26446","원주시","127.954534197123","37.3338048647021","ROAD_ADDR","A","강원도 원주시 치악로1735번길 59 (단구동)","1"
"51","강원특별자치도","35","연서메디칼","강원도 강릉시 보래미하길29번길 21 (포남동)","033-651-8899","전동휠체어(가군, 나군) | 의료용 스쿠터 | 보청기 | 욕창예방방석 | 욕창예방매트리스 | 수동휠체어","강원특별자치도 강릉시 보래미하길29번길 21","강원특별자치도 강릉시 포남동 1077-8","25478","강릉시","128.90858162966","37.7730449944932","ROAD_ADDR","A","강원도 강릉시 보래미하길29번길 21 (포남동)","1"
"51","강원특별자치도","34","영동의료기","강원도 영월군 영월읍 중앙1로 48","033-372-0067","전동휠체어(가군, 나군) | 의료용 스쿠터 | 보청기 | 수동휠체어","강원특별자치도 영월군 영월읍 중앙1로 48","강원특별자치도 영월군 영월읍 영흥리 954-10","26233","영월군","128.465965256201","37.1853765847888","ROAD_ADDR","A","강원도 영월군 영월읍 중앙1로 48","1"
"51","강원특별자치도","33","영월의료기","강원도 영월군 영월읍 중앙1로 47","033-375-2343","전동휠체어(가군, 나군) | 의료용 스쿠터 | 보청기 | 수동휠체어","강원특별자치도 영월군 영월읍 중앙1로 47","강원특별자치도 영월군 영월읍 영흥리 955-4","26234","영월군","128.465684118503","37.1855013347326","ROAD_ADDR","A","강원도 영월군 영월읍 중앙1로 47","1"
"51","강원특별자치도","32","영지의료기종합상사","강원도 정선군 봉양7길 49 (정선읍)","033-562-8302","전동휠체어(가군, 나군) | 의료용 스쿠터","강원특별자치도 정선군 정선읍 봉양7길 49","강원특별자치도 정선군 정선읍 봉양리 347-5","26130","정선군","128.665511066406","37.3811573548579","ROAD_ADDR","A","강원도 정선군 봉양7길 49 (정선읍)","1"
"51","강원특별자치도","31","오라의료기","강원도 강릉시 강릉대로 414, 1층 (포남동)","010-5395-1129","전동휠체어(가군, 나군) | 의료용 스쿠터 | 욕창예방방석 | 욕창예방매트리스 | 이동식전동리프트 | 전방보행차 | 후방보행차 | 수동휠체어","강원특별자치도 강릉시 강릉대로 414","강원특별자치도 강릉시 포남동 1241-1","25572","강릉시","128.91016436092","37.7708189523252","ROAD_ADDR","A","강원도 강릉시 강릉대로 414, 1층 (포남동)","1"
"51","강원특별자치도","30","원강메디텍","강원도 춘천시 망대길 10 (중앙로3가)","033-256-6111","전동휠체어(가군, 나군) | 의료용 스쿠터 | 수동휠체어","강원특별자치도 춘천시 망대길 10","강원특별자치도 춘천시 중앙로3가 23-23","24358","춘천시","127.724140524625","37.876328192668","ROAD_ADDR","A","강원도 춘천시 망대길 10 (중앙로3가)","1"
"51","강원특별자치도","29","원주의료기","강원도 원주시 원일로115번길 15 (일산동)","033-744-1711","전동휠체어(가군, 나군) | 의료용 스쿠터 | 보청기 | 욕창예방방석 | 욕창예방매트리스 | 수동휠체어","강원특별자치도 원주시 원일로115번길 15","강원특별자치도 원주시 일산동 161-29","26427","원주시","127.947384399833","37.3492047912932","ROAD_ADDR","A","강원도 원주시 원일로115번길 15 (일산동)","1"
"51","강원특별자치도","28","원주장애인보장구판매수리센터","강원도 원주시 남원로527번길 82-4, 1층 (명륜동)","010-2226-9909","전동휠체어(가군, 나군) | 의료용 스쿠터 | 수동휠체어","강원특별자치도 원주시 남원로527번길 82-4","강원특별자치도 원주시 명륜동 395","26480","원주시","127.942286849153","37.3348954973076","ROAD_ADDR","A","강원도 원주시 남원로527번길 82-4, 1층 (명륜동)","1"
"51","강원특별자치도","27","원주천호보조기","강원특별자치도 원주시 치악로 1729 (단구동)","033-762-8844","의지·보조기(교정형신발 등) | 전동휠체어(가군, 나군) | 의료용 스쿠터 | 이동식전동리프트 | 수동휠체어","강원특별자치도 원주시 치악로 1729","강원특별자치도 원주시 단구동 500-27","26446","원주시","127.956203218489","37.3367919795534","ROAD_ADDR","A","강원특별자치도 원주시 치악로 1729 (단구동)","1"
"51","강원특별자치도","26","유명의료기","강원도 강릉시 보래미길 25 (포남동)","033-653-0745","전동휠체어(가군, 나군) | 의료용 스쿠터 | 보청기","강원특별자치도 강릉시 보래미길 25","강원특별자치도 강릉시 포남동 1083-2","25478","강릉시","128.908819084917","37.7724242528164","ROAD_ADDR","A","강원도 강릉시 보래미길 25 (포남동)","1"
"51","강원특별자치도","25","이원건강의료기 횡성점","강원도 횡성군 화성로 6 (횡성읍)","033-345-0003","전동휠체어(가군, 나군) | 의료용 스쿠터 | 보청기 | 욕창예방방석 | 욕창예방매트리스 | 이동식전동리프트 | 전방보행차 | 후방보행차 | 수동휠체어","강원특별자치도 횡성군 횡성읍 화성로 6","강원특별자치도 횡성군 횡성읍 읍상리 350-3","25225","횡성군","127.988158396688","37.4914938245654","ROAD_ADDR","A","강원도 횡성군 화성로 6 (횡성읍)","1"
"51","강원특별자치도","24","이원건강의료기강릉점","강원도 강릉시 율곡로 2835 (옥천동)","033-647-2159","전동휠체어(가군, 나군) | 의료용 스쿠터 | 보청기 | 수동휠체어","강원특별자치도 강릉시 율곡로 2835","강원특별자치도 강릉시 옥천동 178","25531","강릉시","128.897720464278","37.7572281120158","ROAD_ADDR","A","강원도 강릉시 율곡로 2835 (옥천동)","1"
"51","강원특별자치도","23","이원건강의료기원주의료원점","강원도 원주시 서원대로 383 (개운동, 한신프라자)","033-765-3298","전동휠체어(가군, 나군) | 의료용 스쿠터 | 보청기 | 욕창예방방석 | 욕창예방매트리스 | 이동식전동리프트 | 수동휠체어","강원특별자치도 원주시 서원대로 383","강원특별자치도 원주시 개운동 451-4","26448","원주시","127.948567122909","37.3319941887022","ROAD_ADDR","A","강원도 원주시 서원대로 383 (개운동, 한신프라자)","1"
"51","강원특별자치도","22","이원건강의료기춘천점","강원특별자치도 춘천시 성심로 4, 1층 (교동)","010-3557-5550","전동휠체어(가군, 나군) | 의료용 스쿠터 | 수동휠체어","강원특별자치도 춘천시 성심로 4","강원특별자치도 춘천시 교동 157-25","24259","춘천시","127.738985044578","37.8832261686812","ROAD_ADDR","A","강원특별자치도 춘천시 성심로 4, 1층 (교동)","1"
"51","강원특별자치도","21","이지케어","강원특별자치도 철원군 금학로 265-1 (철원읍, 돈꿔줄게)","033-456-1586","전동휠체어(가군, 나군) | 의료용 스쿠터 | 수동휠체어","강원특별자치도 철원군 철원읍 금학로 265-1","강원특별자치도 철원군 철원읍 화지리 40-57","24006","철원군","127.215404049338","38.2118581625429","ROAD_ADDR","A","강원특별자치도 철원군 금학로 265-1 (철원읍, 돈꿔줄게)","1"
"51","강원특별자치도","20","인산의료기","강원도 춘천시 칠전서1길 42 (칠전동)","033-252-1877","전동휠체어(가군, 나군) | 의료용 스쿠터 | 수동휠체어","강원특별자치도 춘천시 칠전서1길 42","강원특별자치도 춘천시 칠전동 538-3","24457","춘천시","127.713732458545","37.8441037364256","ROAD_ADDR","A","강원도 춘천시 칠전서1길 42 (칠전동)","1"
"51","강원특별자치도","19","장성의료기","강원도 태백시 상장로 41 (황지동)","033-581-0003","전동휠체어(가군, 나군) | 의료용 스쿠터 | 수동휠체어","강원특별자치도 태백시 상장로 41","강원특별자치도 태백시 황지동 114-25","26039","태백시","128.990213312275","37.1500338520248","ROAD_ADDR","A","강원도 태백시 상장로 41 (황지동)","1"
"51","강원특별자치도","18","정의료기","강원도 삼척시 중앙로4길 14-34 (남양동, 반석교회)","010-4371-0552","전동휠체어(가군, 나군) | 의료용 스쿠터 | 욕창예방방석 | 욕창예방매트리스 | 이동식전동리프트 | 수동휠체어","강원특별자치도 삼척시 중앙로4길 14-34","강원특별자치도 삼척시 남양동 158-1","25930","삼척시","129.167091407012","37.4363097943119","ROAD_ADDR","A","강원도 삼척시 중앙로4길 14-34 (남양동, 반석교회)","1"
"51","강원특별자치도","17","종로의료기","강원도 원주시 남산로 64 (원동)","033-761-1551","전동휠체어(가군, 나군) | 의료용 스쿠터 | 보청기 | 욕창예방방석 | 욕창예방매트리스 | 이동식전동리프트 | 전방보행차 | 후방보행차 | 수동휠체어","강원특별자치도 원주시 남산로 64","강원특별자치도 원주시 원동 276-3","26433","원주시","127.944082830543","37.3441310045478","ROAD_ADDR","A","강원도 원주시 남산로 64 (원동)","1"
"51","강원특별자치도","16","주문진의료기 보청기","강원도 강릉시 주문로 33 (주문진읍)","033-661-6282","전동휠체어(가군, 나군) | 의료용 스쿠터 | 보청기 | 욕창예방방석 | 욕창예방매트리스 | 이동식전동리프트 | 전방보행차 | 후방보행차 | 수동휠체어","강원특별자치도 강릉시 주문진읍 주문로 33","강원특별자치도 강릉시 주문진읍 교항리 127-29","25419","강릉시","128.825337384138","37.8867896547229","ROAD_ADDR","A","강원도 강릉시 주문로 33 (주문진읍)","1"
"51","강원특별자치도","15","주식회사 엘케어","강원도 춘천시 삭주로 196, 1층 (후평동)","033-255-1209","전동휠체어(가군, 나군) | 의료용 스쿠터 | 욕창예방방석 | 욕창예방매트리스 | 이동식전동리프트 | 전방보행차 | 후방보행차 | 수동휠체어","강원특별자치도 춘천시 삭주로 196","강원특별자치도 춘천시 후평동 734-19","24297","춘천시","127.752028287951","37.8865552911368","ROAD_ADDR","A","강원도 춘천시 삭주로 196, 1층 (후평동)","1"
"51","강원특별자치도","14","주식회사 예원","강원도 원주시 능라동길 75 , 503호 (무실동)","033-734-0017","전동휠체어(가군, 나군) | 의료용 스쿠터 | 욕창예방방석 | 욕창예방매트리스 | 이동식전동리프트 | 전방보행차 | 후방보행차 | 수동휠체어","강원특별자치도 원주시 능라동길 75","강원특별자치도 원주시 무실동 1852-2","26392","원주시","127.929936129733","37.3328572248803","ROAD_ADDR","A","강원도 원주시 능라동길 75 , 503호 (무실동)","1"
"51","강원특별자치도","13","주영치과의료상사","강원도 속초시 수복로 100 (교동)","033-635-0300","전동휠체어(가군, 나군) | 의료용 스쿠터 | 수동휠체어","강원특별자치도 속초시 수복로 100","강원특별자치도 속초시 교동 658-25","24835","속초시","128.580071710137","38.2004541334245","ROAD_ADDR","A","강원도 속초시 수복로 100 (교동)","1"
"51","강원특별자치도","12","중앙의료기","강원도 원주시 중평길 69-3 (평원동)","033-743-5001","전동휠체어(가군, 나군) | 의료용 스쿠터 | 욕창예방방석 | 욕창예방매트리스 | 이동식전동리프트 | 수동휠체어","강원특별자치도 원주시 중평길 69-3","강원특별자치도 원주시 평원동 216-1","26430","원주시","127.95235203421","37.3513964871398","ROAD_ADDR","A","강원도 원주시 중평길 69-3 (평원동)","1"
"51","강원특별자치도","11","케어존-동부지점","강원특별자치도 원주시 소방서길 52 (명륜동)","010-8721-8519","전동휠체어(가군, 나군) | 의료용 스쿠터 | 욕창예방방석 | 욕창예방매트리스 | 이동식전동리프트 | 수동휠체어","강원특별자치도 원주시 소방서길 52","강원특별자치도 원주시 명륜동 828-5","26482","원주시","127.943160598796","37.3280855398053","ROAD_ADDR","A","강원특별자치도 원주시 소방서길 52 (명륜동)","1"
"51","강원특별자치도","10","평남의료기","강원도 양구군 비봉로 64-53 (양구읍)","033-481-6519","전동휠체어(가군, 나군) | 의료용 스쿠터 | 보청기 | 욕창예방방석 | 욕창예방매트리스 | 이동식전동리프트 | 수동휠체어","강원특별자치도 양구군 양구읍 비봉로 64-53","강원특별자치도 양구군 양구읍 상리 342","24526","양구군","127.987932770544","38.107669400468","ROAD_ADDR","A","강원도 양구군 비봉로 64-53 (양구읍)","1"
"51","강원특별자치도","9","평화바이크.의료기","강원도 화천군 상승로 60 (화천읍, 평화오토바이)","033-442-0222","전동휠체어(가군, 나군) | 의료용 스쿠터","강원특별자치도 화천군 화천읍 상승로 60","강원특별자치도 화천군 화천읍 하리 66-44","24123","화천군","127.70527239545","38.1059950296853","ROAD_ADDR","A","강원도 화천군 상승로 60 (화천읍, 평화오토바이)","1"
"51","강원특별자치도","8","하나의료기","강원도 강릉시 방동길 38 (사천면, 강릉아산병원)","010-2245-6272","전동휠체어(가군, 나군) | 의료용 스쿠터 | 욕창예방방석 | 욕창예방매트리스 | 수동휠체어","강원특별자치도 강릉시 사천면 방동길 38","강원특별자치도 강릉시 사천면 방동리 415","25440","강릉시","128.857824469058","37.8184029737952","ROAD_ADDR","A","강원도 강릉시 방동길 38 (사천면, 강릉아산병원)","1"
"51","강원특별자치도","7","한림의료기","강원특별자치도 춘천시 삭주로 78 1층 (교동)","010-2478-2491","전동휠체어(가군, 나군) | 의료용 스쿠터 | 욕창예방방석 | 욕창예방매트리스 | 수동휠체어","강원특별자치도 춘천시 삭주로 78","강원특별자치도 춘천시 교동 156","24258","춘천시","127.73942455085","37.8833680980278","ROAD_ADDR","A","강원특별자치도 춘천시 삭주로 78 1층 (교동)","1"
"51","강원특별자치도","6","헬스케어의료기","강원도 강릉시 보래미하길 19 (포남동)","033-651-1401","전동휠체어(가군, 나군) | 의료용 스쿠터 | 욕창예방방석 | 욕창예방매트리스 | 이동식전동리프트 | 전방보행차 | 후방보행차 | 수동휠체어","강원특별자치도 강릉시 보래미하길 19","강원특별자치도 강릉시 포남동 1082-34","25486","강릉시","128.909572356842","37.7718618121494","ROAD_ADDR","A","강원도 강릉시 보래미하길 19 (포남동)","1"
"51","강원특별자치도","5","현대의료기","강원도 강릉시 방동길 37, 1층 (사천면)","033-641-8129","전동휠체어(가군, 나군) | 의료용 스쿠터 | 보청기 | 욕창예방방석 | 욕창예방매트리스 | 전방보행차 | 수동휠체어","강원특별자치도 강릉시 사천면 방동길 37","강원특별자치도 강릉시 사천면 방동리 415-1","25440","강릉시","128.856128171392","37.8171579202555","ROAD_ADDR","A","강원도 강릉시 방동길 37, 1층 (사천면)","1"
"51","강원특별자치도","4","현대의료기","강원도 춘천시 성심로 14 (교동)","033-253-6778","전동휠체어(가군, 나군) | 의료용 스쿠터 | 보청기 | 욕창예방방석 | 욕창예방매트리스 | 이동식전동리프트 | 전방보행차 | 후방보행차 | 수동휠체어","강원특별자치도 춘천시 성심로 14","강원특별자치도 춘천시 교동 157-10","24259","춘천시","127.73940286144","37.8823584732177","ROAD_ADDR","A","강원도 춘천시 성심로 14 (교동)","1"
"51","강원특별자치도","3","현산메디칼","강원도 양양군 양양로 80 (양양읍)","033-672-8862","전동휠체어(가군, 나군) | 의료용 스쿠터 | 욕창예방방석 | 욕창예방매트리스 | 전방보행차 | 후방보행차 | 수동휠체어","강원특별자치도 양양군 양양읍 양양로 80","강원특별자치도 양양군 양양읍 남문리 126-1","25023","양양군","128.6205238922","38.074703490102","ROAD_ADDR","A","강원도 양양군 양양로 80 (양양읍)","1"
"51","강원특별자치도","2","호수의료기","강원도 강릉시 방동길 17 (사천면)","033-643-5289","전동휠체어(가군, 나군) | 의료용 스쿠터 | 욕창예방방석 | 욕창예방매트리스 | 전방보행차 | 수동휠체어","강원특별자치도 강릉시 사천면 방동길 17","강원특별자치도 강릉시 사천면 방동리 610-6","25440","강릉시","128.85578880033","37.8156136455013","ROAD_ADDR","A","강원도 강릉시 방동길 17 (사천면)","1"
"51","강원특별자치도","1","홍천의료기","강원도 홍천군 홍천로3길 17 (홍천읍)","033-433-0081","전동휠체어(가군, 나군) | 의료용 스쿠터 | 수동휠체어","강원특별자치도 홍천군 홍천읍 홍천로3길 17","강원특별자치도 홍천군 홍천읍 희망리 354-17","25135","홍천군","127.88048323338","37.6900063796219","ROAD_ADDR","A","강원도 홍천군 홍천로3길 17 (홍천읍)","1"
"52","전북특별자치도","131","(유)진산메디칼","전라북도 전주시 완산구 쑥고개로 398-12 (효자동2가)","063-227-9034","전동휠체어(가군, 나군) | 의료용 스쿠터 | 보청기 | 욕창예방방석 | 욕창예방매트리스 | 이동식전동리프트 | 전방보행차 | 후방보행차 | 수동휠체어","전북특별자치도 전주시 완산구 쑥고개로 398-12","전북특별자치도 전주시 완산구 효자동2가 203-31","55079","전주시 완산구","127.10827654273","35.8038718154518","ROAD_ADDR","A","전라북도 전주시 완산구 쑥고개로 398-12 (효자동2가)","1"
"52","전북특별자치도","130","(유)하늘케어","전라북도 군산시 백릉로 23 (경암동, 쿨피시방)","063-452-1712","의지·보조기(교정형신발 등) | 전동휠체어(가군, 나군) | 의료용 스쿠터 | 보청기 | 자세보조용구 | 욕창예방방석 | 욕창예방매트리스 | 이동식전동리프트 | 전방보행차 | 후방보행차 | 수동휠체어","전북특별자치도 군산시 백릉로 23","전북특별자치도 군산시 경암동 683-12","54036","군산시","126.729103531074","35.974188330661","ROAD_ADDR","A","전라북도 군산시 백릉로 23 (경암동, 쿨피시방)","1"
"52","전북특별자치도","129","(주)더 미래 복지재단","전라북도 정읍시 충정로 161 (상동)","","전동휠체어(가군, 나군) | 의료용 스쿠터 | 욕창예방방석 | 욕창예방매트리스 | 이동식전동리프트 | 전방보행차 | 후방보행차 | 수동휠체어","전북특별자치도 정읍시 충정로 161","전북특별자치도 정읍시 상동 540","56188","정읍시","126.862489941933","35.565896362264","ROAD_ADDR","A","전라북도 정읍시 충정로 161 (상동)","1"
"52","전북특별자치도","128","KEC의료기산업","전라북도 전주시 완산구 전주객사3길 62, 1205호 (고사동, 뉴롯데오피스텔)","063-282-7553","전동휠체어(가군, 나군) | 의료용 스쿠터 | 욕창예방방석 | 욕창예방매트리스 | 수동휠체어","전북특별자치도 전주시 완산구 전주객사3길 62","전북특별자치도 전주시 완산구 고사동 389-1","54999","전주시 완산구","127.142033345157","35.8199557314681","ROAD_ADDR","A","전라북도 전주시 완산구 전주객사3길 62, 1205호 (고사동, 뉴롯데오피스텔)","1"
"52","전북특별자치도","127","가가의료기","전라북도 김제시 중앙로 86 (요촌동)","063-546-0079","전동휠체어(가군, 나군) | 의료용 스쿠터 | 욕창예방방석 | 욕창예방매트리스 | 전방보행차 | 수동휠체어","전북특별자치도 김제시 중앙로 86","전북특별자치도 김제시 요촌동 293-10","54384","김제시","126.885273294407","35.8046983297103","ROAD_ADDR","A","전라북도 김제시 중앙로 86 (요촌동)","1"
"52","전북특별자치도","126","가나의료기","전라북도 부안군 부안읍 번영로 136 (1층)","063-582-2103","전동휠체어(가군, 나군) | 의료용 스쿠터 | 수동휠체어","전북특별자치도 부안군 부안읍 번영로 136","전북특별자치도 부안군 부안읍 서외리 9-8","56313","부안군","126.73530173699","35.7259104876381","ROAD_ADDR","A","전라북도 부안군 부안읍 번영로 136 (1층)","1"
"52","전북특별자치도","125","건강우리의료기","전라북도 전주시 완산구 서원로 388, 202호 (중화산동1가, 신일아파트 상가)","063-288-0385","전동휠체어(가군, 나군) | 의료용 스쿠터 | 보청기 | 욕창예방방석 | 욕창예방매트리스 | 이동식전동리프트 | 전방보행차 | 후방보행차 | 수동휠체어","전북특별자치도 전주시 완산구 서원로 388","전북특별자치도 전주시 완산구 중화산동1가 189-4","55046","전주시 완산구","127.135792167411","35.8146633522519","ROAD_ADDR","A","전라북도 전주시 완산구 서원로 388, 202호 (중화산동1가, 신일아파트 상가)","1"
"52","전북특별자치도","124","경보의료기 익산","전라북도 익산시 인북로 213 (남중동, 신동한의원)","063-855-3329","전동휠체어(가군, 나군) | 의료용 스쿠터 | 수동휠체어","전북특별자치도 익산시 인북로 213","전북특별자치도 익산시 남중동 71-6","54620","익산시","126.956603244896","35.9477712761954","ROAD_ADDR","A","전라북도 익산시 인북로 213 (남중동, 신동한의원)","1"
"52","전북특별자치도","123","고창의료기","전북특별자치도 고창군 중앙로 159, 1층 (고창읍, 늘봄빌딩)","010-6522-2103","전동휠체어(가군, 나군) | 의료용 스쿠터 | 보청기 | 욕창예방방석 | 욕창예방매트리스 | 전방보행차 | 후방보행차 | 수동휠체어","전북특별자치도 고창군 고창읍 중앙로 159","전북특별자치도 고창군 고창읍 읍내리 617","56436","고창군","126.692906330016","35.435563010546","ROAD_ADDR","A","전북특별자치도 고창군 중앙로 159, 1층 (고창읍, 늘봄빌딩)","1"
"52","전북특별자치도","122","군산의료보조공학센터","전북특별자치도 군산시 경촌안3길 1-15, 102호 (조촌동)","063-466-2257","의지·보조기(교정형신발 등) | 전동휠체어(가군, 나군) | 의료용 스쿠터 | 자세보조용구 | 욕창예방방석 | 욕창예방매트리스 | 수동휠체어","전북특별자치도 군산시 경촌안3길 1-15","전북특별자치도 군산시 조촌동 469-1","54033","군산시","126.736160487699","35.9772511285577","ROAD_ADDR","A","전북특별자치도 군산시 경촌안3길 1-15, 102호 (조촌동)","1"
"52","전북특별자치도","121","그린의료기","전라북도 장수군 장무로 204 (장계면)","063-353-7000","전동휠체어(가군, 나군) | 의료용 스쿠터 | 보청기 | 욕창예방방석 | 욕창예방매트리스 | 이동식전동리프트 | 전방보행차 | 후방보행차 | 수동휠체어","전북특별자치도 장수군 장계면 장무로 204","전북특별자치도 장수군 장계면 장계리 397","55616","장수군","127.58346705264","35.7292146951274","ROAD_ADDR","A","전라북도 장수군 장무로 204 (장계면)","1"
"52","전북특별자치도","120","그린전동의료기","전라북도 남원시 용성로 79-2 (동충동, 금성전기)","063-632-7081","전동휠체어(가군, 나군) | 의료용 스쿠터 | 수동휠체어","전북특별자치도 남원시 용성로 79-2","전북특별자치도 남원시 동충동 60-1","55761","남원시","127.385335335407","35.4091729019309","ROAD_ADDR","A","전라북도 남원시 용성로 79-2 (동충동, 금성전기)","1"
"52","전북특별자치도","119","그린전동의료기 임실점","전북특별자치도 임실군 오수로 190 제1동 1층 103호 (오수면, 오수동성아파트)","063-632-7081","전동휠체어(가군, 나군) | 의료용 스쿠터 | 수동휠체어","전북특별자치도 임실군 오수면 오수로 190","전북특별자치도 임실군 오수면 오수리 390-4","55951","임실군","127.326251460351","35.5408081796434","ROAD_ADDR","A","전북특별자치도 임실군 오수로 190 제1동 1층 103호 (오수면, 오수동성아파트)","1"
"52","전북특별자치도","118","나드리메디칼케어","전라북도 군산시 중앙로 73 (중앙로3가)","063-451-7080","전동휠체어(가군, 나군) | 의료용 스쿠터 | 욕창예방방석 | 욕창예방매트리스 | 이동식전동리프트 | 전방보행차 | 후방보행차 | 수동휠체어","전북특별자치도 군산시 중앙로 73","전북특별자치도 군산시 중앙로3가 36-2","54028","군산시","126.718952308752","35.9805781636621","ROAD_ADDR","A","전라북도 군산시 중앙로 73 (중앙로3가)","1"
"52","전북특별자치도","117","남원의료기","전라북도 남원시 의총로 81-10 (왕정동)","063-633-2103","전동휠체어(가군, 나군) | 의료용 스쿠터 | 보청기 | 욕창예방방석 | 욕창예방매트리스","전북특별자치도 남원시 의총로 81-10","전북특별자치도 남원시 왕정동 45-15","55764","남원시","127.375942409011","35.408037281153","ROAD_ADDR","A","전라북도 남원시 의총로 81-10 (왕정동)","1"
"52","전북특별자치도","116","노인수발용품전문점푸른의료기","전라북도 익산시 무왕로 927 (신동, 한국전기온돌판넬산업)","063-837-7712","전동휠체어(가군, 나군) | 의료용 스쿠터 | 욕창예방방석 | 욕창예방매트리스 | 전방보행차 | 수동휠체어","전북특별자치도 익산시 무왕로 927","전북특별자치도 익산시 신동 120-36","54539","익산시","126.961507233064","35.9630088692174","ROAD_ADDR","A","전라북도 익산시 무왕로 927 (신동, 한국전기온돌판넬산업)","1"
"52","전북특별자치도","115","누가의료기","전라북도 전주시 덕진구 조경단로 33 (금암동)","063-255-2827","전동휠체어(가군, 나군) | 의료용 스쿠터 | 욕창예방방석 | 욕창예방매트리스 | 수동휠체어","전북특별자치도 전주시 덕진구 조경단로 33","전북특별자치도 전주시 덕진구 금암동 525-34","54930","전주시 덕진구","127.137455668254","35.837497024479","ROAD_ADDR","A","전라북도 전주시 덕진구 조경단로 33 (금암동)","1"
"52","전북특별자치도","114","누리보조기","전라북도 전주시 완산구 안행로 103 (효자동1가)","063-236-3199","의지·보조기(교정형신발 등) | 전동휠체어(가군, 나군) | 의료용 스쿠터 | 보청기 | 자세보조용구 | 욕창예방방석 | 욕창예방매트리스 | 이동식전동리프트 | 전방보행차 | 후방보행차 | 수동휠체어","전북특별자치도 전주시 완산구 안행로 103","전북특별자치도 전주시 완산구 효자동1가 679-2","55095","전주시 완산구","127.134330401885","35.805491684043","ROAD_ADDR","A","전라북도 전주시 완산구 안행로 103 (효자동1가)","1"
"52","전북특별자치도","113","다원의료기산업","전북특별자치도 전주시 완산구 메너머2길 12 (중화산동2가)","063-905-3565","전동휠체어(가군, 나군) | 의료용 스쿠터 | 욕창예방방석 | 욕창예방매트리스 | 이동식전동리프트 | 전방보행차 | 후방보행차 | 수동휠체어","전북특별자치도 전주시 완산구 메너머2길 12","전북특별자치도 전주시 완산구 중화산동2가 698-6","54972","전주시 완산구","127.121526075876","35.8225237322746","ROAD_ADDR","A","전북특별자치도 전주시 완산구 메너머2길 12 (중화산동2가)","1"
"52","전북특별자치도","112","대성의료기","전라북도 전주시 완산구 서원로 358 (중화산동1가)","063-231-3344","전동휠체어(가군, 나군) | 의료용 스쿠터 | 보청기 | 욕창예방방석 | 욕창예방매트리스 | 이동식전동리프트 | 전방보행차 | 후방보행차 | 수동휠체어","전북특별자치도 전주시 완산구 서원로 358","전북특별자치도 전주시 완산구 중화산동1가 303-26","55046","전주시 완산구","127.133244018859","35.8134245363986","ROAD_ADDR","A","전라북도 전주시 완산구 서원로 358 (중화산동1가)","1"
"52","전북특별자치도","111","대성의료기","전라북도 정읍시 수성1로 65 (수성동, 101호)","063-532-6116","전동휠체어(가군, 나군) | 의료용 스쿠터 | 욕창예방방석 | 욕창예방매트리스 | 수동휠체어","전북특별자치도 정읍시 수성1로 65","전북특별자치도 정읍시 수성동 959-6","56177","정읍시","126.854531857893","35.5774463392073","ROAD_ADDR","A","전라북도 정읍시 수성1로 65 (수성동, 101호)","1"
"52","전북특별자치도","110","대한의료기","전라북도 전주시 완산구 용머리로 178 (효자동1가)","063-224-1059","전동휠체어(가군, 나군) | 의료용 스쿠터 | 보청기","전북특별자치도 전주시 완산구 용머리로 178","전북특별자치도 전주시 완산구 효자동1가 145-6","55094","전주시 완산구","127.12975854989","35.8066803330343","ROAD_ADDR","A","전라북도 전주시 완산구 용머리로 178 (효자동1가)","1"
"52","전북특별자치도","109","동군산의료기","전라북도 군산시 경촌2길 36-1 (조촌동)","063-445-0522","전동휠체어(가군, 나군) | 의료용 스쿠터 | 욕창예방방석 | 욕창예방매트리스 | 전방보행차 | 수동휠체어","전북특별자치도 군산시 경촌2길 36-1","전북특별자치도 군산시 조촌동 826-3","54033","군산시","126.737082124773","35.9765412665968","ROAD_ADDR","A","전라북도 군산시 경촌2길 36-1 (조촌동)","1"
"52","전북특별자치도","108","동산 헬스케어","전라북도 익산시 목천로 358 상가동 1층, 106호 (동산동, 세경3차아파트)","063-918-6003","전동휠체어(가군, 나군) | 의료용 스쿠터 | 욕창예방방석 | 욕창예방매트리스 | 전방보행차 | 후방보행차 | 수동휠체어","전북특별자치도 익산시 목천로 358","전북특별자치도 익산시 동산동 588-35","54676","익산시","126.96022717843","35.9262567924148","ROAD_ADDR","A","전라북도 익산시 목천로 358 상가동 1층, 106호 (동산동, 세경3차아파트)","1"
"52","전북특별자치도","107","동산의료기(센터라인)","전라북도 전주시 덕진구 쪽구름로 10, 1호 (여의동2가)","063-247-5014","전동휠체어(가군, 나군) | 의료용 스쿠터 | 욕창예방매트리스 | 이동식전동리프트 | 전방보행차 | 수동휠체어","전북특별자치도 전주시 덕진구 쪽구름로 10","전북특별자치도 전주시 덕진구 여의동2가 563-2","54848","전주시 덕진구","127.079295238764","35.866860201339","ROAD_ADDR","A","전라북도 전주시 덕진구 쪽구름로 10, 1호 (여의동2가)","1"
"52","전북특별자치도","106","동아의료기","전라북도 전주시 완산구 송정2길 17 (삼천동1가)","063-222-2597","전동휠체어(가군, 나군) | 의료용 스쿠터 | 보청기 | 욕창예방방석 | 욕창예방매트리스 | 이동식전동리프트 | 수동휠체어","전북특별자치도 전주시 완산구 송정2길 17","전북특별자치도 전주시 완산구 삼천동1가 595-1","55084","전주시 완산구","127.118224536281","35.7996457055748","ROAD_ADDR","A","전라북도 전주시 완산구 송정2길 17 (삼천동1가)","1"
"52","전북특별자치도","105","동아의료기","전라북도 순창군 순창9길 12-13 (순창읍)","063-7673-0913","전동휠체어(가군, 나군) | 의료용 스쿠터 | 보청기 | 수동휠체어","전북특별자치도 순창군 순창읍 순창9길 12-13","전북특별자치도 순창군 순창읍 순화리 116-7","56040","순창군","127.141923022858","35.3762075572876","ROAD_ADDR","A","전라북도 순창군 순창9길 12-13 (순창읍)","1"
"52","전북특별자치도","104","두리재가복지센터","전북특별자치도 완주군 갈산1로 13, 1층 101호 (이서면)","063-717-6363","전동휠체어(가군, 나군) | 의료용 스쿠터 | 수동휠체어","전북특별자치도 완주군 이서면 갈산1로 13","전북특별자치도 완주군 이서면 갈산리 651-11","55365","완주군","127.054237959671","35.8342087287096","ROAD_ADDR","A","전북특별자치도 완주군 갈산1로 13, 1층 101호 (이서면)","1"
"52","전북특별자치도","103","드림의료기","전라북도 부안군 진성길 8 (부안읍)","063-584-4346","전동휠체어(가군, 나군) | 의료용 스쿠터 | 욕창예방방석 | 욕창예방매트리스 | 이동식전동리프트 | 전방보행차 | 후방보행차 | 수동휠체어","전북특별자치도 부안군 부안읍 진성길 8","전북특별자치도 부안군 부안읍 봉덕리 817","56315","부안군","126.738966592713","35.7240211352791","ROAD_ADDR","A","전라북도 부안군 진성길 8 (부안읍)","1"
"52","전북특별자치도","102","드림의료기","전북특별자치도 김제시 요촌중2길 6-21, 1층 (요촌동)","010-3166-9241","전동휠체어(가군, 나군) | 의료용 스쿠터 | 욕창예방방석 | 욕창예방매트리스 | 이동식전동리프트 | 수동휠체어","전북특별자치도 김제시 요촌중2길 6-21","전북특별자치도 김제시 요촌동 587-2","54382","김제시","126.890156926227","35.8047814808759","ROAD_ADDR","A","전북특별자치도 김제시 요촌중2길 6-21, 1층 (요촌동)","1"
"52","전북특별자치도","101","만물의료기기","전라북도 순창군 옥천로 69 (순창읍)","010-3644-1141","전동휠체어(가군, 나군) | 의료용 스쿠터 | 수동휠체어","전북특별자치도 순창군 순창읍 옥천로 69","전북특별자치도 순창군 순창읍 순화리 54-45","56036","순창군","127.141116785957","35.3791055443496","ROAD_ADDR","A","전라북도 순창군 옥천로 69 (순창읍)","1"
"52","전북특별자치도","100","맘편한 의료기","전북특별자치도 전주시 덕진구 도당산1길 13 1층 103호 (우아동3가)","063-224-2006","전동휠체어(가군, 나군) | 의료용 스쿠터 | 수동휠체어","전북특별자치도 전주시 덕진구 도당산1길 13","전북특별자치도 전주시 덕진구 우아동3가 748-72","54910","전주시 덕진구","127.153992946663","35.8458956098768","ROAD_ADDR","A","전북특별자치도 전주시 덕진구 도당산1길 13 1층 103호 (우아동3가)","1"
"52","전북특별자치도","99","메디타운","전북특별자치도 전주시 덕진구 인교9길 9, 1층 102호 (우아동1가)","063-275-0677","전동휠체어(가군, 나군) | 의료용 스쿠터 | 욕창예방방석 | 욕창예방매트리스 | 이동식전동리프트 | 전방보행차 | 수동휠체어","전북특별자치도 전주시 덕진구 인교9길 9","전북특별자치도 전주시 덕진구 우아동1가 1110-1","55028","전주시 덕진구","127.173790913063","35.8260847524922","ROAD_ADDR","A","전북특별자치도 전주시 덕진구 인교9길 9, 1층 102호 (우아동1가)","1"
"52","전북특별자치도","98","믿음의료기","전라북도 전주시 덕진구 인후6길 31 (인후동1가)","063-247-8023","전동휠체어(가군, 나군) | 의료용 스쿠터 | 욕창예방방석 | 욕창예방매트리스 | 전방보행차 | 후방보행차 | 수동휠체어","전북특별자치도 전주시 덕진구 인후6길 31","전북특별자치도 전주시 덕진구 인후동1가 214-33","55009","전주시 덕진구","127.155206208903","35.8315462178747","ROAD_ADDR","A","전라북도 전주시 덕진구 인후6길 31 (인후동1가)","1"
"52","전북특별자치도","97","바른의료기","전북특별자치도 전주시 완산구 덕적골2길 18, 205호 (평화동1가, 평화주공1단지아파트 상가)","010-3833-9444","전동휠체어(가군, 나군) | 의료용 스쿠터 | 보청기","전북특별자치도 전주시 완산구 덕적골2길 18","전북특별자치도 전주시 완산구 평화동1가 445-1","55120","전주시 완산구","127.140831692036","35.7970103008889","ROAD_ADDR","A","전북특별자치도 전주시 완산구 덕적골2길 18, 205호 (평화동1가, 평화주공1단지아파트 상가)","1"
"52","전북특별자치도","96","백세건강메디칼 호남지사","전라북도 남원시 춘향로 670 (사매면, (유)한빛주류상사)","063-635-3147","전동휠체어(가군, 나군) | 의료용 스쿠터 | 수동휠체어","전북특별자치도 남원시 사매면 춘향로 670","전북특별자치도 남원시 사매면 대율리 1","55703","남원시","127.37001590296","35.4672880013416","ROAD_ADDR","A","전라북도 남원시 춘향로 670 (사매면, (유)한빛주류상사)","1"
"52","전북특별자치도","95","백세의료기기","전라북도 전주시 완산구 평화19길 12, 1층 102호 (평화동1가, 에스엠빌딩)","063-229-0103","전동휠체어(가군, 나군) | 의료용 스쿠터 | 욕창예방방석 | 욕창예방매트리스 | 이동식전동리프트 | 수동휠체어","전북특별자치도 전주시 완산구 평화19길 12","전북특별자치도 전주시 완산구 평화동1가 739-1","55121","전주시 완산구","127.137541603156","35.7948588276401","ROAD_ADDR","A","전라북도 전주시 완산구 평화19길 12, 1층 102호 (평화동1가, 에스엠빌딩)","1"
"52","전북특별자치도","94","백세의료기산업","전라북도 익산시 서동로 130-1 (동산동, 오크통)","063-852-0103","전동휠체어(가군, 나군) | 의료용 스쿠터 | 욕창예방방석 | 욕창예방매트리스 | 이동식전동리프트 | 후방보행차 | 수동휠체어","전북특별자치도 익산시 서동로 130-1","전북특별자치도 익산시 동산동 1056-6","54609","익산시","126.965616065469","35.9351140818484","ROAD_ADDR","A","전라북도 익산시 서동로 130-1 (동산동, 오크통)","1"
"52","전북특별자치도","93","백제사","전라북도 정읍시 충정로 257-22 (수성동, 백제의료기상가)","063-535-3516","전동휠체어(가군, 나군) | 의료용 스쿠터 | 욕창예방방석 | 욕창예방매트리스 | 이동식전동리프트 | 수동휠체어","전북특별자치도 정읍시 충정로 257-22","전북특별자치도 정읍시 수성동 448-19","56163","정읍시","126.853082632486","35.5699612040413","ROAD_ADDR","A","전라북도 정읍시 충정로 257-22 (수성동, 백제의료기상가)","1"
"52","전북특별자치도","92","백제의료기","전북특별자치도 전주시 완산구 어은로 35, 1층 (중화산동2가)","063-277-2045","전동휠체어(가군, 나군) | 의료용 스쿠터 | 보청기 | 욕창예방방석 | 욕창예방매트리스 | 이동식전동리프트 | 전방보행차 | 후방보행차 | 수동휠체어","전북특별자치도 전주시 완산구 어은로 35","전북특별자치도 전주시 완산구 중화산동2가 220-2","54984","전주시 완산구","127.126521231717","35.8173558896481","ROAD_ADDR","A","전북특별자치도 전주시 완산구 어은로 35, 1층 (중화산동2가)","1"
"52","전북특별자치도","91","백제의료기기","전라북도 남원시 용성로 90 (죽항동)","063-625-1431","전동휠체어(가군, 나군) | 의료용 스쿠터 | 욕창예방방석 | 욕창예방매트리스 | 이동식전동리프트 | 전방보행차 | 후방보행차 | 수동휠체어","전북특별자치도 남원시 용성로 90","전북특별자치도 남원시 죽항동 274-1","55772","남원시","127.386378840168","35.408950819059","ROAD_ADDR","A","전라북도 남원시 용성로 90 (죽항동)","1"
"52","전북특별자치도","90","보건의료기","전라북도 전주시 완산구 산월1길 20 (중화산동2가)","063-277-5514","전동휠체어(가군, 나군) | 의료용 스쿠터 | 수동휠체어","전북특별자치도 전주시 완산구 산월1길 20","전북특별자치도 전주시 완산구 중화산동2가 530-2","54980","전주시 완산구","127.121040502524","35.8129810445692","ROAD_ADDR","A","전라북도 전주시 완산구 산월1길 20 (중화산동2가)","1"
"52","전북특별자치도","89","보람의료기","전북특별자치도 전주시 완산구 농소2길 9-5, 101호 (효자동3가)","063-255-2345","전동휠체어(가군, 나군) | 의료용 스쿠터 | 욕창예방방석 | 이동식전동리프트 | 수동휠체어","전북특별자치도 전주시 완산구 농소2길 9-5","전북특별자치도 전주시 완산구 효자동3가 1720-7","54965","전주시 완산구","127.097847107156","35.8144275048272","ROAD_ADDR","A","전북특별자치도 전주시 완산구 농소2길 9-5, 101호 (효자동3가)","1"
"52","전북특별자치도","88","보람케어","전북특별자치도 전주시 완산구 장승배기로 210, 101호 (평화동1가)","063-223-9420","전동휠체어(가군, 나군) | 의료용 스쿠터 | 보청기 | 욕창예방방석 | 욕창예방매트리스 | 이동식전동리프트 | 전방보행차 | 후방보행차 | 수동휠체어","전북특별자치도 전주시 완산구 장승배기로 210","전북특별자치도 전주시 완산구 평화동1가 711-3","55122","전주시 완산구","127.135692312374","35.796356666083","ROAD_ADDR","A","전북특별자치도 전주시 완산구 장승배기로 210, 101호 (평화동1가)","1"
"52","전북특별자치도","87","사랑의료기","전라북도 정읍시 신태인중앙로 9 (신태인읍, 그린당구장)","063-571-5738","전동휠체어(가군, 나군) | 의료용 스쿠터 | 보청기 | 욕창예방방석 | 욕창예방매트리스 | 수동휠체어","전북특별자치도 정읍시 신태인읍 신태인중앙로 9","전북특별자치도 정읍시 신태인읍 신태인리 230-1","56104","정읍시","126.886323811926","35.6887490631719","ROAD_ADDR","A","전라북도 정읍시 신태인중앙로 9 (신태인읍, 그린당구장)","1"
"52","전북특별자치도","86","삼성 의료기","전라북도 익산시 서동로 93 (마동, 파크장모텔)","063-857-1543","전동휠체어(가군, 나군) | 의료용 스쿠터 | 욕창예방방석 | 욕창예방매트리스 | 수동휠체어","전북특별자치도 익산시 서동로 93","전북특별자치도 익산시 마동 344-3","54598","익산시","126.961647340005","35.933917560169","ROAD_ADDR","A","전라북도 익산시 서동로 93 (마동, 파크장모텔)","1"
"52","전북특별자치도","85","삼성건강의료기","전라북도 정읍시 중앙로 191 (시기동)","063-532-5360","전동휠체어(가군, 나군) | 의료용 스쿠터 | 보청기 | 욕창예방방석 | 욕창예방매트리스 | 이동식전동리프트 | 전방보행차 | 후방보행차 | 수동휠체어","전북특별자치도 정읍시 중앙로 191","전북특별자치도 정읍시 시기동 575","56165","정읍시","126.858814347838","35.5638975409009","ROAD_ADDR","A","전라북도 정읍시 중앙로 191 (시기동)","1"
"52","전북특별자치도","84","삼성복지의료기","전북특별자치도 정읍시 중앙로 88, 2층 (연지동, 삼성의료기)","010-9992-4456","전동휠체어(가군, 나군) | 의료용 스쿠터 | 수동휠체어","전북특별자치도 정읍시 중앙로 88","전북특별자치도 정읍시 연지동 52-11","56160","정읍시","126.849307377072","35.5691349213967","ROAD_ADDR","A","전북특별자치도 정읍시 중앙로 88, 2층 (연지동, 삼성의료기)","1"
"52","전북특별자치도","83","삼성의료기","전라북도 정읍시 중앙로 88 (연지동, 삼성의료기)","063-533-0327","전동휠체어(가군, 나군) | 의료용 스쿠터 | 보청기 | 욕창예방방석 | 욕창예방매트리스 | 이동식전동리프트 | 전방보행차 | 후방보행차 | 수동휠체어","전북특별자치도 정읍시 중앙로 88","전북특별자치도 정읍시 연지동 52-11","56160","정읍시","126.849307377072","35.5691349213967","ROAD_ADDR","A","전라북도 정읍시 중앙로 88 (연지동, 삼성의료기)","1"
"52","전북특별자치도","82","삼성의료기","전라북도 군산시 의료원로 40-1 (지곡동)","063-471-2164","전동휠체어(가군, 나군) | 의료용 스쿠터 | 욕창예방방석 | 욕창예방매트리스 | 전방보행차 | 후방보행차 | 수동휠체어","전북특별자치도 군산시 의료원로 40-1","전북특별자치도 군산시 지곡동 555-3","54104","군산시","126.711351789211","35.955789946294","ROAD_ADDR","A","전라북도 군산시 의료원로 40-1 (지곡동)","1"
"52","전북특별자치도","81","상아의료기","전라북도 전주시 덕진구 건지로 10-9 (금암동)","063-271-2381","전동휠체어(가군, 나군) | 의료용 스쿠터 | 보청기 | 욕창예방방석 | 욕창예방매트리스 | 이동식전동리프트 | 전방보행차 | 후방보행차 | 수동휠체어","전북특별자치도 전주시 덕진구 건지로 10-9","전북특별자치도 전주시 덕진구 금암동 1596-26","54907","전주시 덕진구","127.14312759263","35.8447012689096","ROAD_ADDR","A","전라북도 전주시 덕진구 건지로 10-9 (금암동)","1"
"52","전북특별자치도","80","새소망의료기","전북특별자치도 익산시 선화로22길 2 (마동, 청솔꽃화원)","063-853-3824","전동휠체어(가군, 나군) | 의료용 스쿠터 | 욕창예방방석 | 욕창예방매트리스 | 수동휠체어","전북특별자치도 익산시 선화로22길 2","전북특별자치도 익산시 마동 1-19","54627","익산시","126.968535747146","35.9458857241893","ROAD_ADDR","A","전북특별자치도 익산시 선화로22길 2 (마동, 청솔꽃화원)","1"
"52","전북특별자치도","79","새한의료기","전라북도 김제시 남북로 72, A동 102호,103호 (신풍동, 새한아파트 상가)","063-546-0100","전동휠체어(가군, 나군) | 의료용 스쿠터 | 욕창예방방석 | 욕창예방매트리스 | 이동식전동리프트 | 전방보행차 | 후방보행차 | 수동휠체어","전북특별자치도 김제시 남북로 72","전북특별자치도 김제시 신풍동 452","54406","김제시","126.893502394616","35.7944895390753","ROAD_ADDR","A","전라북도 김제시 남북로 72, A동 102호,103호 (신풍동, 새한아파트 상가)","1"
"52","전북특별자치도","78","새힘복지용구사업소","전라북도 진안군 시장길 70 (진안읍)","063-432-8050","전동휠체어(가군, 나군) | 의료용 스쿠터 | 욕창예방방석 | 욕창예방매트리스 | 수동휠체어","전북특별자치도 진안군 진안읍 시장길 70","전북특별자치도 진안군 진안읍 군상리 450-11","55430","진안군","127.430373289149","35.7928438677024","ROAD_ADDR","A","전라북도 진안군 시장길 70 (진안읍)","1"
"52","전북특별자치도","77","서동의료기","전라북도 익산시 신동로 143 (신동, 청솔부동산컨설팅)","063-842-2844","전동휠체어(가군, 나군) | 의료용 스쿠터 | 욕창예방방석 | 욕창예방매트리스 | 이동식전동리프트 | 전방보행차 | 후방보행차 | 수동휠체어","전북특별자치도 익산시 신동로 143","전북특별자치도 익산시 신동 774-13","54635","익산시","126.966281157565","35.9589513025421","ROAD_ADDR","A","전라북도 익산시 신동로 143 (신동, 청솔부동산컨설팅)","1"
"52","전북특별자치도","76","세계로보청기전주점","전라북도 전주시 덕진구 백제대로 686 (인후동2가)","063-247-3375","전동휠체어(가군, 나군) | 의료용 스쿠터 | 보청기 | 욕창예방방석 | 욕창예방매트리스 | 이동식전동리프트 | 전방보행차 | 후방보행차 | 수동휠체어","전북특별자치도 전주시 덕진구 백제대로 686","전북특별자치도 전주시 덕진구 인후동2가 1529-1","54917","전주시 덕진구","127.144187555529","35.8437672916244","ROAD_ADDR","A","전라북도 전주시 덕진구 백제대로 686 (인후동2가)","1"
"52","전북특별자치도","75","세진 엠 케어","전라북도 군산시 서흥길 81 (서흥남동)","063-462-8158","전동휠체어(가군, 나군) | 의료용 스쿠터 | 욕창예방방석 | 욕창예방매트리스 | 이동식전동리프트 | 전방보행차 | 후방보행차 | 수동휠체어","전북특별자치도 군산시 서흥길 81","전북특별자치도 군산시 서흥남동 828-32","54081","군산시","126.714667620741","35.9725669871672","ROAD_ADDR","A","전라북도 군산시 서흥길 81 (서흥남동)","1"
"52","전북특별자치도","74","소망의료기","전북특별자치도 군산시 신평안길 46-16, 1층 (지곡동, 소망의료기)","063-910-8989","전동휠체어(가군, 나군) | 의료용 스쿠터 | 욕창예방방석 | 욕창예방매트리스 | 전방보행차 | 수동휠체어","전북특별자치도 군산시 신평안길 46-16","전북특별자치도 군산시 지곡동 544-6","54104","군산시","126.712006401258","35.9583995175637","ROAD_ADDR","A","전북특별자치도 군산시 신평안길 46-16, 1층 (지곡동, 소망의료기)","1"
"52","전북특별자치도","73","소망의료기","전라북도 전주시 덕진구 건지로 14-6 (금암동, 우리원룸)","063-277-9222","전동휠체어(가군, 나군) | 의료용 스쿠터 | 욕창예방방석 | 욕창예방매트리스 | 이동식전동리프트 | 전방보행차 | 후방보행차 | 수동휠체어","전북특별자치도 전주시 덕진구 건지로 14-6","전북특별자치도 전주시 덕진구 금암동 1596-4","54907","전주시 덕진구","127.143206085205","35.8450155335694","ROAD_ADDR","A","전라북도 전주시 덕진구 건지로 14-6 (금암동, 우리원룸)","1"
"52","전북특별자치도","72","순창건강의료기","전라북도 순창군 순창6길 28-0 (순창읍)","063-652-7950","전동휠체어(가군, 나군) | 의료용 스쿠터 | 욕창예방방석 | 욕창예방매트리스 | 이동식전동리프트 | 수동휠체어","전북특별자치도 순창군 순창읍 순창6길 28","전북특별자치도 순창군 순창읍 남계리 404-1","56044","순창군","127.145463425039","35.3722273246648","ROAD_ADDR","A","전라북도 순창군 순창6길 28-0 (순창읍)","1"
"52","전북특별자치도","71","스마일시니어 부안의료기","전라북도 부안군 번영로 81-3 (부안읍)","063-584-3326","전동휠체어(가군, 나군) | 의료용 스쿠터 | 보청기 | 욕창예방방석 | 욕창예방매트리스 | 이동식전동리프트 | 수동휠체어","전북특별자치도 부안군 부안읍 번영로 81-3","전북특별자치도 부안군 부안읍 서외리 432-14","56309","부안군","126.729235281196","35.726898123016","ROAD_ADDR","A","전라북도 부안군 번영로 81-3 (부안읍)","1"
"52","전북특별자치도","70","신기의료기 전주점","전북특별자치도 전주시 완산구 평화14길 27-19, 1층 (평화동2가)","063-902-1511","전동휠체어(가군, 나군) | 의료용 스쿠터 | 욕창예방방석 | 욕창예방매트리스 | 이동식전동리프트 | 전방보행차 | 수동휠체어","전북특별자치도 전주시 완산구 평화14길 27-19","전북특별자치도 전주시 완산구 평화동2가 857-3","55123","전주시 완산구","127.13372051439","35.7918623791147","ROAD_ADDR","A","전북특별자치도 전주시 완산구 평화14길 27-19, 1층 (평화동2가)","1"
"52","전북특별자치도","69","신기의료기(군산점)","전북특별자치도 군산시 문화로 27, 1층 (문화동, 빵사랑도너츠)","063-445-9073","전동휠체어(가군, 나군) | 의료용 스쿠터 | 욕창예방방석 | 욕창예방매트리스 | 이동식전동리프트 | 전방보행차 | 수동휠체어","전북특별자치도 군산시 문화로 27","전북특별자치도 군산시 문화동 34-2","54123","군산시","126.708947136648","35.9699711214291","ROAD_ADDR","A","전북특별자치도 군산시 문화로 27, 1층 (문화동, 빵사랑도너츠)","1"
"52","전북특별자치도","68","신우메디팜","전북특별자치도 전주시 덕진구 건지로 10-2, 2층 (금암동)","010-3654-9779","전동휠체어(가군, 나군) | 의료용 스쿠터 | 욕창예방방석 | 욕창예방매트리스 | 이동식전동리프트 | 수동휠체어","전북특별자치도 전주시 덕진구 건지로 10-2","전북특별자치도 전주시 덕진구 금암동 1595-2","54907","전주시 덕진구","127.143074078891","35.8444273507268","ROAD_ADDR","A","전북특별자치도 전주시 덕진구 건지로 10-2, 2층 (금암동)","1"
"52","전북특별자치도","67","실버벨스복지용구","전라북도 전주시 덕진구 팔달로 357-23, 1층 (진북동)","063-276-1377","전동휠체어(가군, 나군) | 의료용 스쿠터 | 욕창예방방석 | 욕창예방매트리스 | 수동휠체어","전북특별자치도 전주시 덕진구 팔달로 357-23","전북특별자치도 전주시 덕진구 진북동 390-5","54936","전주시 덕진구","127.137020355087","35.8320264359711","ROAD_ADDR","A","전라북도 전주시 덕진구 팔달로 357-23, 1층 (진북동)","1"
"52","전북특별자치도","66","아주의료기","전라북도 익산시 서동로 164, 105호 (마동, 우림마동 그린맨션아파트)","063-857-5885","전동휠체어(가군, 나군) | 의료용 스쿠터 | 욕창예방방석 | 욕창예방매트리스 | 이동식전동리프트 | 전방보행차 | 후방보행차 | 수동휠체어","전북특별자치도 익산시 서동로 164","전북특별자치도 익산시 마동 70-1","54613","익산시","126.96925145262","35.936309395829","ROAD_ADDR","A","전라북도 익산시 서동로 164, 105호 (마동, 우림마동 그린맨션아파트)","1"
"52","전북특별자치도","65","어울림","전라북도 군산시 월명로 342, 101호 (서흥남동, 앗싸돈)","063-445-6012","전동휠체어(가군, 나군) | 의료용 스쿠터 | 욕창예방방석 | 욕창예방매트리스 | 전방보행차 | 후방보행차 | 수동휠체어","전북특별자치도 군산시 월명로 342","전북특별자치도 군산시 서흥남동 848-26","54041","군산시","126.715928027224","35.974477259774","ROAD_ADDR","A","전라북도 군산시 월명로 342, 101호 (서흥남동, 앗싸돈)","1"
"52","전북특별자치도","64","에버케어","전라북도 익산시 황등로 222-25 (황등면, (주)해올)","010-4449-6543","전동휠체어(가군, 나군) | 의료용 스쿠터 | 욕창예방방석 | 욕창예방매트리스","전북특별자치도 익산시 황등면 황등로 222-25","전북특별자치도 익산시 황등면 황등리 733","54533","익산시","126.943274529757","36.0120447103444","ROAD_ADDR","A","전라북도 익산시 황등로 222-25 (황등면, (주)해올)","1"
"52","전북특별자치도","63","연세물산","전라북도 전주시 완산구 팔달로 262-14 (서노송동)","063-287-8328","전동휠체어(가군, 나군) | 의료용 스쿠터 | 보청기 | 욕창예방방석 | 욕창예방매트리스 | 수동휠체어","전북특별자치도 전주시 완산구 팔달로 262-14","전북특별자치도 전주시 완산구 서노송동 686-12","54995","전주시 완산구","127.144751883039","35.8261701875681","ROAD_ADDR","A","전라북도 전주시 완산구 팔달로 262-14 (서노송동)","1"
"52","전북특별자치도","62","연세의료기","전라북도 고창군 화신1길 16 (고창읍, 이미지 메이킹)","063-563-1177","전동휠체어(가군, 나군) | 의료용 스쿠터 | 욕창예방방석 | 욕창예방매트리스 | 수동휠체어","전북특별자치도 고창군 고창읍 화신1길 16","전북특별자치도 고창군 고창읍 읍내리 620-3","56436","고창군","126.694174683568","35.4359727223701","ROAD_ADDR","A","전라북도 고창군 화신1길 16 (고창읍, 이미지 메이킹)","1"
"52","전북특별자치도","61","영전오토바이","전라북도 부안군 부안로 1141 (보안면)","063-582-3040","전동휠체어(가군, 나군) | 의료용 스쿠터","전북특별자치도 부안군 보안면 부안로 1141","전북특별자치도 부안군 보안면 영전리 532-20","56329","부안군","126.668329410835","35.6103578647556","ROAD_ADDR","A","전라북도 부안군 부안로 1141 (보안면)","1"
"52","전북특별자치도","60","예스의료기","전북특별자치도 전주시 덕진구 정언신로 171 로얄빌 101호, 1층 (우아동2가)","063-247-0708","의지·보조기(교정형신발 등) | 전동휠체어(가군, 나군) | 의료용 스쿠터 | 수동휠체어","전북특별자치도 전주시 덕진구 정언신로 171","전북특별자치도 전주시 덕진구 우아동2가 901-12","55022","전주시 덕진구","127.172052067697","35.831599349487","ROAD_ADDR","A","전북특별자치도 전주시 덕진구 정언신로 171 로얄빌 101호, 1층 (우아동2가)","1"
"52","전북특별자치도","59","우리들메디칼","전라북도 전주시 덕진구 반촌로 42 (인후동1가)","063-211-0032","전동휠체어(가군, 나군) | 의료용 스쿠터 | 수동휠체어","전북특별자치도 전주시 덕진구 반촌로 42","전북특별자치도 전주시 덕진구 인후동1가 719-5","55002","전주시 덕진구","127.146627665042","35.8307304457266","ROAD_ADDR","A","전라북도 전주시 덕진구 반촌로 42 (인후동1가)","1"
"52","전북특별자치도","58","우아의료기","전라북도 전주시 덕진구 견훤로 380 (우아동3가)","063-241-1244","전동휠체어(가군, 나군) | 의료용 스쿠터 | 욕창예방방석 | 욕창예방매트리스 | 이동식전동리프트 | 전방보행차 | 후방보행차 | 수동휠체어","전북특별자치도 전주시 덕진구 견훤로 380","전북특별자치도 전주시 덕진구 우아동3가 734-23","54910","전주시 덕진구","127.153488170715","35.8451436167884","ROAD_ADDR","A","전라북도 전주시 덕진구 견훤로 380 (우아동3가)","1"
"52","전북특별자치도","57","원광의료기","전라북도 익산시 중앙로 48 (갈산동)","063-852-8911","전동휠체어(가군, 나군) | 의료용 스쿠터 | 보청기 | 수동휠체어","전북특별자치도 익산시 중앙로 48","전북특별자치도 익산시 갈산동 20-6","54601","익산시","126.952048796809","35.9383502097037","ROAD_ADDR","A","전라북도 익산시 중앙로 48 (갈산동)","1"
"52","전북특별자치도","56","유한회사 황토나라","전라북도 군산시 의료원로 50, 101호 (지곡동)","063-463-9200","전동휠체어(가군, 나군) | 의료용 스쿠터 | 욕창예방방석 | 욕창예방매트리스 | 전방보행차 | 수동휠체어","전북특별자치도 군산시 의료원로 50","전북특별자치도 군산시 지곡동 524-1","54103","군산시","126.710270959825","35.9559001768436","ROAD_ADDR","A","전라북도 군산시 의료원로 50, 101호 (지곡동)","1"
"52","전북특별자치도","55","의뜸복지용구","전라북도 남원시 산성길 26 (향교동)","063-633-1535","전동휠체어(가군, 나군) | 의료용 스쿠터 | 욕창예방매트리스 | 이동식전동리프트 | 전방보행차 | 후방보행차 | 수동휠체어","전북특별자치도 남원시 산성길 26","전북특별자치도 남원시 향교동 702","55728","남원시","127.376310583055","35.4194339878816","ROAD_ADDR","A","전라북도 남원시 산성길 26 (향교동)","1"
"52","전북특별자치도","54","의료기박사","전라북도 익산시 무왕로 965 (신동)","063-842-3350","전동휠체어(가군, 나군) | 의료용 스쿠터","전북특별자치도 익산시 무왕로 965","전북특별자치도 익산시 신동 139-44","54543","익산시","126.965325614462","35.9614853163669","ROAD_ADDR","A","전라북도 익산시 무왕로 965 (신동)","1"
"52","전북특별자치도","53","이강아재활사","전북특별자치도 전주시 완산구 백제대로 378 (서신동)","063-286-0122","의지·보조기(교정형신발 등) | 전동휠체어(가군, 나군) | 의료용 스쿠터 | 자세보조용구 | 욕창예방방석 | 욕창예방매트리스 | 이동식전동리프트 | 전방보행차 | 후방보행차 | 수동휠체어","전북특별자치도 전주시 완산구 백제대로 378","전북특별자치도 전주시 완산구 서신동 997-8","54941","전주시 완산구","127.123047277137","35.8268534575532","ROAD_ADDR","A","전북특별자치도 전주시 완산구 백제대로 378 (서신동)","1"
"52","전북특별자치도","52","이루다모빌리티","전북특별자치도 익산시 선화로29길 4, 상가동 2호 (남중동, 거성아파트)","063-855-7400","전동휠체어(가군, 나군) | 의료용 스쿠터","전북특별자치도 익산시 선화로29길 4","전북특별자치도 익산시 남중동 233","54618","익산시","126.95169762276","35.9465055010511","ROAD_ADDR","A","전북특별자치도 익산시 선화로29길 4, 상가동 2호 (남중동, 거성아파트)","1"
"52","전북특별자치도","51","이원건강의료기 익산점","전라북도 익산시 익산대로 299-1, 1층 (남중동, 뽀뽀뽀몬테소리놀이방)","063-858-0917","전동휠체어(가군, 나군) | 의료용 스쿠터 | 보청기 | 욕창예방방석 | 욕창예방매트리스 | 이동식전동리프트 | 수동휠체어","전북특별자치도 익산시 익산대로 299-1","전북특별자치도 익산시 남중동 388-6","54616","익산시","126.951924085375","35.9526804465409","ROAD_ADDR","A","전라북도 익산시 익산대로 299-1, 1층 (남중동, 뽀뽀뽀몬테소리놀이방)","1"
"52","전북특별자치도","50","이원건강의료기 전북대병원점","전라북도 전주시 덕진구 건지2길 9 (금암동, 광명빌)","063-244-2277","전동휠체어(가군, 나군) | 의료용 스쿠터 | 보청기 | 욕창예방방석 | 욕창예방매트리스 | 이동식전동리프트 | 전방보행차 | 후방보행차 | 수동휠체어","전북특별자치도 전주시 덕진구 건지2길 9","전북특별자치도 전주시 덕진구 금암동 1592-13","54907","전주시 덕진구","127.141241649383","35.8441610341596","ROAD_ADDR","A","전라북도 전주시 덕진구 건지2길 9 (금암동, 광명빌)","1"
"52","전북특별자치도","49","이원의료기","전라북도 전주시 덕진구 벚꽃로 57 (진북동, 우성상가205-1호)","063-255-8283","전동휠체어(가군, 나군) | 의료용 스쿠터 | 욕창예방방석 | 욕창예방매트리스 | 이동식전동리프트 | 수동휠체어","전북특별자치도 전주시 덕진구 벚꽃로 57","전북특별자치도 전주시 덕진구 진북동 416","54937","전주시 덕진구","127.135746341302","35.8297326468396","ROAD_ADDR","A","전라북도 전주시 덕진구 벚꽃로 57 (진북동, 우성상가205-1호)","1"
"52","전북특별자치도","48","이음케어","전라북도 군산시 나포초교길 5-1 1층 101호 우측상가 (나포면, 옥곤식당)","063-442-0660","전동휠체어(가군, 나군) | 의료용 스쿠터 | 욕창예방방석 | 욕창예방매트리스 | 이동식전동리프트 | 수동휠체어","전북특별자치도 군산시 나포면 나포초교길 5-1","전북특별자치도 군산시 나포면 옥곤리 451-7","54048","군산시","126.831312877921","36.0305060006957","ROAD_ADDR","A","전라북도 군산시 나포초교길 5-1 1층 101호 우측상가 (나포면, 옥곤식당)","1"
"52","전북특별자치도","47","익산의료기","전라북도 익산시 무왕로 973-1, 2층 (신동)","063-855-5999","전동휠체어(가군, 나군) | 의료용 스쿠터 | 보청기 | 욕창예방방석 | 욕창예방매트리스 | 이동식전동리프트 | 수동휠체어","전북특별자치도 익산시 무왕로 973-1","전북특별자치도 익산시 신동 142-18","54543","익산시","126.965937640353","35.9609862049149","ROAD_ADDR","A","전라북도 익산시 무왕로 973-1, 2층 (신동)","1"
"52","전북특별자치도","46","일렉스타 전기자전거","전북특별자치도 익산시 평동로7길 77-1 (중앙동3가)","010-9949-4898","전동휠체어(가군, 나군) | 의료용 스쿠터 | 이동식전동리프트 | 수동휠체어","전북특별자치도 익산시 평동로7길 77-1","전북특별자치도 익산시 중앙동3가 26","54601","익산시","126.950284818608","35.9388898773735","ROAD_ADDR","A","전북특별자치도 익산시 평동로7길 77-1 (중앙동3가)","1"
"52","전북특별자치도","45","일한의료기","전라북도 전주시 덕진구 조경단로 114 (금암동)","063-251-0678","전동휠체어(가군, 나군) | 의료용 스쿠터 | 욕창예방방석 | 욕창예방매트리스 | 전방보행차 | 수동휠체어","전북특별자치도 전주시 덕진구 조경단로 114","전북특별자치도 전주시 덕진구 금암동 632-137","54907","전주시 덕진구","127.138575790858","35.8443145575565","ROAD_ADDR","A","전라북도 전주시 덕진구 조경단로 114 (금암동)","1"
"52","전북특별자치도","44","임실의료기","전라북도 임실군 관촌면 사선로 36","063-643-7749","전동휠체어(가군, 나군) | 의료용 스쿠터","전북특별자치도 임실군 관촌면 사선로 36","전북특별자치도 임실군 관촌면 관촌리 347-3","55910","임실군","127.270391302293","35.6737673242659","ROAD_ADDR","A","전라북도 임실군 관촌면 사선로 36","1"
"52","전북특별자치도","43","장수실버케어의료기","전라북도 순창군 장류로 387 (순창읍)","063-652-1322","전동휠체어(가군, 나군) | 의료용 스쿠터 | 수동휠체어","전북특별자치도 순창군 순창읍 장류로 387","전북특별자치도 순창군 순창읍 남계리 262-6","56034","순창군","127.144703378378","35.3762486950969","ROAD_ADDR","A","전라북도 순창군 장류로 387 (순창읍)","1"
"52","전북특별자치도","42","장수실버케어의료기","전라북도 순창군 장류로 387 (순창읍)","063-652-1322","전동휠체어(가군, 나군) | 의료용 스쿠터 | 수동휠체어","전북특별자치도 순창군 순창읍 장류로 387","전북특별자치도 순창군 순창읍 남계리 262-6","56034","순창군","127.144703378378","35.3762486950969","ROAD_ADDR","A","전라북도 순창군 장류로 387 (순창읍)","1"
"52","전북특별자치도","41","장수의료기","전라북도 장수군 시장로 11 (장수읍, 장수시장)","010-8626-3415","전동휠체어(가군, 나군) | 의료용 스쿠터 | 욕창예방방석 | 욕창예방매트리스 | 이동식전동리프트 | 전방보행차 | 후방보행차 | 수동휠체어","전북특별자치도 장수군 장수읍 시장로 11","전북특별자치도 장수군 장수읍 장수리 460-15","55632","장수군","127.517471511971","35.6491030793764","ROAD_ADDR","A","전라북도 장수군 시장로 11 (장수읍, 장수시장)","1"
"52","전북특별자치도","40","전동차나라","전라북도 무주군 시장윗길 6-4 (안성면)","063-323-5251","전동휠체어(가군, 나군) | 의료용 스쿠터","전북특별자치도 무주군 안성면 시장윗길 6-4","전북특별자치도 무주군 안성면 장기리 1332-3","55535","무주군","127.65401458848","35.8677112233411","ROAD_ADDR","A","전라북도 무주군 시장윗길 6-4 (안성면)","1"
"52","전북특별자치도","39","전라재활의료기","전라북도 익산시 무왕로 929, 1층 (신동)","063-851-6627","의지·보조기(교정형신발 등) | 전동휠체어(가군, 나군) | 의료용 스쿠터 | 자세보조용구 | 욕창예방방석 | 욕창예방매트리스 | 이동식전동리프트 | 전방보행차 | 후방보행차 | 수동휠체어","전북특별자치도 익산시 무왕로 929","전북특별자치도 익산시 신동 120-13","54539","익산시","126.961648487461","35.9629638524766","ROAD_ADDR","A","전라북도 익산시 무왕로 929, 1층 (신동)","1"
"52","전북특별자치도","38","전북의료기","전라북도 남원시 남문로 472-1 (쌍교동, 임실치즈피자, 전북의료기)","063-634-8989","전동휠체어(가군, 나군) | 의료용 스쿠터 | 욕창예방방석 | 욕창예방매트리스 | 이동식전동리프트 | 전방보행차 | 후방보행차 | 수동휠체어","전북특별자치도 남원시 남문로 472-1","전북특별자치도 남원시 쌍교동 87-5","55774","남원시","127.38305964456","35.4061114299953","ROAD_ADDR","A","전라북도 남원시 남문로 472-1 (쌍교동, 임실치즈피자, 전북의료기)","1"
"52","전북특별자치도","37","전북재활사","전라북도 전주시 덕진구 백제대로 607, 101호 (금암동, GM DAEWOO)","063-274-6627","의지·보조기(교정형신발 등) | 전동휠체어(가군, 나군) | 의료용 스쿠터 | 자세보조용구 | 욕창예방방석 | 욕창예방매트리스 | 이동식전동리프트 | 전방보행차 | 후방보행차 | 수동휠체어","전북특별자치도 전주시 덕진구 백제대로 607","전북특별자치도 전주시 덕진구 금암동 1548-19","54899","전주시 덕진구","127.135875796917","35.8419832059502","ROAD_ADDR","A","전라북도 전주시 덕진구 백제대로 607, 101호 (금암동, GM DAEWOO)","1"
"52","전북특별자치도","36","전북케어랜드","전라북도 익산시 서동로11길 13-1 (주현동)","063-853-4973","전동휠체어(가군, 나군) | 의료용 스쿠터 | 욕창예방방석 | 욕창예방매트리스 | 이동식전동리프트 | 전방보행차 | 후방보행차 | 수동휠체어","전북특별자치도 익산시 서동로11길 13-1","전북특별자치도 익산시 주현동 247-17","54605","익산시","126.960438826434","35.9344709822008","ROAD_ADDR","A","전라북도 익산시 서동로11길 13-1 (주현동)","1"
"52","전북특별자치도","35","전주보장구수리센터","전북특별자치도 전주시 완산구 꽃밭정5길 5-2, 1층 (평화동1가)","063-908-9005","전동휠체어(가군, 나군) | 의료용 스쿠터 | 욕창예방방석 | 욕창예방매트리스 | 이동식전동리프트 | 수동휠체어","전북특별자치도 전주시 완산구 꽃밭정5길 5-2","전북특별자치도 전주시 완산구 평화동1가 583-3","55106","전주시 완산구","127.136211437442","35.7974994220025","ROAD_ADDR","A","전북특별자치도 전주시 완산구 꽃밭정5길 5-2, 1층 (평화동1가)","1"
"52","전북특별자치도","34","전주의료기","전북특별자치도 전주시 덕진구 기린대로 550, 202호 (덕진동2가)","010-7766-0697","전동휠체어(가군, 나군) | 의료용 스쿠터 | 욕창예방방석 | 욕창예방매트리스 | 수동휠체어","전북특별자치도 전주시 덕진구 기린대로 550","전북특별자치도 전주시 덕진구 덕진동2가 206-1","54897","전주시 덕진구","127.119548062283","35.8468426488074","ROAD_ADDR","A","전북특별자치도 전주시 덕진구 기린대로 550, 202호 (덕진동2가)","1"
"52","전북특별자치도","33","정세의료기","전라북도 익산시 인북로 153 (남중동)","063-857-5898","전동휠체어(가군, 나군) | 의료용 스쿠터 | 보청기 | 욕창예방매트리스 | 수동휠체어","전북특별자치도 익산시 인북로 153","전북특별자치도 익산시 남중동 147-18","54594","익산시","126.954479346254","35.9426453068376","ROAD_ADDR","A","전라북도 익산시 인북로 153 (남중동)","1"
"52","전북특별자치도","32","정우건강의료기","전라북도 전주시 완산구 서원로 352 (중화산동1가)","063-285-7743","전동휠체어(가군, 나군) | 의료용 스쿠터 | 욕창예방방석 | 욕창예방매트리스 | 전방보행차 | 수동휠체어","전북특별자치도 전주시 완산구 서원로 352","전북특별자치도 전주시 완산구 중화산동1가 305-3","55046","전주시 완산구","127.13266860544","35.8132025613151","ROAD_ADDR","A","전라북도 전주시 완산구 서원로 352 (중화산동1가)","1"
"52","전북특별자치도","31","제일의료기상사","전라북도 정읍시 충정로 606-18 (용계동, 정읍백제약국)","063-538-2555","전동휠체어(가군, 나군) | 의료용 스쿠터 | 욕창예방방석 | 욕창예방매트리스 | 수동휠체어","전북특별자치도 정읍시 충정로 606-18","전북특별자치도 정읍시 용계동 357-2","56153","정읍시","126.823270201299","35.5878393040334","ROAD_ADDR","A","전라북도 정읍시 충정로 606-18 (용계동, 정읍백제약국)","1"
"52","전북특별자치도","30","조영식재활사","전라북도 전주시 완산구 천잠로 507, 1층 (효자동3가)","063-283-1742","의지·보조기(교정형신발 등) | 전동휠체어(가군, 나군) | 의료용 스쿠터 | 욕창예방방석 | 욕창예방매트리스 | 이동식전동리프트 | 전방보행차 | 후방보행차 | 수동휠체어","전북특별자치도 전주시 완산구 천잠로 507","전북특별자치도 전주시 완산구 효자동3가 977","54877","전주시 완산구","127.094619851713","35.829798556658","ROAD_ADDR","A","전라북도 전주시 완산구 천잠로 507, 1층 (효자동3가)","1"
"52","전북특별자치도","29","조은의료기","전북특별자치도 군산시 미장서로 122, 101호 (수송동)","063-446-6662","전동휠체어(가군, 나군) | 의료용 스쿠터 | 보청기 | 욕창예방방석 | 욕창예방매트리스 | 이동식전동리프트 | 전방보행차 | 후방보행차 | 수동휠체어","전북특별자치도 군산시 미장서로 122","전북특별자치도 군산시 수송동 7-70","54083","군산시","126.723527357058","35.9702264920909","ROAD_ADDR","A","전북특별자치도 군산시 미장서로 122, 101호 (수송동)","1"
"52","전북특별자치도","28","조은의료기","전라북도 익산시 고현로 22 (송학동, 신화상사)","063-854-7797","전동휠체어(가군, 나군) | 의료용 스쿠터 | 욕창예방방석 | 욕창예방매트리스 | 이동식전동리프트 | 수동휠체어","전북특별자치도 익산시 고현로 22","전북특별자치도 익산시 송학동 69-1","54663","익산시","126.941110888338","35.9390868848612","ROAD_ADDR","A","전라북도 익산시 고현로 22 (송학동, 신화상사)","1"
"52","전북특별자치도","27","주)디에스비","전라북도 익산시 무왕로 905 (신동)","063-841-6053","전동휠체어(가군, 나군) | 의료용 스쿠터 | 욕창예방방석 | 욕창예방매트리스 | 전방보행차 | 후방보행차 | 수동휠체어","전북특별자치도 익산시 무왕로 905","전북특별자치도 익산시 신동 219","54538","익산시","126.959040481029","35.9637666257147","ROAD_ADDR","A","전라북도 익산시 무왕로 905 (신동)","1"
"52","전북특별자치도","26","주식회사 제이에스 헬스케어 원광대점","전라북도 익산시 무왕로 913 제이에스 헬스케어 (신동)","063-842-8090","전동휠체어(가군, 나군) | 의료용 스쿠터 | 욕창예방방석 | 욕창예방매트리스 | 전방보행차 | 후방보행차 | 수동휠체어","전북특별자치도 익산시 무왕로 913","전북특별자치도 익산시 신동 221-6","54538","익산시","126.960022302195","35.9634344896604","ROAD_ADDR","A","전라북도 익산시 무왕로 913 제이에스 헬스케어 (신동)","1"
"52","전북특별자치도","25","참행복의료기기","전라북도 임실군 오수로 134-1 (오수면)","063-644-6611","전동휠체어(가군, 나군) | 의료용 스쿠터 | 욕창예방방석 | 욕창예방매트리스 | 이동식전동리프트 | 전방보행차 | 후방보행차 | 수동휠체어","전북특별자치도 임실군 오수면 오수로 134-1","전북특별자치도 임실군 오수면 오수리 337-1","55953","임실군","127.329850066518","35.5376188812403","ROAD_ADDR","A","전라북도 임실군 오수로 134-1 (오수면)","1"
"52","전북특별자치도","24","칠칠칠 복지용구","전라북도 전주시 완산구 용머리로 161 (효자동1가)","063-231-9944","전동휠체어(가군, 나군) | 의료용 스쿠터 | 욕창예방방석 | 욕창예방매트리스 | 이동식전동리프트 | 수동휠체어","전북특별자치도 전주시 완산구 용머리로 161","전북특별자치도 전주시 완산구 효자동1가 193-9","55049","전주시 완산구","127.127653808304","35.806310455137","ROAD_ADDR","A","전라북도 전주시 완산구 용머리로 161 (효자동1가)","1"
"52","전북특별자치도","23","케어메디칼","전라북도 전주시 덕진구 동부대로 697-1 (우아동3가)","063-284-1117","전동휠체어(가군, 나군) | 의료용 스쿠터 | 욕창예방방석 | 욕창예방매트리스 | 이동식전동리프트 | 수동휠체어","전북특별자치도 전주시 덕진구 동부대로 697-1","전북특별자치도 전주시 덕진구 우아동3가 744-169","54908","전주시 덕진구","127.159415945492","35.8508053374378","ROAD_ADDR","A","전라북도 전주시 덕진구 동부대로 697-1 (우아동3가)","1"
"52","전북특별자치도","22","통합의수족보조기제작소","전라북도 전주시 덕진구 기린대로 374 (금암동)","063-271-6585","의지·보조기(교정형신발 등) | 전동휠체어(가군, 나군) | 의료용 스쿠터 | 욕창예방방석 | 욕창예방매트리스 | 이동식전동리프트 | 수동휠체어","전북특별자치도 전주시 덕진구 기린대로 374","전북특별자치도 전주시 덕진구 금암동 470-16","54931","전주시 덕진구","127.134201651119","35.8364771440185","ROAD_ADDR","A","전라북도 전주시 덕진구 기린대로 374 (금암동)","1"
"52","전북특별자치도","21","평화의료기","전라북도 전주시 완산구 장승배기로 203 (평화동1가)","063-236-6203","전동휠체어(가군, 나군) | 의료용 스쿠터 | 욕창예방방석 | 욕창예방매트리스 | 이동식전동리프트 | 전방보행차 | 후방보행차 | 수동휠체어","전북특별자치도 전주시 완산구 장승배기로 203","전북특별자치도 전주시 완산구 평화동1가 558-1","55106","전주시 완산구","127.13477929254","35.7966027465652","ROAD_ADDR","A","전라북도 전주시 완산구 장승배기로 203 (평화동1가)","1"
"52","전북특별자치도","20","푸른 의수족 의료기","전라북도 전주시 완산구 반촌로 19-2 (서노송동)","063-291-1147","전동휠체어(가군, 나군) | 의료용 스쿠터 | 수동휠체어","전북특별자치도 전주시 완산구 반촌로 19-2","전북특별자치도 전주시 완산구 서노송동 673-12","55003","전주시 완산구","127.145954951046","35.8288339352245","ROAD_ADDR","A","전라북도 전주시 완산구 반촌로 19-2 (서노송동)","1"
"52","전북특별자치도","19","푸른의수족","전라북도 익산시 왕궁로 146 (왕궁면, 현대공업사)","063-291-1147","의지·보조기(교정형신발 등) | 전동휠체어(가군, 나군) | 의료용 스쿠터 | 자세보조용구 | 욕창예방방석 | 욕창예방매트리스 | 이동식전동리프트 | 수동휠체어","전북특별자치도 익산시 왕궁면 왕궁로 146","전북특별자치도 익산시 왕궁면 온수리 21-175","54577","익산시","127.078628342544","35.9332671566275","ROAD_ADDR","A","전라북도 익산시 왕궁로 146 (왕궁면, 현대공업사)","1"
"52","전북특별자치도","18","푸른의수족의료기","전라북도 전주시 덕진구 거북바우로 76, 1층 3호 (인후동2가)","063-273-1147","전동휠체어(가군, 나군) | 의료용 스쿠터 | 욕창예방방석 | 욕창예방매트리스 | 이동식전동리프트 | 전방보행차 | 수동휠체어","전북특별자치도 전주시 덕진구 거북바우로 76","전북특별자치도 전주시 덕진구 인후동2가 1522-26","54927","전주시 덕진구","127.144757864875","35.8404317762268","ROAD_ADDR","A","전라북도 전주시 덕진구 거북바우로 76, 1층 3호 (인후동2가)","1"
"52","전북특별자치도","17","하나의료기","전라북도 정읍시 상동중앙로 83 (상동)","063-531-4688","전동휠체어(가군, 나군) | 의료용 스쿠터 | 욕창예방방석 | 욕창예방매트리스 | 전방보행차 | 후방보행차 | 수동휠체어","전북특별자치도 정읍시 상동중앙로 83","전북특별자치도 정읍시 상동 132-2","56189","정읍시","126.870203487092","35.5638179570584","ROAD_ADDR","A","전라북도 정읍시 상동중앙로 83 (상동)","1"
"52","전북특별자치도","16","하나재가복지센터","전라북도 익산시 와리2길 5-2, 1층 (함열읍, 가정상회)","063-862-1309","전동휠체어(가군, 나군) | 욕창예방방석 | 욕창예방매트리스 | 전방보행차 | 후방보행차 | 수동휠체어","전북특별자치도 익산시 함열읍 와리2길 5-2","전북특별자치도 익산시 함열읍 와리 544-32","54511","익산시","126.958371804616","36.0812048177322","ROAD_ADDR","A","전라북도 익산시 와리2길 5-2, 1층 (함열읍, 가정상회)","1"
"52","전북특별자치도","15","한국의료기종합상사","전라북도 남원시 고샘길 13 (금동, 송남식당)","063-632-8899","전동휠체어(가군, 나군) | 의료용 스쿠터 | 보청기 | 욕창예방방석 | 욕창예방매트리스 | 이동식전동리프트 | 전방보행차 | 후방보행차","전북특별자치도 남원시 고샘길 13","전북특별자치도 남원시 금동 197-4","55769","남원시","127.37689232902","35.4051388420329","ROAD_ADDR","A","전라북도 남원시 고샘길 13 (금동, 송남식당)","1"
"52","전북특별자치도","14","한마음의료기","전라북도 전주시 덕진구 백제대로 671 (금암동)","063-255-1390","전동휠체어(가군, 나군) | 의료용 스쿠터 | 보청기 | 욕창예방매트리스 | 이동식전동리프트 | 전방보행차 | 후방보행차 | 수동휠체어","전북특별자치도 전주시 덕진구 백제대로 671","전북특별자치도 전주시 덕진구 금암동 1593-4","54907","전주시 덕진구","127.142644700808","35.8440549213027","ROAD_ADDR","A","전라북도 전주시 덕진구 백제대로 671 (금암동)","1"
"52","전북특별자치도","13","한빛의료기","전라북도 군산시 진포로 249 (경암동)","063-443-2654","전동휠체어(가군, 나군) | 의료용 스쿠터 | 수동휠체어","전북특별자치도 군산시 진포로 249","전북특별자치도 군산시 경암동 637-12","54034","군산시","126.732717190918","35.9809029679577","ROAD_ADDR","A","전라북도 군산시 진포로 249 (경암동)","1"
"52","전북특별자치도","12","한서의료기","전라북도 김제시 동서로 154 (요촌동)","063-548-3882","전동휠체어(가군, 나군) | 의료용 스쿠터 | 보청기 | 수동휠체어","전북특별자치도 김제시 동서로 154","전북특별자치도 김제시 요촌동 156-14","54408","김제시","126.885784493217","35.7985541852315","ROAD_ADDR","A","전라북도 김제시 동서로 154 (요촌동)","1"
"52","전북특별자치도","11","행복의료기","전북특별자치도 남원시 비석길 79, 1층 (죽항동)","063-635-6976","전동휠체어(가군, 나군) | 의료용 스쿠터 | 욕창예방방석 | 욕창예방매트리스 | 수동휠체어","전북특별자치도 남원시 비석길 79","전북특별자치도 남원시 죽항동 211","55771","남원시","127.3842364657","35.4078446183602","ROAD_ADDR","A","전북특별자치도 남원시 비석길 79, 1층 (죽항동)","1"
"52","전북특별자치도","10","현대의료기","전라북도 장수군 장계면 한들로 91","063-352-1167","전동휠체어(가군, 나군) | 의료용 스쿠터 | 보청기 | 욕창예방방석 | 욕창예방매트리스 | 이동식전동리프트 | 전방보행차 | 후방보행차 | 수동휠체어","전북특별자치도 장수군 장계면 한들로 91","전북특별자치도 장수군 장계면 장계리 298-3","55612","장수군","127.581850653854","35.7313886091103","ROAD_ADDR","A","전라북도 장수군 장계면 한들로 91","1"
"52","전북특별자치도","9","현대의료기","전라북도 무주군 안성로 277 (안성면)","010-9313-0056","전동휠체어(가군, 나군) | 의료용 스쿠터 | 보청기","전북특별자치도 무주군 안성면 안성로 277","전북특별자치도 무주군 안성면 장기리 1511-41","55535","무주군","127.654057205293","35.8661872729276","ROAD_ADDR","A","전라북도 무주군 안성로 277 (안성면)","1"
"52","전북특별자치도","8","현대의료기상사","전라북도 정읍시 충정로 606-17 (용계동)","063-533-1110","전동휠체어(가군, 나군) | 의료용 스쿠터 | 보청기 | 욕창예방방석 | 욕창예방매트리스 | 이동식전동리프트 | 전방보행차 | 후방보행차 | 수동휠체어","전북특별자치도 정읍시 충정로 606-17","전북특별자치도 정읍시 용계동 312","56153","정읍시","126.822882630123","35.5879687017589","ROAD_ADDR","A","전라북도 정읍시 충정로 606-17 (용계동)","1"
"52","전북특별자치도","7","호은의료기","전라북도 익산시 인북로 335, 1층 (신동)","063-852-2958","전동휠체어(가군, 나군) | 의료용 스쿠터 | 욕창예방방석 | 욕창예방매트리스 | 전방보행차 | 수동휠체어","전북특별자치도 익산시 인북로 335","전북특별자치도 익산시 신동 817-29","54647","익산시","126.960865426183","35.9581709874483","ROAD_ADDR","A","전라북도 익산시 인북로 335, 1층 (신동)","1"
"52","전북특별자치도","6","화성 메디케어","전북특별자치도 전주시 덕진구 동부대로 675, 102호 (우아동3가)","063-246-2079","의지·보조기(교정형신발 등) | 전동휠체어(가군, 나군) | 의료용 스쿠터 | 전방보행차 | 후방보행차 | 수동휠체어","전북특별자치도 전주시 덕진구 동부대로 675","전북특별자치도 전주시 덕진구 우아동3가 752-57","54910","전주시 덕진구","127.160439197939","35.8487928244472","ROAD_ADDR","A","전북특별자치도 전주시 덕진구 동부대로 675, 102호 (우아동3가)","1"
"52","전북특별자치도","5","황토나라 의료기","전라북도 익산시 인북로 234 (남중동, 큰사랑편의점)","063-842-5355","전동휠체어(가군, 나군) | 의료용 스쿠터 | 수동휠체어","전북특별자치도 익산시 인북로 234","전북특별자치도 익산시 남중동 60-70","54622","익산시","126.957623784397","35.9493021290667","ROAD_ADDR","A","전라북도 익산시 인북로 234 (남중동, 큰사랑편의점)","1"
"52","전북특별자치도","4","황토나라의료기","전라북도 김제시 남북로 176 (요촌동)","063-542-9393","전동휠체어(가군, 나군) | 의료용 스쿠터 | 수동휠체어","전북특별자치도 김제시 남북로 176","전북특별자치도 김제시 요촌동 199-11","54390","김제시","126.884875349152","35.7996261821364","ROAD_ADDR","A","전라북도 김제시 남북로 176 (요촌동)","1"
"52","전북특별자치도","3","휠플러스","전라북도 전주시 덕진구 건산로 185, 1층 (인후동1가)","063-246-5505","전동휠체어(가군, 나군) | 의료용 스쿠터 | 욕창예방방석 | 욕창예방매트리스 | 이동식전동리프트 | 전방보행차 | 후방보행차 | 수동휠체어","전북특별자치도 전주시 덕진구 건산로 185","전북특별자치도 전주시 덕진구 인후동1가 448-35","55008","전주시 덕진구","127.157439341717","35.833759596607","ROAD_ADDR","A","전라북도 전주시 덕진구 건산로 185, 1층 (인후동1가)","1"
"52","전북특별자치도","2","희망숲","전라북도 전주시 덕진구 백제대로 686, 303-1호 (인후동2가)","070-4122-9233","전동휠체어(가군, 나군) | 의료용 스쿠터 | 욕창예방방석 | 욕창예방매트리스 | 이동식전동리프트 | 전방보행차 | 후방보행차 | 수동휠체어","전북특별자치도 전주시 덕진구 백제대로 686","전북특별자치도 전주시 덕진구 인후동2가 1529-1","54917","전주시 덕진구","127.144187555529","35.8437672916244","ROAD_ADDR","A","전라북도 전주시 덕진구 백제대로 686","2"
"52","전북특별자치도","1","희망의료기","전라북도 익산시 무왕로 922 (신동)","063-841-1144","전동휠체어(가군, 나군) | 의료용 스쿠터 | 욕창예방방석 | 욕창예방매트리스 | 전방보행차 | 후방보행차 | 수동휠체어","전북특별자치도 익산시 무왕로 922","전북특별자치도 익산시 신동 765-10","54646","익산시","126.96065044365","35.9627264133187","ROAD_ADDR","A","전라북도 익산시 무왕로 922 (신동)","1"
